date,hicp_liquid_fuels
1996-01-01,29.99
1996-02-01,30.6
1996-03-01,30.72
1996-04-01,31.52
1996-05-01,30.37
1996-06-01,29.89
1996-07-01,30.2
1996-08-01,30.28
1996-09-01,32.79
1996-10-01,34.85
1996-11-01,33.75
1996-12-01,34.12
1997-01-01,35.49
1997-02-01,33.97
1997-03-01,32.17
1997-04-01,31.9
1997-05-01,32.07
1997-06-01,31.78
1997-07-01,31.7
1997-08-01,32.7
1997-09-01,32.14
1997-10-01,33.11
1997-11-01,33.15
1997-12-01,32.73
1998-01-01,31.36
1998-02-01,30.89
1998-03-01,29.99
1998-04-01,30.35
1998-05-01,29.95
1998-06-01,28.95
1998-07-01,28.67
1998-08-01,28.12
1998-09-01,28.19
1998-10-01,28.29
1998-11-01,27.88
1998-12-01,27.26
1999-01-01,27.36
1999-02-01,27.08
1999-03-01,28.65
1999-04-01,30.2
1999-05-01,30.12
1999-06-01,29.8
1999-07-01,31.68
1999-08-01,32.48
1999-09-01,34.0
1999-10-01,34.37
1999-11-01,35.15
1999-12-01,37.48
2000-01-01,37.96
2000-02-01,39.25
2000-03-01,40.69
2000-04-01,39.06
2000-05-01,40.45
2000-06-01,40.91
2000-07-01,41.97
2000-08-01,43.55
2000-09-01,51.8
2000-10-01,49.93
2000-11-01,49.37
2000-12-01,47.29
2001-01-01,42.13
2001-02-01,42.36
2001-03-01,41.76
2001-04-01,42.11
2001-05-01,42.75
2001-06-01,43.88
2001-07-01,43.08
2001-08-01,42.64
2001-09-01,43.94
2001-10-01,41.85
2001-11-01,40.2
2001-12-01,38.2
2002-01-01,38.44
2002-02-01,38.27
2002-03-01,39.4
2002-04-01,40.79
2002-05-01,40.5
2002-06-01,39.3
2002-07-01,39.4
2002-08-01,39.87
2002-09-01,41.43
2002-10-01,42.08
2002-11-01,39.92
2002-12-01,41.24
2003-01-01,43.05
2003-02-01,45.41
2003-03-01,47.47
2003-04-01,41.42
2003-05-01,39.09
2003-06-01,39.09
2003-07-01,39.54
2003-08-01,40.17
2003-09-01,40.0
2003-10-01,41.11
2003-11-01,41.28
2003-12-01,40.73
2004-01-01,41.37
2004-02-01,39.99
2004-03-01,41.84
2004-04-01,42.54
2004-05-01,44.38
2004-06-01,43.95
2004-07-01,44.82
2004-08-01,47.3
2004-09-01,47.94
2004-10-01,53.13
2004-11-01,50.96
2004-12-01,49.01
2005-01-01,48.26
2005-02-01,49.33
2005-03-01,53.63
2005-04-01,55.09
2005-05-01,53.26
2005-06-01,56.98
2005-07-01,59.68
2005-08-01,61.06
2005-09-01,64.27
2005-10-01,64.93
2005-11-01,61.83
2005-12-01,61.23
2006-01-01,61.86
2006-02-01,62.79
2006-03-01,63.57
2006-04-01,65.5
2006-05-01,66.15
2006-06-01,65.82
2006-07-01,66.56
2006-08-01,67.06
2006-09-01,64.89
2006-10-01,62.69
2006-11-01,61.05
2006-12-01,60.63
2007-01-01,58.24
2007-02-01,59.13
2007-03-01,59.81
2007-04-01,61.85
2007-05-01,61.8
2007-06-01,62.64
2007-07-01,63.89
2007-08-01,63.75
2007-09-01,65.63
2007-10-01,66.48
2007-11-01,72.52
2007-12-01,72.39
2008-01-01,72.93
2008-02-01,73.7
2008-03-01,77.76
2008-04-01,79.7
2008-05-01,86.47
2008-06-01,90.99
2008-07-01,92.18
2008-08-01,85.64
2008-09-01,84.05
2008-10-01,78.79
2008-11-01,71.38
2008-12-01,61.64
2009-01-01,61.18
2009-02-01,59.25
2009-03-01,56.09
2009-04-01,57.84
2009-05-01,57.91
2009-06-01,60.82
2009-07-01,59.22
2009-08-01,61.74
2009-09-01,60.12
2009-10-01,61.78
2009-11-01,63.07
2009-12-01,62.31
2010-01-01,65.43
2010-02-01,64.57
2010-03-01,67.89
2010-04-01,70.84
2010-05-01,72.2
2010-06-01,71.77
2010-07-01,70.37
2010-08-01,70.12
2010-09-01,70.83
2010-10-01,71.61
2010-11-01,72.72
2010-12-01,76.36
2011-01-01,79.25
2011-02-01,81.55
2011-03-01,86.52
2011-04-01,87.73
2011-05-01,84.8
2011-06-01,84.8
2011-07-01,85.53
2011-08-01,84.59
2011-09-01,86.27
2011-10-01,87.43
2011-11-01,90.43
2011-12-01,89.97
2012-01-01,92.66
2012-02-01,94.85
2012-03-01,95.86
2012-04-01,95.08
2012-05-01,93.49
2012-06-01,90.35
2012-07-01,91.74
2012-08-01,95.38
2012-09-01,96.46
2012-10-01,98.62
2012-11-01,96.96
2012-12-01,94.93
2013-01-01,95.03
2013-02-01,96.95
2013-03-01,95.15
2013-04-01,92.99
2013-05-01,91.31
2013-06-01,91.17
2013-07-01,92.81
2013-08-01,92.69
2013-09-01,94.7
2013-10-01,92.69
2013-11-01,91.24
2013-12-01,91.93
2014-01-01,90.83
2014-02-01,90.97
2014-03-01,89.82
2014-04-01,89.62
2014-05-01,89.57
2014-06-01,89.84
2014-07-01,89.54
2014-08-01,89.42
2014-09-01,89.37
2014-10-01,84.78
2014-11-01,83.11
2014-12-01,76.03
2015-01-01,68.95
2015-02-01,73.68
2015-03-01,75.05
2015-04-01,74.39
2015-05-01,76.24
2015-06-01,74.79
2015-07-01,71.91
2015-08-01,67.72
2015-09-01,67.03
2015-10-01,65.44
2015-11-01,64.67
2015-12-01,59.33
2016-01-01,53.52
2016-02-01,52.42
2016-03-01,55.13
2016-04-01,55.07
2016-05-01,58.28
2016-06-01,60.8
2016-07-01,59.09
2016-08-01,57.16
2016-09-01,58.49
2016-10-01,62.31
2016-11-01,61.18
2016-12-01,65.01
2017-01-01,67.63
2017-02-01,68.13
2017-03-01,66.61
2017-04-01,66.72
2017-05-01,64.3
2017-06-01,62.5
2017-07-01,61.99
2017-08-01,62.98
2017-09-01,64.82
2017-10-01,66.27
2017-11-01,68.7
2017-12-01,69.45
2018-01-01,72.41
2018-02-01,70.31
2018-03-01,70.42
2018-04-01,72.69
2018-05-01,76.41
2018-06-01,77.38
2018-07-01,77.18
2018-08-01,77.92
2018-09-01,81.89
2018-10-01,86.19
2018-11-01,87.53
2018-12-01,79.05
2019-01-01,76.4
2019-02-01,78.11
2019-03-01,79.29
2019-04-01,80.09
2019-05-01,81.38
2019-06-01,77.8
2019-07-01,78.33
2019-08-01,77.55
2019-09-01,78.91
2019-10-01,79.14
2019-11-01,77.9
2019-12-01,78.06
2020-01-01,78.78
2020-02-01,73.95
2020-03-01,67.93
2020-04-01,62.64
2020-05-01,58.87
2020-06-01,60.26
2020-07-01,60.3
2020-08-01,59.06
2020-09-01,56.77
2020-10-01,56.6
2020-11-01,56.58
2020-12-01,60.64
2021-01-01,65.02
2021-02-01,67.79
2021-03-01,71.04
2021-04-01,69.99
2021-05-01,71.74
2021-06-01,73.51
2021-07-01,75.79
2021-08-01,74.89
2021-09-01,76.96
2021-10-01,86.53
2021-11-01,88.83
2021-12-01,85.21
2022-01-01,90.21
2022-02-01,96.74
2022-03-01,134.31
2022-04-01,124.41
2022-05-01,127.3
2022-06-01,138.53
2022-07-01,138.89
2022-08-01,134.43
2022-09-01,138.35
2022-10-01,144.54
2022-11-01,134.61
2022-12-01,121.74
2023-01-01,122.19
2023-02-01,117.11
2023-03-01,115.9
2023-04-01,113.22
2023-05-01,105.36
2023-06-01,105.21
2023-07-01,105.54
2023-08-01,117.08
2023-09-01,121.19
2023-10-01,121.41
2023-11-01,116.78
2023-12-01,111.17
2024-01-01,109.84
2024-02-01,113.83
2024-03-01,111.89
2024-04-01,112.78
2024-05-01,109.01
2024-06-01,108.0
2024-07-01,109.39
2024-08-01,106.16
2024-09-01,102.37
2024-10-01,102.65
2024-11-01,102.29
2024-12-01,102.64
2025-01-01,106.99
2025-02-01,106.84
2025-03-01,102.41
2025-04-01,98.63
2025-05-01,95.68
2025-06-01,97.49
2025-07-01,100.85
2025-08-01,98.03
2025-09-01,97.87
2025-10-01,97.29
2025-11-01,101.07
2025-12-01,96.86
2026-01-01,96.71
2026-02-01,99.13
2026-03-01,130.86
2026-04-01,145.76
2026-05-01,137.26
2026-06-01,126.46
2026-07-01,
