max_absolute_level_error,max_relative_level_error,level_argmax_row,level_argmax_col,level_argmax_time_fraction,level_argmax_date,level_argmax_variable,level_argmax_near_missing,max_absolute_difference_adjustment,max_relative_difference_adjustment,difference_argmax_row,difference_argmax_col,difference_argmax_time_fraction,difference_argmax_date,difference_argmax_variable,difference_argmax_near_missing,projection_mode,sweep
1.1368683772161603e-13,1.5090681591504264e-16,764,1,0.702851885924563,2020-05-18,crude_oil_eur,False,2.6290081223123707e-13,1.7173080685023367e-14,974,1,0.8960441582336707,2024-05-27,crude_oil_eur,False,record_only,0
9.2270511231618e-09,7.796701435310085e-12,859,2,0.7902483900643974,2022-03-14,refined_diesel_eur,False,9.23131437957636e-09,3.7397458531968107e-10,859,0,0.7902483900643974,2022-03-14,wob_heating_oil_pre_tax,False,record_only,1
1.559783413540572e-09,1.3971818619439831e-12,859,2,0.7902483900643974,2022-03-14,refined_diesel_eur,False,1.7236629901162814e-09,7.82863504827932e-11,859,1,0.7902483900643974,2022-03-14,crude_oil_eur,False,record_only,2
5.788933776784688e-10,4.803071035644808e-13,860,2,0.7911683532658693,2022-03-21,refined_diesel_eur,False,5.605897968052886e-10,2.5728137046279177e-11,861,1,0.7920883164673413,2022-03-28,crude_oil_eur,False,record_only,3
7.153175829444081e-10,6.082181190945639e-13,1071,2,0.985280588776449,2026-04-06,refined_diesel_eur,False,7.127596290956717e-10,2.887497660283303e-11,1071,0,0.985280588776449,2026-04-06,wob_heating_oil_pre_tax,False,record_only,4
1.3324097380973399e-09,1.149958890751386e-12,859,2,0.7902483900643974,2022-03-14,refined_diesel_eur,False,1.3340581972443033e-09,5.4044726524594335e-11,859,0,0.7902483900643974,2022-03-14,wob_heating_oil_pre_tax,False,record_only,5
4.5986325858393684e-10,4.0837266044155123e-13,1067,2,0.9816007359705612,2026-03-09,refined_diesel_eur,False,4.6074433157627936e-10,1.868574287536251e-11,1067,1,0.9816007359705612,2026-03-09,crude_oil_eur,False,record_only,6
3.751324584300164e-09,3.203691339149989e-12,858,1,0.7893284268629255,2022-03-07,crude_oil_eur,False,3.749846655409783e-09,1.519119911105901e-10,858,0,0.7893284268629255,2022-03-07,wob_heating_oil_pre_tax,False,record_only,7
2.614115146570839e-09,2.414509054640682e-12,1071,1,0.985280588776449,2026-04-06,crude_oil_eur,False,2.618264716147678e-09,1.1460455395150345e-10,1071,1,0.985280588776449,2026-04-06,crude_oil_eur,False,record_only,8
5.78552317165304e-09,5.101857632455761e-12,964,1,0.8868445262189513,2024-03-18,crude_oil_eur,False,9.26428356251563e-09,3.753102170630133e-10,859,0,0.7902483900643974,2022-03-14,wob_heating_oil_pre_tax,False,record_only,9
2.1902906155446544e-09,2.1420317078244812e-12,859,1,0.7902483900643974,2022-03-14,crude_oil_eur,False,2.1293544705258682e-09,9.569699211729272e-11,858,1,0.7893284268629255,2022-03-07,crude_oil_eur,False,record_only,10
2.287492861796636e-09,2.2576866915417696e-12,858,1,0.7893284268629255,2022-03-07,crude_oil_eur,False,2.2892834294907516e-09,1.0699687920803809e-10,858,1,0.7893284268629255,2022-03-07,crude_oil_eur,False,record_only,11
4.304183676140383e-10,4.870064763210256e-13,859,1,0.7902483900643974,2022-03-14,crude_oil_eur,False,4.390585672808811e-10,2.3343941011175098e-11,859,1,0.7902483900643974,2022-03-14,crude_oil_eur,False,record_only,12
8.792540029389784e-10,2.7351558570969648e-12,859,1,0.7902483900643974,2022-03-14,crude_oil_eur,False,8.799929673841689e-10,1.3239586554118766e-10,859,1,0.7902483900643974,2022-03-14,crude_oil_eur,False,record_only,13
8.113261174003128e-09,8.060959204370648e-12,858,1,0.7893284268629255,2022-03-07,crude_oil_eur,False,8.110873750410974e-09,3.820895965213133e-10,858,1,0.7893284268629255,2022-03-07,crude_oil_eur,False,record_only,14
1.398120730300434e-09,1.9075828786188706e-12,859,1,0.7902483900643974,2022-03-14,crude_oil_eur,False,1.4019860827829689e-09,9.220370128794755e-11,859,1,0.7902483900643974,2022-03-14,crude_oil_eur,False,record_only,15
2.4014070731936954e-09,2.4619541575643712e-12,243,1,0.22355105795768168,2010-05-24,crude_oil_eur,False,2.4029702672123676e-09,1.1663956401267872e-10,243,1,0.22355105795768168,2010-05-24,crude_oil_eur,False,record_only,16
2.4676864995853975e-09,2.428513207157598e-12,1071,1,0.985280588776449,2026-04-06,crude_oil_eur,False,2.5368365186295705e-09,1.176928462946935e-10,1072,1,0.9862005519779209,2026-04-13,crude_oil_eur,False,record_only,17
1.1069687388953753e-09,1.1204529268060085e-12,1030,1,0.9475620975160993,2025-06-23,crude_oil_eur,False,1.6335519603671855e-09,1.3916140255944405e-10,1031,2,0.9484820607175714,2025-06-30,refined_diesel_eur,False,record_only,18
2.530669007683173e-10,2.5122966713536297e-13,859,1,0.7902483900643974,2022-03-14,crude_oil_eur,False,2.5147528504021466e-10,1.2026880839744699e-11,859,1,0.7902483900643974,2022-03-14,crude_oil_eur,False,record_only,19
5.543370207305998e-10,5.611922670248606e-13,489,1,0.44986200551977923,2015-02-09,crude_oil_eur,False,6.805862540204544e-10,3.147432139799085e-11,490,1,0.45078196872125115,2015-02-16,crude_oil_eur,False,record_only,20
5.675701686413959e-09,6.451206017641706e-12,859,1,0.7902483900643974,2022-03-14,crude_oil_eur,False,5.7586362345318776e-09,3.1054081802727756e-10,859,1,0.7902483900643974,2022-03-14,crude_oil_eur,False,record_only,21
2.1353685042413417e-08,2.2085997224609248e-11,300,1,0.27598896044158233,2011-06-27,crude_oil_eur,False,2.1353962154080364e-08,1.0471039084658152e-09,300,1,0.27598896044158233,2011-06-27,crude_oil_eur,False,record_only,22
1.373791747028008e-09,1.5962319360229548e-12,859,1,0.7902483900643974,2022-03-14,crude_oil_eur,False,1.4791226021770854e-09,7.710140791552658e-11,859,1,0.7902483900643974,2022-03-14,crude_oil_eur,False,record_only,23
8.332108336617239e-10,1.2375566159560817e-12,859,1,0.7902483900643974,2022-03-14,crude_oil_eur,False,8.340066415257752e-10,4.258637791874378e-11,365,1,0.3357865685372585,2012-09-24,crude_oil_eur,False,record_only,24
9.94532456388697e-10,9.881378306116991e-13,847,1,0.7792088316467342,2021-12-20,crude_oil_eur,False,9.956693247659132e-10,4.6906838801084247e-11,847,1,0.7792088316467342,2021-12-20,crude_oil_eur,False,record_only,25
2.212345862062648e-10,1.9762756612233981e-13,859,1,0.7902483900643974,2022-03-14,crude_oil_eur,False,3.327613740111701e-10,1.3480669354253494e-11,860,0,0.7911683532658693,2022-03-21,wob_heating_oil_pre_tax,False,record_only,26
8.79862227520789e-09,8.868793571327055e-12,724,1,0.6660533578656854,2019-08-12,crude_oil_eur,False,8.793776373750006e-09,4.205909278721071e-10,724,1,0.6660533578656854,2019-08-12,crude_oil_eur,False,record_only,27
4.875118975178339e-09,5.055378333153928e-12,859,1,0.7902483900643974,2022-03-14,crude_oil_eur,False,4.9222421694139484e-09,2.410449382201307e-10,859,1,0.7902483900643974,2022-03-14,crude_oil_eur,False,record_only,28
2.319211489520967e-10,3.183530188543739e-13,859,1,0.7902483900643974,2022-03-14,crude_oil_eur,False,2.3084112399374135e-10,2.2970426506275842e-11,860,1,0.7911683532658693,2022-03-21,crude_oil_eur,False,record_only,29
7.909193300292827e-10,7.815765809871887e-13,141,1,0.1297148114075437,2008-06-09,crude_oil_eur,False,7.902940524218138e-10,8.988891312061211e-11,142,1,0.13063477460901565,2008-06-16,crude_oil_eur,False,record_only,30
2.684032551769633e-09,2.6314526932001472e-12,858,1,0.7893284268629255,2022-03-07,crude_oil_eur,False,2.6839188649319112e-09,1.246737035931555e-10,858,1,0.7893284268629255,2022-03-07,crude_oil_eur,False,record_only,31
1.6605554264970124e-08,1.783730636661077e-11,859,1,0.7902483900643974,2022-03-14,crude_oil_eur,False,1.675226712904987e-08,8.690094019042375e-10,859,1,0.7902483900643974,2022-03-14,crude_oil_eur,False,record_only,32
9.13701114768628e-10,9.175134407634591e-13,858,1,0.7893284268629255,2022-03-07,crude_oil_eur,False,9.067662176676095e-10,4.727176676564099e-11,859,1,0.7902483900643974,2022-03-14,crude_oil_eur,False,record_only,33
4.734147296403535e-09,5.236828688610175e-12,859,1,0.7902483900643974,2022-03-14,crude_oil_eur,False,4.668663677875884e-09,2.4558364033617667e-10,859,1,0.7902483900643974,2022-03-14,crude_oil_eur,False,record_only,34
2.130036591552198e-09,2.3697199116770975e-12,859,1,0.7902483900643974,2022-03-14,crude_oil_eur,False,2.1689743334718514e-09,1.1408649935083858e-10,859,1,0.7902483900643974,2022-03-14,crude_oil_eur,False,record_only,35
4.301682565710507e-09,4.2864779247036025e-12,860,1,0.7911683532658693,2022-03-21,crude_oil_eur,False,3.595715725168702e-09,1.7537029960306632e-10,861,2,0.7920883164673413,2022-03-28,refined_diesel_eur,False,record_only,36
1.2834107110393234e-09,1.2951426569092617e-12,858,1,0.7893284268629255,2022-03-07,crude_oil_eur,False,1.2828422768507153e-09,6.13594172875885e-11,858,1,0.7893284268629255,2022-03-07,crude_oil_eur,False,record_only,37
2.1168489183764905e-09,2.1501203131575273e-12,847,1,0.7792088316467342,2021-12-20,crude_oil_eur,False,2.1168489183764905e-09,1.0195371784686957e-10,847,1,0.7792088316467342,2021-12-20,crude_oil_eur,False,record_only,38
4.248886398272589e-08,4.226091053247039e-11,859,1,0.7902483900643974,2022-03-14,crude_oil_eur,False,4.239205964040593e-08,1.9971262451841075e-09,859,1,0.7902483900643974,2022-03-14,crude_oil_eur,False,record_only,39
1.6156150195456576e-08,1.5741874683540856e-11,858,1,0.7893284268629255,2022-03-07,crude_oil_eur,False,1.6142053027579095e-08,7.463005849594601e-10,858,1,0.7893284268629255,2022-03-07,crude_oil_eur,False,record_only,40
1.5761997929075733e-08,1.432781745569054e-11,859,1,0.7902483900643974,2022-03-14,crude_oil_eur,False,1.4410204585146857e-08,6.389702617681211e-10,859,1,0.7902483900643974,2022-03-14,crude_oil_eur,False,record_only,41
6.034497346263379e-10,5.734459004771619e-13,859,1,0.7902483900643974,2022-03-14,crude_oil_eur,False,6.816662789788097e-10,2.7615337700069678e-11,860,0,0.7911683532658693,2022-03-21,wob_heating_oil_pre_tax,False,record_only,42
5.924562174186576e-09,5.850234713941641e-12,858,1,0.7893284268629255,2022-03-07,crude_oil_eur,False,5.931724444963038e-09,2.7731376908187154e-10,858,1,0.7893284268629255,2022-03-07,crude_oil_eur,False,record_only,43
5.762672117270995e-09,5.683512863718701e-12,858,1,0.7893284268629255,2022-03-07,crude_oil_eur,False,5.758010956924409e-09,2.695200526309851e-10,858,1,0.7893284268629255,2022-03-07,crude_oil_eur,False,record_only,44
8.158508535416331e-09,7.990696990880605e-12,858,1,0.7893284268629255,2022-03-07,crude_oil_eur,False,8.155097930284683e-09,3.7878950284967463e-10,858,1,0.7893284268629255,2022-03-07,crude_oil_eur,False,record_only,45
6.962636689422652e-09,6.726460049870744e-12,394,1,0.3624655013799448,2013-04-15,crude_oil_eur,False,6.96320512361126e-09,3.1896993846350987e-10,394,1,0.3624655013799448,2013-04-15,crude_oil_eur,False,record_only,46
3.294530870334711e-09,3.3180787056135913e-12,710,1,0.6531738730450782,2019-05-06,crude_oil_eur,False,3.294317707513983e-09,1.573562227718406e-10,710,1,0.6531738730450782,2019-05-06,crude_oil_eur,False,record_only,47
6.627828952332493e-09,6.779941425431035e-12,135,1,0.12419503219871206,2008-04-28,crude_oil_eur,False,6.624645720876288e-09,3.214371377219249e-10,135,1,0.12419503219871206,2008-04-28,crude_oil_eur,False,record_only,48
7.652590738871368e-08,7.902609664294676e-11,755,1,0.6945722171113156,2020-03-16,crude_oil_eur,False,7.652585054529482e-08,3.747300727937465e-09,755,1,0.6945722171113156,2020-03-16,crude_oil_eur,False,record_only,49
1.2992700249014888e-08,1.3447366728915814e-11,858,1,0.7893284268629255,2022-03-07,crude_oil_eur,False,1.2997134035686031e-08,6.375735178724059e-10,858,1,0.7893284268629255,2022-03-07,crude_oil_eur,False,record_only,50
4.0465351958118845e-08,4.1165447774379917e-11,858,1,0.7893284268629255,2022-03-07,crude_oil_eur,False,4.3448267206258606e-08,2.3233417926066404e-09,859,1,0.7902483900643974,2022-03-14,crude_oil_eur,False,record_only,51
2.158685674658045e-09,3.394799730824799e-12,859,1,0.7902483900643974,2022-03-14,crude_oil_eur,False,2.67397126663127e-09,1.8422708522870234e-10,859,1,0.7902483900643974,2022-03-14,crude_oil_eur,False,record_only,52
1.0530470717640128e-08,1.1383323663556227e-11,858,1,0.7893284268629255,2022-03-07,crude_oil_eur,False,1.053126652550418e-08,5.395266758813791e-10,858,1,0.7893284268629255,2022-03-07,crude_oil_eur,False,record_only,53
8.046754373935983e-09,8.331142767584941e-12,858,1,0.7893284268629255,2022-03-07,crude_oil_eur,False,8.045418553592754e-09,3.9514400002204517e-10,858,1,0.7893284268629255,2022-03-07,crude_oil_eur,False,record_only,54
1.4573402040696237e-08,1.4679611424951687e-11,858,1,0.7893284268629255,2022-03-07,crude_oil_eur,False,1.4576102103092126e-08,6.961623448094773e-10,858,1,0.7893284268629255,2022-03-07,crude_oil_eur,False,record_only,55
3.6441178963286802e-09,6.75350255128272e-12,859,1,0.7902483900643974,2022-03-14,crude_oil_eur,False,3.5987568480777554e-09,3.1748732916436953e-10,859,1,0.7902483900643974,2022-03-14,crude_oil_eur,False,record_only,56
1.179614628199488e-09,1.1806949277192936e-12,906,1,0.8334866605335787,2023-02-06,crude_oil_eur,False,1.1834799806820229e-09,5.5967069952491156e-11,906,1,0.8334866605335787,2023-02-06,crude_oil_eur,False,record_only,57
2.2350945982907433e-08,2.2707974757084686e-11,858,1,0.7893284268629255,2022-03-07,crude_oil_eur,False,2.234514795418363e-08,1.076763607671422e-09,858,1,0.7893284268629255,2022-03-07,crude_oil_eur,False,record_only,58
2.5333974917884916e-09,2.4771655646086077e-12,860,1,0.7911683532658693,2022-03-21,crude_oil_eur,False,2.3871962184784934e-09,1.954339514657372e-10,861,1,0.7920883164673413,2022-03-28,crude_oil_eur,False,record_only,59
9.007953849504702e-08,9.021076657403242e-11,859,1,0.7902483900643974,2022-03-14,crude_oil_eur,False,8.99739802662225e-08,4.269920505884439e-09,859,1,0.7902483900643974,2022-03-14,crude_oil_eur,False,record_only,60
1.9277308638265822e-09,1.8685281946600577e-12,648,1,0.5961361545538179,2018-02-26,crude_oil_eur,False,1.927162429637974e-09,8.855871491255134e-11,648,1,0.5961361545538179,2018-02-26,crude_oil_eur,False,record_only,61
2.0347670215414837e-09,2.0580067927229854e-12,164,1,0.15087396504139836,2008-11-17,crude_oil_eur,False,2.1193784505157964e-09,9.773772653869633e-11,164,1,0.15087396504139836,2008-11-17,crude_oil_eur,False,record_only,62
6.448317435570061e-10,8.186392949759232e-13,859,1,0.7902483900643974,2022-03-14,crude_oil_eur,False,6.450591172324494e-10,4.006829662037208e-11,860,2,0.7911683532658693,2022-03-21,refined_diesel_eur,False,record_only,63
1.0115854820469394e-09,1.1746586550826918e-12,859,1,0.7902483900643974,2022-03-14,crude_oil_eur,False,1.003400029730983e-09,7.645254353448629e-11,860,2,0.7911683532658693,2022-03-21,refined_diesel_eur,False,record_only,64
8.057895684032701e-09,1.0177034939857743e-11,859,1,0.7902483900643974,2022-03-14,crude_oil_eur,False,8.230529147112975e-09,4.902098814241633e-10,859,1,0.7902483900643974,2022-03-14,crude_oil_eur,False,record_only,65
3.1238869269145653e-09,3.4915008184631582e-12,859,1,0.7902483900643974,2022-03-14,crude_oil_eur,False,4.1000021155923605e-09,2.0281408289012597e-10,859,1,0.7902483900643974,2022-03-14,crude_oil_eur,False,record_only,66
4.167361566942418e-09,4.133579138818481e-12,515,1,0.47378104875804966,2015-08-10,crude_oil_eur,False,4.168157374806469e-09,1.960164051189709e-10,515,1,0.47378104875804966,2015-08-10,crude_oil_eur,False,record_only,67
5.510628398042172e-09,1.0632411347562975e-11,859,1,0.7902483900643974,2022-03-14,crude_oil_eur,False,2.2948938749323133e-08,1.5120436356779347e-09,860,2,0.7911683532658693,2022-03-21,refined_diesel_eur,False,record_only,68
8.062670531217009e-10,7.701076629776455e-13,401,1,0.3689052437902484,2013-06-03,crude_oil_eur,False,8.060681011556881e-10,3.651569389658802e-11,401,1,0.3689052437902484,2013-06-03,crude_oil_eur,False,record_only,69
6.803020369261503e-09,6.733824302487398e-12,859,1,0.7902483900643974,2022-03-14,crude_oil_eur,False,6.8133090280753095e-09,3.198543521187886e-10,859,1,0.7902483900643974,2022-03-14,crude_oil_eur,False,record_only,70
3.482227839413099e-09,3.4566111626236005e-12,859,1,0.7902483900643974,2022-03-14,crude_oil_eur,False,3.4787603908625897e-09,1.6418610006928007e-10,859,1,0.7902483900643974,2022-03-14,crude_oil_eur,False,record_only,71
1.5961177268764004e-08,1.5766019774087263e-11,859,1,0.7902483900643974,2022-03-14,crude_oil_eur,False,1.595310550328577e-08,7.480307728384762e-10,859,1,0.7902483900643974,2022-03-14,crude_oil_eur,False,record_only,72
1.4515421753458213e-08,1.4638202594664598e-11,858,1,0.7893284268629255,2022-03-07,crude_oil_eur,False,1.451655862183543e-08,6.935234147442121e-10,858,1,0.7893284268629255,2022-03-07,crude_oil_eur,False,record_only,73
5.882156983716413e-10,8.42422209164134e-13,859,1,0.7902483900643974,2022-03-14,crude_oil_eur,False,5.772449185315054e-10,3.739867646180964e-11,859,1,0.7902483900643974,2022-03-14,crude_oil_eur,False,record_only,74
1.1908127817150671e-08,1.185946484913137e-11,858,1,0.7893284268629255,2022-03-07,crude_oil_eur,False,1.1928364074265119e-08,5.628763412527826e-10,858,1,0.7893284268629255,2022-03-07,crude_oil_eur,False,record_only,75
1.7466845747549087e-09,1.816435161806185e-12,859,1,0.7902483900643974,2022-03-14,crude_oil_eur,False,1.4691181604575831e-09,7.366106741829356e-11,859,1,0.7902483900643974,2022-03-14,crude_oil_eur,False,record_only,76
7.749576980131678e-09,6.757124314864681e-12,859,1,0.7902483900643974,2022-03-14,crude_oil_eur,False,7.698758963670116e-09,3.203681134492822e-10,859,1,0.7902483900643974,2022-03-14,crude_oil_eur,False,record_only,77
2.0262405087123625e-09,1.947180827114978e-12,858,1,0.7893284268629255,2022-03-07,crude_oil_eur,False,2.0272068468329962e-09,9.206488555241028e-11,858,1,0.7893284268629255,2022-03-07,crude_oil_eur,False,record_only,78
2.5775079848244786e-09,2.555818197063528e-12,546,1,0.5022999080036799,2016-03-14,crude_oil_eur,False,3.053514774364885e-09,1.4842979854077113e-10,859,1,0.7902483900643974,2022-03-14,crude_oil_eur,False,record_only,79
1.2255441106390208e-09,1.182626534963006e-12,858,1,0.7893284268629255,2022-03-07,crude_oil_eur,False,2.8985169819861767e-09,3.5090829081251063e-10,861,1,0.7920883164673413,2022-03-28,crude_oil_eur,False,record_only,80
2.0332890926511027e-09,1.9573217651444687e-12,340,1,0.31278748850046,2012-04-02,crude_oil_eur,False,2.034568069575471e-09,9.286701152940658e-11,340,1,0.31278748850046,2012-04-02,crude_oil_eur,False,record_only,81
2.0600054995156825e-09,2.170764365574705e-12,859,1,0.7902483900643974,2022-03-14,crude_oil_eur,False,2.0409629541973118e-09,1.000847142323162e-10,859,1,0.7902483900643974,2022-03-14,crude_oil_eur,False,record_only,82
3.5386165109230205e-09,3.958346144177934e-12,859,1,0.7902483900643974,2022-03-14,crude_oil_eur,False,3.5291805033921264e-09,1.8796509245780912e-10,859,1,0.7902483900643974,2022-03-14,crude_oil_eur,False,record_only,83
1.9221033653593622e-08,1.9822757162241804e-11,859,1,0.7902483900643974,2022-03-14,crude_oil_eur,False,1.9224955849495018e-08,9.398197379288171e-10,859,1,0.7902483900643974,2022-03-14,crude_oil_eur,False,record_only,84
3.809986992564518e-09,3.643252712547325e-12,858,1,0.7893284268629255,2022-03-07,crude_oil_eur,False,3.805780579568818e-09,1.7260663396516987e-10,858,1,0.7893284268629255,2022-03-07,crude_oil_eur,False,record_only,85
4.382400220492855e-09,3.986475174664498e-12,523,1,0.48114075436982523,2015-10-05,crude_oil_eur,False,4.38591030160751e-09,1.8919582990690244e-10,523,1,0.48114075436982523,2015-10-05,crude_oil_eur,False,record_only,86
5.861693352926522e-10,1.0781990183497965e-12,859,1,0.7902483900643974,2022-03-14,crude_oil_eur,False,6.35715480257204e-10,5.5657954500160735e-11,859,1,0.7902483900643974,2022-03-14,crude_oil_eur,False,record_only,87
2.6557245291769505e-10,4.749339310478221e-13,859,1,0.7902483900643974,2022-03-14,crude_oil_eur,False,3.20653725793818e-10,2.5254446237383947e-11,859,1,0.7902483900643974,2022-03-14,crude_oil_eur,False,record_only,88
2.6711859391070902e-09,2.8065045996615967e-12,859,1,0.7902483900643974,2022-03-14,crude_oil_eur,False,3.940044734918047e-09,1.938296995117446e-10,859,1,0.7902483900643974,2022-03-14,crude_oil_eur,False,record_only,89
5.68491032026941e-10,5.468259381497484e-13,652,1,0.5998160073597056,2018-03-26,crude_oil_eur,False,5.689457793778274e-10,2.590559221335775e-11,652,1,0.5998160073597056,2018-03-26,crude_oil_eur,False,record_only,90
6.85554368828889e-09,6.70666107562269e-12,133,1,0.12235510579576817,2008-04-14,crude_oil_eur,False,6.855231049485155e-09,3.179853485042352e-10,133,1,0.12235510579576817,2008-04-14,crude_oil_eur,False,record_only,91
6.393747753463686e-10,1.1274550030644665e-12,859,1,0.7902483900643974,2022-03-14,crude_oil_eur,False,6.664322427241132e-10,5.4558877336319244e-11,859,1,0.7902483900643974,2022-03-14,crude_oil_eur,False,record_only,92
3.863988240482286e-09,3.807801504621087e-12,376,1,0.34590616375344985,2012-12-10,crude_oil_eur,False,3.863405595438962e-09,1.8053201070130816e-10,376,1,0.34590616375344985,2012-12-10,crude_oil_eur,False,record_only,93
4.0671466194908135e-09,4.048407331916032e-12,858,1,0.7893284268629255,2022-03-07,crude_oil_eur,False,4.071949888384552e-09,1.920680276514726e-10,858,1,0.7893284268629255,2022-03-07,crude_oil_eur,False,record_only,94
1.8128503143088892e-09,1.6936573763777064e-12,859,1,0.7902483900643974,2022-03-14,crude_oil_eur,False,1.9737811385311943e-09,7.996087582361007e-11,1031,0,0.9484820607175714,2025-06-30,wob_heating_oil_pre_tax,False,record_only,95
2.8290173759160098e-08,2.8629316762685494e-11,858,1,0.7893284268629255,2022-03-07,crude_oil_eur,False,2.8292674869589973e-08,1.5695544600135385e-09,859,1,0.7902483900643974,2022-03-14,crude_oil_eur,False,record_only,96
4.490175342652947e-09,7.115920360384286e-12,859,1,0.7902483900643974,2022-03-14,crude_oil_eur,False,6.785967343603261e-09,4.3756294040411e-10,860,1,0.7911683532658693,2022-03-21,crude_oil_eur,False,record_only,97
7.443463800882455e-08,7.333322755664133e-11,859,1,0.7902483900643974,2022-03-14,crude_oil_eur,False,7.436358373524854e-08,3.4715439848377023e-09,859,1,0.7902483900643974,2022-03-14,crude_oil_eur,False,record_only,98
1.1496115348563762e-07,1.1260883909395399e-10,858,1,0.7893284268629255,2022-03-07,crude_oil_eur,False,1.1497058949316852e-07,5.340284278820575e-09,858,1,0.7893284268629255,2022-03-07,crude_oil_eur,False,record_only,99
1.1534666555235162e-09,1.1810571040774897e-12,133,1,0.12235510579576817,2008-04-14,crude_oil_eur,False,1.1548308975761756e-09,5.598424303317618e-11,133,1,0.12235510579576817,2008-04-14,crude_oil_eur,False,record_only,100
4.838511813431978e-10,3.5789406428297925e-13,859,0,0.7902483900643974,2022-03-14,wob_heating_oil_pre_tax,False,4.837374945054762e-10,3.740440082203798e-11,860,1,0.7911683532658693,2022-03-21,crude_oil_eur,False,record_only,101
2.233946361229755e-09,3.1806327776781704e-12,859,1,0.7902483900643974,2022-03-14,crude_oil_eur,False,2.2356516637955792e-09,1.5081399457587522e-10,859,1,0.7902483900643974,2022-03-14,crude_oil_eur,False,record_only,102
7.225025910884142e-09,7.536769288608157e-12,859,1,0.7902483900643974,2022-03-14,crude_oil_eur,False,7.242363153636688e-09,3.570684179632342e-10,859,1,0.7902483900643974,2022-03-14,crude_oil_eur,False,record_only,103
1.3321937331056688e-08,1.3261087355350285e-11,858,1,0.7893284268629255,2022-03-07,crude_oil_eur,False,1.3312558166944655e-08,6.281254613155288e-10,858,1,0.7893284268629255,2022-03-07,crude_oil_eur,False,record_only,104
4.077321591466898e-09,4.0202179387031015e-12,187,1,0.17203311867525298,2009-04-27,crude_oil_eur,False,7.462233497790294e-09,3.023064282231527e-10,861,0,0.7920883164673413,2022-03-28,wob_heating_oil_pre_tax,False,record_only,105
3.445848051342182e-08,3.51888738741542e-11,511,1,0.47010119595216193,2015-07-13,crude_oil_eur,False,3.4458345510302024e-08,1.6684960910627579e-09,511,1,0.47010119595216193,2015-07-13,crude_oil_eur,False,record_only,106
4.752337190438993e-09,4.835537283728894e-12,859,1,0.7902483900643974,2022-03-14,crude_oil_eur,False,4.745118076243671e-09,2.287110885631412e-10,859,1,0.7902483900643974,2022-03-14,crude_oil_eur,False,record_only,107
1.535454430268146e-09,1.5128106481851194e-12,528,1,0.48574057037718493,2015-11-09,crude_oil_eur,False,2.172896529373247e-09,9.193951219337161e-11,529,2,0.48666053357865685,2015-11-16,refined_diesel_eur,False,record_only,108
1.6564172256039456e-08,1.8935666535566815e-11,859,1,0.7902483900643974,2022-03-14,crude_oil_eur,False,1.7470199509261874e-08,9.398941546117857e-10,859,1,0.7902483900643974,2022-03-14,crude_oil_eur,False,record_only,109
1.1746124073397368e-09,1.1424249592032387e-12,414,1,0.38086476540938363,2013-09-02,crude_oil_eur,False,1.6786039225280547e-09,6.800279787158847e-11,415,0,0.38178472861085555,2013-09-09,wob_heating_oil_pre_tax,False,record_only,110
6.986738299019635e-09,6.8314911937476135e-12,859,1,0.7902483900643974,2022-03-14,crude_oil_eur,False,6.965080956433667e-09,3.211652306110787e-10,859,1,0.7902483900643974,2022-03-14,crude_oil_eur,False,record_only,111
3.9381120586767793e-10,6.082148308639878e-13,859,1,0.7902483900643974,2022-03-14,crude_oil_eur,False,5.754259291279595e-10,3.874247002541272e-11,859,1,0.7902483900643974,2022-03-14,crude_oil_eur,False,record_only,112
1.1752945283660665e-09,2.824734143024134e-12,859,1,0.7902483900643974,2022-03-14,crude_oil_eur,False,1.5318164514610544e-09,8.415954407707119e-11,860,1,0.7911683532658693,2022-03-21,crude_oil_eur,False,record_only,113
6.151026354928035e-09,6.378529295097022e-12,858,1,0.7893284268629255,2022-03-07,crude_oil_eur,False,6.147274689283222e-09,3.0300755996678064e-10,858,1,0.7893284268629255,2022-03-07,crude_oil_eur,False,record_only,114
2.3169377527665347e-10,1.794226914675372e-13,859,2,0.7902483900643974,2022-03-14,refined_diesel_eur,False,2.290221345901955e-10,1.5521602759146955e-11,860,1,0.7911683532658693,2022-03-21,crude_oil_eur,False,record_only,115
2.8804265639337245e-09,2.834875081053625e-12,79,1,0.07267709291628335,2007-04-02,crude_oil_eur,False,2.8813360586354975e-09,1.3445949740350463e-10,79,1,0.07267709291628335,2007-04-02,crude_oil_eur,False,record_only,116
5.45492184755858e-09,5.351276417800144e-12,859,1,0.7902483900643974,2022-03-14,crude_oil_eur,False,5.452591267385287e-09,2.5417304285880254e-10,859,1,0.7902483900643974,2022-03-14,crude_oil_eur,False,record_only,117
1.3641283658216707e-09,1.3261690982613947e-12,1067,1,0.9816007359705612,2026-03-09,crude_oil_eur,False,1.3648957519762916e-09,6.277619644410292e-11,1067,1,0.9816007359705612,2026-03-09,crude_oil_eur,False,record_only,118
3.085324351559393e-08,3.230238866205763e-11,859,1,0.7902483900643974,2022-03-14,crude_oil_eur,False,3.086239530603052e-08,1.5305908865743062e-09,859,1,0.7902483900643974,2022-03-14,crude_oil_eur,False,record_only,119
3.603872755775228e-10,3.5740770281318696e-13,747,1,0.68721251149954,2020-01-20,crude_oil_eur,False,3.60330432158662e-10,1.6987038977602283e-11,747,1,0.68721251149954,2020-01-20,crude_oil_eur,False,record_only,120
1.8030732462648302e-10,2.1126954228105967e-13,859,1,0.7902483900643974,2022-03-14,crude_oil_eur,False,1.9269918993813917e-10,1.1610433633132882e-11,860,1,0.7911683532658693,2022-03-21,crude_oil_eur,False,record_only,121
1.1457700566097628e-08,1.1697209840659516e-11,858,1,0.7893284268629255,2022-03-07,crude_oil_eur,False,1.1457700566097628e-08,5.550654517212111e-10,858,1,0.7893284268629255,2022-03-07,crude_oil_eur,False,record_only,122
7.25094650988467e-09,7.326707000854417e-12,859,1,0.7902483900643974,2022-03-14,crude_oil_eur,False,7.248388556035934e-09,3.4760605050578634e-10,859,1,0.7902483900643974,2022-03-14,crude_oil_eur,False,record_only,123
1.0956568985420745e-11,9.307932405639829e-14,755,1,0.6945722171113156,2020-03-16,crude_oil_eur,False,1.4119372337972891e-11,5.6875096593711765e-12,756,1,0.6954921803127875,2020-03-23,crude_oil_eur,False,record_only,124
6.376012606779113e-09,7.360147951261191e-12,859,1,0.7902483900643974,2022-03-14,crude_oil_eur,False,6.360835413943278e-09,6.45009461809021e-10,860,1,0.7911683532658693,2022-03-21,crude_oil_eur,False,record_only,125
6.296886567724869e-09,6.5125345476295796e-12,1071,1,0.985280588776449,2026-04-06,crude_oil_eur,False,6.2984213400341105e-09,4.369604514900771e-10,860,1,0.7911683532658693,2022-03-21,crude_oil_eur,False,record_only,126
1.646185410209e-10,1.7976019911799878e-13,859,1,0.7902483900643974,2022-03-14,crude_oil_eur,False,1.6490275811520405e-10,8.603713423196708e-12,859,1,0.7902483900643974,2022-03-14,crude_oil_eur,False,record_only,127
1.366402102576103e-09,1.3437950143602716e-12,1067,1,0.9816007359705612,2026-03-09,crude_oil_eur,False,1.3605188087240094e-09,6.339013407859251e-11,1067,1,0.9816007359705612,2026-03-09,crude_oil_eur,False,record_only,128
6.3243987824535e-10,6.084562817694518e-13,1067,1,0.9816007359705612,2026-03-09,crude_oil_eur,False,6.303082500380697e-10,2.8977427020891307e-11,1067,1,0.9816007359705612,2026-03-09,crude_oil_eur,False,record_only,129
1.4210854715202004e-11,1.1553425826455663e-13,1071,1,0.985280588776449,2026-04-06,crude_oil_eur,False,1.4503065415283345e-11,5.842067385536387e-12,1072,1,0.9862005519779209,2026-04-13,crude_oil_eur,False,record_only,130
1.0118128557223827e-11,9.41658531309866e-15,1067,1,0.9816007359705612,2026-03-09,crude_oil_eur,False,9.350742402602918e-12,6.945897782593392e-13,1068,2,0.9825206991720331,2026-03-16,refined_diesel_eur,False,record_only,131
6.641585059696808e-10,6.277723542065773e-13,335,1,0.30818767249310025,2012-02-27,crude_oil_eur,False,6.641585059696808e-10,3.524417038086775e-11,336,1,0.3091076356945722,2012-03-05,crude_oil_eur,False,record_only,132
7.259473022713792e-10,7.238094518549104e-13,489,1,0.44986200551977923,2015-02-09,crude_oil_eur,False,7.265441581694176e-10,3.482664985671312e-11,1072,1,0.9862005519779209,2026-04-13,crude_oil_eur,False,record_only,133
6.434675015043467e-11,6.187179452516747e-14,231,1,0.2125114995400184,2010-03-01,crude_oil_eur,False,6.424016874007066e-11,2.9323035269677402e-12,231,1,0.2125114995400184,2010-03-01,crude_oil_eur,False,record_only,134
8.809365681372583e-09,8.425550071621392e-12,1071,1,0.985280588776449,2026-04-06,crude_oil_eur,False,8.815334240352968e-09,3.9950310033592696e-10,1071,1,0.985280588776449,2026-04-06,crude_oil_eur,False,record_only,135
1.7298589227721095e-09,1.759573473569397e-12,1071,1,0.985280588776449,2026-04-06,crude_oil_eur,False,1.731507381919073e-09,8.322647335985158e-11,1071,1,0.985280588776449,2026-04-06,crude_oil_eur,False,record_only,136
1.0680764717108104e-08,1.043122238058504e-11,243,1,0.22355105795768168,2010-05-24,crude_oil_eur,False,1.0680622608560952e-08,4.94650553871299e-10,243,1,0.22355105795768168,2010-05-24,crude_oil_eur,False,record_only,137
1.1874476513185073e-08,1.1719664774867674e-11,139,1,0.12787488500459981,2008-05-26,crude_oil_eur,False,1.187706288874324e-08,5.558840352338639e-10,139,1,0.12787488500459981,2008-05-26,crude_oil_eur,False,record_only,138
6.008804120938294e-09,6.119331748081344e-12,859,1,0.7902483900643974,2022-03-14,crude_oil_eur,False,5.998060714773601e-09,5.391480765589784e-10,860,2,0.7911683532658693,2022-03-21,refined_diesel_eur,False,record_only,139
7.651124178664759e-11,1.1070524015527527e-13,98,1,0.09015639374425023,2007-08-13,crude_oil_eur,False,1.0723510968091432e-10,5.22490979841836e-12,98,1,0.09015639374425023,2007-08-13,crude_oil_eur,False,record_only,140
2.2954111500439467e-08,2.3662430186384148e-11,540,1,0.49678012879484823,2016-02-01,crude_oil_eur,False,2.2957195255912666e-08,1.1218880238064064e-09,540,1,0.49678012879484823,2016-02-01,crude_oil_eur,False,record_only,141
2.1714186004828662e-10,5.989189710036212e-13,859,1,0.7902483900643974,2022-03-14,crude_oil_eur,False,2.1725554688600823e-10,2.8432897254170356e-11,859,1,0.7902483900643974,2022-03-14,crude_oil_eur,False,record_only,142
2.9035618354100734e-10,2.90344713820542e-13,859,1,0.7902483900643974,2022-03-14,crude_oil_eur,False,2.935109932877822e-10,1.4310900570852806e-11,860,1,0.7911683532658693,2022-03-21,crude_oil_eur,False,record_only,143
6.020854925736785e-10,6.249956687937405e-13,859,1,0.7902483900643974,2022-03-14,crude_oil_eur,False,6.039044819772243e-10,3.25415568080622e-11,860,1,0.7911683532658693,2022-03-21,crude_oil_eur,False,record_only,144
9.106315701501444e-11,4.332836498552704e-13,859,1,0.7902483900643974,2022-03-14,crude_oil_eur,False,9.112000043387525e-11,2.432781542542123e-11,860,1,0.7911683532658693,2022-03-21,crude_oil_eur,False,record_only,145
3.285890670667868e-09,3.278178943485654e-12,946,1,0.8702851885924563,2023-11-13,crude_oil_eur,False,3.2850806519491016e-09,1.5544786418071735e-10,946,1,0.8702851885924563,2023-11-13,crude_oil_eur,False,record_only,146
2.3084794520400465e-08,2.3749111061445748e-11,859,1,0.7902483900643974,2022-03-14,crude_oil_eur,False,2.306063606738462e-08,1.1256210222203133e-09,859,1,0.7902483900643974,2022-03-14,crude_oil_eur,False,record_only,147
5.9117155615240335e-12,4.960996077443425e-15,859,2,0.7902483900643974,2022-03-14,refined_diesel_eur,False,4.348521542851813e-12,2.08939148334451e-13,858,1,0.7893284268629255,2022-03-07,crude_oil_eur,False,record_only,148
4.783146323461551e-09,4.817911367630017e-12,557,1,0.5124195032198712,2016-05-30,crude_oil_eur,False,4.78374317935959e-09,2.2842630164178125e-10,557,1,0.5124195032198712,2016-05-30,crude_oil_eur,False,record_only,149
1.8833816284313798e-08,1.6035758354192212e-11,859,2,0.7902483900643974,2022-03-14,refined_diesel_eur,False,1.886206746348762e-08,7.641310400538376e-10,859,0,0.7902483900643974,2022-03-14,wob_heating_oil_pre_tax,False,record_only,150
5.0205244406242855e-09,5.1325218974496975e-12,1077,1,0.9908003679852806,2026-05-18,crude_oil_eur,False,5.020410753786564e-09,2.4320516866130095e-10,1077,1,0.9908003679852806,2026-05-18,crude_oil_eur,False,record_only,151
1.1207248462596908e-09,1.7396537738686113e-12,859,1,0.7902483900643974,2022-03-14,crude_oil_eur,False,1.0773533176688943e-09,5.230347940635284e-11,858,1,0.7893284268629255,2022-03-07,crude_oil_eur,False,record_only,152
1.6669901015120558e-09,1.5993707977939878e-12,858,1,0.7893284268629255,2022-03-07,crude_oil_eur,False,1.6665353541611694e-09,1.1706459775963304e-10,859,1,0.7902483900643974,2022-03-14,crude_oil_eur,False,record_only,153
3.910213308699895e-08,4.042165826009785e-11,859,1,0.7902483900643974,2022-03-14,crude_oil_eur,False,4.991653668184881e-08,2.4362132964990135e-09,859,1,0.7902483900643974,2022-03-14,crude_oil_eur,False,record_only,154
3.2366642699344084e-10,3.136447261978246e-13,333,1,0.3063477460901564,2012-02-13,crude_oil_eur,False,3.2531843885408307e-10,1.4888882067658124e-11,333,1,0.3063477460901564,2012-02-13,crude_oil_eur,False,record_only,155
5.1288679969729856e-09,5.480090475865224e-12,859,1,0.7902483900643974,2022-03-14,crude_oil_eur,False,5.178264927963028e-09,2.6251343571149553e-10,860,1,0.7911683532658693,2022-03-21,crude_oil_eur,False,record_only,156
8.089955372270197e-10,8.903502138987515e-13,859,1,0.7902483900643974,2022-03-14,crude_oil_eur,False,8.099618753476534e-10,4.269800294319644e-11,859,1,0.7902483900643974,2022-03-14,crude_oil_eur,False,record_only,157
4.1802650230238214e-10,4.084142065924714e-13,464,1,0.42686292548298066,2014-08-18,crude_oil_eur,False,4.178986046099453e-10,1.9367657287563645e-11,464,1,0.42686292548298066,2014-08-18,crude_oil_eur,False,record_only,158
6.035520527802873e-09,8.095969585662939e-12,859,1,0.7902483900643974,2022-03-14,crude_oil_eur,False,6.034838406776544e-09,3.4343299189932565e-10,859,1,0.7902483900643974,2022-03-14,crude_oil_eur,False,record_only,159
3.729155650944449e-09,3.852107745773744e-12,395,1,0.36338546458141674,2013-04-22,crude_oil_eur,False,3.728317210516252e-09,1.826235488197383e-10,395,1,0.36338546458141674,2013-04-22,crude_oil_eur,False,record_only,160
2.2216681827558205e-09,2.3546292300855932e-12,859,1,0.7902483900643974,2022-03-14,crude_oil_eur,False,2.222407147201011e-09,1.1175668473790374e-10,859,1,0.7902483900643974,2022-03-14,crude_oil_eur,False,record_only,161
6.001243946229806e-11,5.0982358688738e-13,859,1,0.7902483900643974,2022-03-14,crude_oil_eur,False,1.552962203277275e-10,2.328669740889169e-11,859,1,0.7902483900643974,2022-03-14,crude_oil_eur,False,record_only,162
1.9241497284383513e-09,2.481511680906961e-12,859,1,0.7902483900643974,2022-03-14,crude_oil_eur,False,1.9243771021137945e-09,1.6292674081904504e-10,859,1,0.7902483900643974,2022-03-14,crude_oil_eur,False,record_only,163
2.8910562832606956e-09,2.8235268884968136e-12,715,1,0.6577736890524379,2019-06-10,crude_oil_eur,False,2.888469907702529e-09,1.3383554213861546e-10,715,1,0.6577736890524379,2019-06-10,crude_oil_eur,False,record_only,164
1.2084797162970062e-08,1.1829042035042897e-11,1067,1,0.9816007359705612,2026-03-09,crude_oil_eur,False,1.2084342415619176e-08,5.603175522307141e-10,1067,1,0.9816007359705612,2026-03-09,crude_oil_eur,False,record_only,165
1.401997451466741e-08,1.3535375583957467e-11,319,1,0.2934682612695492,2011-11-07,crude_oil_eur,False,1.401612337303959e-08,6.418746590389757e-10,319,1,0.2934682612695492,2011-11-07,crude_oil_eur,False,record_only,166
1.4065335562918335e-09,1.4382023183967222e-12,921,1,0.8472861085556578,2023-05-22,crude_oil_eur,False,1.4088072930462658e-09,7.862516105380813e-11,922,1,0.8482060717571297,2023-05-29,crude_oil_eur,False,record_only,167
8.296865416923538e-10,8.427843855223301e-13,859,1,0.7902483900643974,2022-03-14,crude_oil_eur,False,8.252811767306412e-10,3.8922787372605464e-11,859,1,0.7902483900643974,2022-03-14,crude_oil_eur,False,record_only,168
3.2650859793648124e-10,3.1847374430710594e-13,1012,1,0.9310027598896045,2025-02-17,crude_oil_eur,False,3.2792968340800144e-10,1.5072240481222176e-11,1012,1,0.9310027598896045,2025-02-17,crude_oil_eur,False,record_only,169
2.127080733771436e-09,1.8780051426995224e-12,859,1,0.7902483900643974,2022-03-14,crude_oil_eur,False,2.2193376025825273e-09,1.978939952738668e-10,860,1,0.7911683532658693,2022-03-21,crude_oil_eur,False,record_only,170
6.940581442904659e-10,6.491407593401474e-13,858,1,0.7893284268629255,2022-03-07,crude_oil_eur,False,6.933760232641362e-10,3.0787040398075644e-11,858,1,0.7893284268629255,2022-03-07,crude_oil_eur,False,record_only,171
4.6122750063659623e-10,4.702256383912728e-13,858,1,0.7893284268629255,2022-03-07,crude_oil_eur,False,4.5790216063323896e-10,2.216042953396557e-11,858,1,0.7893284268629255,2022-03-07,crude_oil_eur,False,record_only,172
5.1522874855436385e-09,5.152803773508679e-12,862,1,0.7930082796688133,2022-04-04,crude_oil_eur,False,5.154106474947184e-09,2.442985214649141e-10,862,1,0.7930082796688133,2022-04-04,crude_oil_eur,False,record_only,173
2.5920599000528455e-10,2.6487164329408283e-13,862,1,0.7930082796688133,2022-04-04,crude_oil_eur,False,2.573585788923083e-10,1.2909863404966317e-11,862,1,0.7930082796688133,2022-04-04,crude_oil_eur,False,record_only,174
2.964043233077973e-09,2.8770082640571048e-12,862,1,0.7930082796688133,2022-04-04,crude_oil_eur,False,3.645794777185074e-09,1.7595395360869235e-10,863,1,0.7939282428702852,2022-04-11,crude_oil_eur,False,record_only,175
1.9282424545963295e-09,1.9459735725876575e-12,858,1,0.7893284268629255,2022-03-07,crude_oil_eur,False,1.9290098407509504e-09,9.241836479651035e-11,858,1,0.7893284268629255,2022-03-07,crude_oil_eur,False,record_only,176
2.8476279112510383e-09,2.7621983585089403e-12,687,1,0.6320147194112236,2018-11-26,crude_oil_eur,False,2.8472300073190127e-09,1.3099339728524408e-10,687,1,0.6320147194112236,2018-11-26,crude_oil_eur,False,record_only,177
4.505523065745365e-09,4.383782639605622e-12,858,1,0.7893284268629255,2022-03-07,crude_oil_eur,False,4.502226147451438e-09,2.07915918943635e-10,858,1,0.7893284268629255,2022-03-07,crude_oil_eur,False,record_only,178
1.5750174497952685e-09,1.564601867407162e-12,862,1,0.7930082796688133,2022-04-04,crude_oil_eur,False,1.5746195458632428e-09,7.418198419907261e-11,862,1,0.7930082796688133,2022-04-04,crude_oil_eur,False,record_only,179
4.802132025361061e-10,5.070469014745432e-13,859,1,0.7902483900643974,2022-03-14,crude_oil_eur,False,5.447304829431232e-10,3.282061936919383e-11,860,1,0.7911683532658693,2022-03-21,crude_oil_eur,False,record_only,180
4.626826921594329e-09,4.4808459036021776e-12,1083,1,0.9963201471941122,2026-06-29,crude_oil_eur,False,4.778428319696104e-09,2.456280041279463e-10,1084,1,0.9972401103955841,2026-07-06,crude_oil_eur,False,record_only,181
1.22338406072231e-09,1.2286832951802771e-12,178,1,0.16375344986200552,2009-02-23,crude_oil_eur,False,1.2239951274750638e-09,5.824536532337092e-11,178,1,0.16375344986200552,2009-02-23,crude_oil_eur,False,record_only,182
3.700506567838602e-10,1.5241588407419304e-12,755,1,0.6945722171113156,2020-03-16,crude_oil_eur,False,7.069047569530085e-10,7.231298058451924e-11,755,1,0.6945722171113156,2020-03-16,crude_oil_eur,False,record_only,183
4.6874220060999505e-09,4.503904465073996e-12,1067,1,0.9816007359705612,2026-03-09,crude_oil_eur,False,4.690264177042991e-09,2.1388213339162354e-10,1067,1,0.9816007359705612,2026-03-09,crude_oil_eur,False,record_only,184
1.1549445844138972e-09,1.115261732338531e-12,858,1,0.7893284268629255,2022-03-07,crude_oil_eur,False,1.1523297871463e-09,5.3056232776379695e-11,858,1,0.7893284268629255,2022-03-07,crude_oil_eur,False,record_only,185
6.507434591185302e-10,6.373096649724081e-13,860,1,0.7911683532658693,2022-03-21,crude_oil_eur,False,5.736069397244137e-10,4.8948288767516395e-11,861,1,0.7920883164673413,2022-03-28,crude_oil_eur,False,record_only,186
1.0758185453596525e-09,1.0414984807192581e-12,113,1,0.10395584176632934,2007-11-26,crude_oil_eur,False,1.0753780088634812e-09,4.9458830145381574e-11,113,1,0.10395584176632934,2007-11-26,crude_oil_eur,False,record_only,187
5.9558260545600206e-09,5.757759017148903e-12,1071,1,0.985280588776449,2026-04-06,crude_oil_eur,False,5.952472292847233e-09,2.7305198289187154e-10,1071,1,0.985280588776449,2026-04-06,crude_oil_eur,False,record_only,188
2.860474523913581e-09,2.755196282250482e-12,858,1,0.7893284268629255,2022-03-07,crude_oil_eur,False,2.8618387659662403e-09,1.307386632550829e-10,858,1,0.7893284268629255,2022-03-07,crude_oil_eur,False,record_only,189
2.2097310647950508e-09,2.252133320716096e-12,1067,1,0.9816007359705612,2026-03-09,crude_oil_eur,False,2.2011477085470688e-09,1.072201292569434e-10,1067,1,0.9816007359705612,2026-03-09,crude_oil_eur,False,record_only,190
1.3468479664879851e-09,1.3765116120506528e-12,858,1,0.7893284268629255,2022-03-07,crude_oil_eur,False,1.3985754776513204e-09,6.531781238548638e-11,858,1,0.7893284268629255,2022-03-07,crude_oil_eur,False,record_only,191
4.4531134335557e-10,4.398028243028002e-13,858,1,0.7893284268629255,2022-03-07,crude_oil_eur,False,4.814637577510439e-10,2.0767978908421593e-11,858,1,0.7893284268629255,2022-03-07,crude_oil_eur,False,record_only,192
7.521521183662117e-10,7.294231854069501e-13,369,1,0.33946642134314625,2012-10-22,crude_oil_eur,False,7.532889867434278e-10,3.851471427890581e-11,99,1,0.09107635694572216,2007-08-20,crude_oil_eur,False,record_only,193
5.277911441226024e-09,4.960488127306549e-12,985,1,0.906163753449862,2024-08-12,crude_oil_eur,False,5.281954429392499e-09,2.352462507519497e-10,985,1,0.906163753449862,2024-08-12,crude_oil_eur,False,record_only,194
9.003429113363381e-09,9.082900161747318e-12,1067,1,0.9816007359705612,2026-03-09,crude_oil_eur,False,8.997517397801857e-09,4.3079817770426786e-10,1067,1,0.9816007359705612,2026-03-09,crude_oil_eur,False,record_only,195
1.6634658095426857e-09,1.6300350627879245e-12,860,1,0.7911683532658693,2022-03-21,crude_oil_eur,False,1.8109460597770521e-09,8.348406957012693e-11,860,1,0.7911683532658693,2022-03-21,crude_oil_eur,False,record_only,196
1.3416411093203351e-08,1.3751715595253272e-11,858,1,0.7893284268629255,2022-03-07,crude_oil_eur,False,1.3417917443803162e-08,6.518772629929733e-10,858,1,0.7893284268629255,2022-03-07,crude_oil_eur,False,record_only,197
1.0036274034064263e-09,1.0131279993272301e-12,860,1,0.7911683532658693,2022-03-21,crude_oil_eur,False,1.033299668051768e-09,5.12959920061648e-11,860,1,0.7911683532658693,2022-03-21,crude_oil_eur,False,record_only,198
1.1589008863666095e-08,1.170107305514694e-11,683,1,0.6283348666053358,2018-10-29,crude_oil_eur,False,1.1943598110519815e-08,6.452341429479834e-10,684,1,0.6292548298068077,2018-11-05,crude_oil_eur,False,record_only,199
