fit_key,candidate_id,model_id,block,mode,frequency,missing_data_method,score_variable,is_baseline,status,error,candidate__lambda1,candidate__lambda2,origin,horizon,realized_date,actual,crps,log_score,predictive_sd,predictive_mean,predictive_median,error_mean,abs_error_mean,sq_error_mean,spectral_radius_median,instability_rejection_rate,retained_draws
48d85a3e6a945498d301c1d5beaf9cbd9bb0f1ba105a467ac411f84a9ccee193,1d4256c33848e07645c8d5051c3edebb3dd93f87b91a851bbc22e43d7dd54f8a,car_fuels_petrol,minnesota,screen,weekly,dk,wob_petrol_pre_tax,False,ok,,0.1,0.25,2025-12-22,1,2025-12-29,673.66534347496,2.8271812918072863,-3.149967617156916,7.8721458870212055,669.0655766119199,669.2036299225892,-4.599766863040031,4.599766863040031,21.15785519432113,0.8488226509980075,0.0,600
48d85a3e6a945498d301c1d5beaf9cbd9bb0f1ba105a467ac411f84a9ccee193,1d4256c33848e07645c8d5051c3edebb3dd93f87b91a851bbc22e43d7dd54f8a,car_fuels_petrol,minnesota,screen,weekly,dk,wob_petrol_pre_tax,False,ok,,0.1,0.25,2025-12-22,4,2026-01-19,694.4498699799858,20.221570481144013,-5.227418006183928,62.23951254759196,666.1890495408888,664.086043262859,-28.26082043909696,28.26082043909696,798.6739718908805,0.8488226509980075,0.0,600
48d85a3e6a945498d301c1d5beaf9cbd9bb0f1ba105a467ac411f84a9ccee193,1d4256c33848e07645c8d5051c3edebb3dd93f87b91a851bbc22e43d7dd54f8a,car_fuels_petrol,minnesota,screen,weekly,dk,wob_petrol_pre_tax,False,ok,,0.1,0.25,2025-12-22,13,2026-03-23,967.2672445671736,270.3274867438919,-63.790115211389406,88.48473970128549,667.3566995987491,666.4178806466468,-299.9105449684246,299.9105449684246,89946.33498325742,0.8488226509980075,0.0,600
13761bb41fef772a5fba819641d8e4d08fe45cad9114b784dbf77ea881354989,1d4256c33848e07645c8d5051c3edebb3dd93f87b91a851bbc22e43d7dd54f8a,car_fuels_petrol,minnesota,screen,weekly,dk,wob_petrol_pre_tax,False,ok,,0.1,0.25,2026-01-19,1,2026-01-26,696.7922316461068,1.8916446715126138,-2.951655470990417,8.992040001055196,698.3710294823359,697.9545194633542,1.5787978362291142,1.5787978362291142,2.4926026076817327,0.8480416285453958,0.0,600
13761bb41fef772a5fba819641d8e4d08fe45cad9114b784dbf77ea881354989,1d4256c33848e07645c8d5051c3edebb3dd93f87b91a851bbc22e43d7dd54f8a,car_fuels_petrol,minnesota,screen,weekly,dk,wob_petrol_pre_tax,False,ok,,0.1,0.25,2026-01-19,4,2026-02-16,710.8193523793578,6.777541501736371,-4.188007376778763,28.456008190664253,701.3523733094738,701.9403186958699,-9.466979069884019,9.466979069884019,89.62369270962208,0.8480416285453958,0.0,600
13761bb41fef772a5fba819641d8e4d08fe45cad9114b784dbf77ea881354989,1d4256c33848e07645c8d5051c3edebb3dd93f87b91a851bbc22e43d7dd54f8a,car_fuels_petrol,minnesota,screen,weekly,dk,wob_petrol_pre_tax,False,ok,,0.1,0.25,2026-01-19,13,2026-04-20,959.3051594370872,216.87289966609492,-9.619245151445298,72.36622075177429,708.1810664921231,706.5694542319955,-251.1240929449641,251.1240929449641,63063.31005743097,0.8480416285453958,0.0,600
196d34a34ddc9c0d29677f7188b26e13bd6e199668dd5e86e57ad6993a0daded,1d4256c33848e07645c8d5051c3edebb3dd93f87b91a851bbc22e43d7dd54f8a,car_fuels_petrol,minnesota,screen,weekly,dk,wob_petrol_pre_tax,False,ok,,0.1,0.25,2026-02-16,1,2026-02-23,714.2179965811738,1.5515530780574682,-2.8050958261613315,7.784215229650804,713.6113450595582,713.5557988716107,-0.6066515216156176,0.6066515216156176,0.3680260686785442,0.8476409813398084,0.0,600
196d34a34ddc9c0d29677f7188b26e13bd6e199668dd5e86e57ad6993a0daded,1d4256c33848e07645c8d5051c3edebb3dd93f87b91a851bbc22e43d7dd54f8a,car_fuels_petrol,minnesota,screen,weekly,dk,wob_petrol_pre_tax,False,ok,,0.1,0.25,2026-02-16,4,2026-03-16,884.283080166177,157.06160731114846,-53.8879599695471,25.643348458234982,714.6217384904625,715.021813442893,-169.66134167571454,169.66134167571454,28784.97085920355,0.8476409813398084,0.0,600
196d34a34ddc9c0d29677f7188b26e13bd6e199668dd5e86e57ad6993a0daded,1d4256c33848e07645c8d5051c3edebb3dd93f87b91a851bbc22e43d7dd54f8a,car_fuels_petrol,minnesota,screen,weekly,dk,wob_petrol_pre_tax,False,ok,,0.1,0.25,2026-02-16,13,2026-05-18,1009.3525467848006,263.7844813422367,-26.136715666994895,47.193618188277384,720.8833523083591,721.0701891086073,-288.46919447644143,288.46919447644143,83214.47616188698,0.8476409813398084,0.0,600
ded5532fc2da87803eb4505bfcfe600a0e7b5d6dd56a416731966c50c0a46857,1d4256c33848e07645c8d5051c3edebb3dd93f87b91a851bbc22e43d7dd54f8a,car_fuels_petrol,minnesota,screen,weekly,dk,wob_petrol_pre_tax,False,ok,,0.1,0.25,2026-03-16,1,2026-03-23,967.2672445671736,48.02237543377694,-15.130219515270337,11.205620148652983,913.0775832452435,912.1952723114696,-54.18966132193009,54.18966132193009,2936.519394185486,0.8481869020296431,0.0,600
ded5532fc2da87803eb4505bfcfe600a0e7b5d6dd56a416731966c50c0a46857,1d4256c33848e07645c8d5051c3edebb3dd93f87b91a851bbc22e43d7dd54f8a,car_fuels_petrol,minnesota,screen,weekly,dk,wob_petrol_pre_tax,False,ok,,0.1,0.25,2026-03-16,4,2026-04-13,982.8625460397388,30.11681562498892,-5.414894746143925,32.667738306863875,939.1298856859778,937.0647490793084,-43.73266035376105,43.73266035376105,1912.5455816174233,0.8481869020296431,0.0,600
ded5532fc2da87803eb4505bfcfe600a0e7b5d6dd56a416731966c50c0a46857,1d4256c33848e07645c8d5051c3edebb3dd93f87b91a851bbc22e43d7dd54f8a,car_fuels_petrol,minnesota,screen,weekly,dk,wob_petrol_pre_tax,False,ok,,0.1,0.25,2026-03-16,13,2026-06-15,940.2938841507356,17.845282037753748,-5.289164216588134,93.97611155591603,949.2602104831018,957.7899486413535,8.96632633236618,8.96632633236618,80.39500789848314,0.8481869020296431,0.0,600
ab19e97ba5deed28580292b01a720e48142be7dfa10380b32d7844e728ecd5fd,1d4256c33848e07645c8d5051c3edebb3dd93f87b91a851bbc22e43d7dd54f8a,car_fuels_petrol,minnesota,screen,weekly,dk,wob_petrol_pre_tax,False,ok,,0.1,0.25,2026-04-13,1,2026-04-20,959.3051594370872,12.41207389784924,-4.670084224552875,35.648668185926255,980.4294004308717,980.3466278940264,21.124240993784497,21.124240993784497,446.2335575634854,0.848717480742691,0.0,600
ab19e97ba5deed28580292b01a720e48142be7dfa10380b32d7844e728ecd5fd,1d4256c33848e07645c8d5051c3edebb3dd93f87b91a851bbc22e43d7dd54f8a,car_fuels_petrol,minnesota,screen,weekly,dk,wob_petrol_pre_tax,False,ok,,0.1,0.25,2026-04-13,4,2026-05-11,1002.4157734608938,21.5639489745108,-5.375591194137074,91.8278245033753,981.9559676626616,987.2440684518656,-20.459805798232196,20.459805798232196,418.6036533013758,0.848717480742691,0.0,600
ab19e97ba5deed28580292b01a720e48142be7dfa10380b32d7844e728ecd5fd,1d4256c33848e07645c8d5051c3edebb3dd93f87b91a851bbc22e43d7dd54f8a,car_fuels_petrol,minnesota,screen,weekly,dk,wob_petrol_pre_tax,False,ok,,0.1,0.25,2026-04-13,13,2026-07-13,921.8501141376128,47.35677285838331,-6.12999499666249,231.98924317183273,978.8781302606927,967.0434575694053,57.028016123079965,57.028016123079965,3252.1946229342684,0.848717480742691,0.0,600
5ae1b59029cfa9049fa09d763f4993dae16d28f8f44582cb678985b30e9e9dc1,1d4256c33848e07645c8d5051c3edebb3dd93f87b91a851bbc22e43d7dd54f8a,car_fuels_petrol,minnesota,screen,weekly,dk,wob_petrol_pre_tax,False,ok,,0.1,0.25,2026-05-11,1,2026-05-18,1009.3525467848006,5.038167777386301,-3.909551499076452,26.440353904546786,1005.8597817492869,1007.2349684094579,-3.492765035513685,3.492765035513685,12.199407593306912,0.8479448526185093,0.0,600
5ae1b59029cfa9049fa09d763f4993dae16d28f8f44582cb678985b30e9e9dc1,1d4256c33848e07645c8d5051c3edebb3dd93f87b91a851bbc22e43d7dd54f8a,car_fuels_petrol,minnesota,screen,weekly,dk,wob_petrol_pre_tax,False,ok,,0.1,0.25,2026-05-11,4,2026-06-08,956.2471655709068,33.336893717289875,-5.476459992729323,73.42690712715563,1013.2175373714493,1010.3011698326283,56.97037180054258,56.97037180054258,3245.623263092057,0.8479448526185093,0.0,600
5ae1b59029cfa9049fa09d763f4993dae16d28f8f44582cb678985b30e9e9dc1,1d4256c33848e07645c8d5051c3edebb3dd93f87b91a851bbc22e43d7dd54f8a,car_fuels_petrol,minnesota,screen,weekly,dk,wob_petrol_pre_tax,False,ok,,0.1,0.25,2026-05-11,13,2026-08-10,971.0773454716496,37.316719647690064,-5.879057210489325,171.92455666844023,1014.4970810023451,1008.4344603882653,43.41973553069556,43.41973553069556,1885.2734335555465,0.8479448526185093,0.0,600
ada39614fe2d7af7173fbed5f9589d8b3facc164849611be9235a3af4e3803e7,28409f12467a96ad29923b1952e407c48a59d11ab8cb8e678d84a2207599e116,car_fuels_petrol,minnesota,screen,weekly,dk,wob_petrol_pre_tax,False,ok,,0.1,0.5,2025-12-22,1,2025-12-29,673.66534347496,3.3039662162313963,-3.3531418195400615,8.980136897586654,668.5794460273705,668.0968414306037,-5.085897447589446,5.085897447589446,25.866352847396836,0.8510942133635657,0.0,600
ada39614fe2d7af7173fbed5f9589d8b3facc164849611be9235a3af4e3803e7,28409f12467a96ad29923b1952e407c48a59d11ab8cb8e678d84a2207599e116,car_fuels_petrol,minnesota,screen,weekly,dk,wob_petrol_pre_tax,False,ok,,0.1,0.5,2025-12-22,4,2026-01-19,694.4498699799858,21.37740373292731,-5.236866555481212,34.42787375128108,661.9860406128042,662.8429402922477,-32.463829367181575,32.463829367181575,1053.900217181481,0.8510942133635657,0.0,600
ada39614fe2d7af7173fbed5f9589d8b3facc164849611be9235a3af4e3803e7,28409f12467a96ad29923b1952e407c48a59d11ab8cb8e678d84a2207599e116,car_fuels_petrol,minnesota,screen,weekly,dk,wob_petrol_pre_tax,False,ok,,0.1,0.5,2025-12-22,13,2026-03-23,967.2672445671736,269.127581297968,-10.306125664058113,78.79381220435023,662.1155853571212,659.0440811506462,-305.15165921005246,305.15165921005246,93117.535118648,0.8510942133635657,0.0,600
ce12a7e56d22b168e39d0c10943c39f3cdac75594d6ec4b42e7ea8e86bb4a96f,28409f12467a96ad29923b1952e407c48a59d11ab8cb8e678d84a2207599e116,car_fuels_petrol,minnesota,screen,weekly,dk,wob_petrol_pre_tax,False,ok,,0.1,0.5,2026-01-19,1,2026-01-26,696.7922316461068,2.0306484551262534,-3.059647141727801,19.241005529345777,699.3033686548695,697.7108671801791,2.5111370087627165,2.5111370087627165,6.305809076777764,0.8498547051038057,0.0,600
ce12a7e56d22b168e39d0c10943c39f3cdac75594d6ec4b42e7ea8e86bb4a96f,28409f12467a96ad29923b1952e407c48a59d11ab8cb8e678d84a2207599e116,car_fuels_petrol,minnesota,screen,weekly,dk,wob_petrol_pre_tax,False,ok,,0.1,0.5,2026-01-19,4,2026-02-16,710.8193523793578,6.86539484914233,-4.270450584986109,41.19856344652611,705.3407311050788,703.0228344168302,-5.478621274279021,5.478621274279021,30.015291066982687,0.8498547051038057,0.0,600
ce12a7e56d22b168e39d0c10943c39f3cdac75594d6ec4b42e7ea8e86bb4a96f,28409f12467a96ad29923b1952e407c48a59d11ab8cb8e678d84a2207599e116,car_fuels_petrol,minnesota,screen,weekly,dk,wob_petrol_pre_tax,False,ok,,0.1,0.5,2026-01-19,13,2026-04-20,959.3051594370872,209.8731589803968,-9.303250718767329,90.11940092113741,714.0819939611554,715.4275096491102,-245.22316547593186,245.22316547593186,60134.40088603626,0.8498547051038057,0.0,600
04deaad5046efec6020532acf6f89e66e46e9919f17b2f48d7b25a179897c33b,28409f12467a96ad29923b1952e407c48a59d11ab8cb8e678d84a2207599e116,car_fuels_petrol,minnesota,screen,weekly,dk,wob_petrol_pre_tax,False,ok,,0.1,0.5,2026-02-16,1,2026-02-23,714.2179965811738,1.552762986172282,-2.8633858266860637,7.957190181069752,713.6699757699604,713.4475000128114,-0.5480208112134051,0.5480208112134051,0.30032680952299856,0.8503093309432213,0.0,600
04deaad5046efec6020532acf6f89e66e46e9919f17b2f48d7b25a179897c33b,28409f12467a96ad29923b1952e407c48a59d11ab8cb8e678d84a2207599e116,car_fuels_petrol,minnesota,screen,weekly,dk,wob_petrol_pre_tax,False,ok,,0.1,0.5,2026-02-16,4,2026-03-16,884.283080166177,155.0216633241843,-51.77034361272181,25.234663075861228,716.1159697998934,716.7180919710374,-168.16711036628362,168.16711036628362,28280.177008945815,0.8503093309432213,0.0,600
04deaad5046efec6020532acf6f89e66e46e9919f17b2f48d7b25a179897c33b,28409f12467a96ad29923b1952e407c48a59d11ab8cb8e678d84a2207599e116,car_fuels_petrol,minnesota,screen,weekly,dk,wob_petrol_pre_tax,False,ok,,0.1,0.5,2026-02-16,13,2026-05-18,1009.3525467848006,257.1304288890294,-25.185889671313006,65.47419988729563,721.3114669213606,720.3148221947558,-288.0410798634399,288.0410798634399,82967.66368889656,0.8503093309432213,0.0,600
cf492903f0d283305644c7899ded01d0126c0a88f3baa398ee2582646a033baf,28409f12467a96ad29923b1952e407c48a59d11ab8cb8e678d84a2207599e116,car_fuels_petrol,minnesota,screen,weekly,dk,wob_petrol_pre_tax,False,ok,,0.1,0.5,2026-03-16,1,2026-03-23,967.2672445671736,45.735824787511724,-44.499511657089066,14.822309612929185,916.4798461240247,915.3630878991714,-50.78739844314896,50.78739844314896,2579.3598406231695,0.8496864402256399,0.0,600
cf492903f0d283305644c7899ded01d0126c0a88f3baa398ee2582646a033baf,28409f12467a96ad29923b1952e407c48a59d11ab8cb8e678d84a2207599e116,car_fuels_petrol,minnesota,screen,weekly,dk,wob_petrol_pre_tax,False,ok,,0.1,0.5,2026-03-16,4,2026-04-13,982.8625460397388,21.464204996296665,-5.066747881219313,35.136143738427165,949.827414004231,947.1081544976405,-33.0351320355079,33.0351320355079,1091.3199486034403,0.8496864402256399,0.0,600
cf492903f0d283305644c7899ded01d0126c0a88f3baa398ee2582646a033baf,28409f12467a96ad29923b1952e407c48a59d11ab8cb8e678d84a2207599e116,car_fuels_petrol,minnesota,screen,weekly,dk,wob_petrol_pre_tax,False,ok,,0.1,0.5,2026-03-16,13,2026-06-15,940.2938841507356,21.874197471339862,-5.353319634098258,79.8248282695284,966.427584429135,968.6926302873753,26.133700278399374,26.133700278399374,682.9702902412115,0.8496864402256399,0.0,600
701142de952736338db24e2f2ce3c42487472db1dad4f3143317d547bdcfa134,28409f12467a96ad29923b1952e407c48a59d11ab8cb8e678d84a2207599e116,car_fuels_petrol,minnesota,screen,weekly,dk,wob_petrol_pre_tax,False,ok,,0.1,0.5,2026-04-13,1,2026-04-20,959.3051594370872,11.773530187305003,-4.442693767977041,30.94736208668403,978.9603069704837,978.129433936124,19.655147533396416,19.655147533396416,386.3248245595792,0.8500151964780243,0.0,600
701142de952736338db24e2f2ce3c42487472db1dad4f3143317d547bdcfa134,28409f12467a96ad29923b1952e407c48a59d11ab8cb8e678d84a2207599e116,car_fuels_petrol,minnesota,screen,weekly,dk,wob_petrol_pre_tax,False,ok,,0.1,0.5,2026-04-13,4,2026-05-11,1002.4157734608938,24.94386176365427,-5.5808912189905655,100.25490758423851,974.4943853943221,967.8563782744116,-27.921388066571694,27.921388066571694,779.6039115640922,0.8500151964780243,0.0,600
701142de952736338db24e2f2ce3c42487472db1dad4f3143317d547bdcfa134,28409f12467a96ad29923b1952e407c48a59d11ab8cb8e678d84a2207599e116,car_fuels_petrol,minnesota,screen,weekly,dk,wob_petrol_pre_tax,False,ok,,0.1,0.5,2026-04-13,13,2026-07-13,921.8501141376128,57.94415697200466,-6.2754017250093765,265.11070051654747,994.8850144704652,996.2803542404245,73.03490033285243,73.03490033285243,5334.096666629688,0.8500151964780243,0.0,600
3ae640596126cb8e2534ecbbdb61bd6c5dd85e8aa91a68edc16ece212cafcc93,28409f12467a96ad29923b1952e407c48a59d11ab8cb8e678d84a2207599e116,car_fuels_petrol,minnesota,screen,weekly,dk,wob_petrol_pre_tax,False,ok,,0.1,0.5,2026-05-11,1,2026-05-18,1009.3525467848006,5.39909770329621,-3.989174389733535,25.881344683819282,1004.5434196725371,1005.4137075204721,-4.809127112263468,4.809127112263468,23.127703581907564,0.8503411656377062,0.0,600
3ae640596126cb8e2534ecbbdb61bd6c5dd85e8aa91a68edc16ece212cafcc93,28409f12467a96ad29923b1952e407c48a59d11ab8cb8e678d84a2207599e116,car_fuels_petrol,minnesota,screen,weekly,dk,wob_petrol_pre_tax,False,ok,,0.1,0.5,2026-05-11,4,2026-06-08,956.2471655709068,31.360582764964306,-5.373248063777545,75.10135701231223,1010.8026399976252,1007.2963518163756,54.55547442671843,54.55547442671843,2976.299789924329,0.8503411656377062,0.0,600
3ae640596126cb8e2534ecbbdb61bd6c5dd85e8aa91a68edc16ece212cafcc93,28409f12467a96ad29923b1952e407c48a59d11ab8cb8e678d84a2207599e116,car_fuels_petrol,minnesota,screen,weekly,dk,wob_petrol_pre_tax,False,ok,,0.1,0.5,2026-05-11,13,2026-08-10,971.0773454716496,37.38925846109093,-5.925473766638532,190.062874236558,1000.394285840546,1003.399974566506,29.31694036889644,29.31694036889644,859.4829925934297,0.8503411656377062,0.0,600
682eabbcd2df01b856dfd4710454dddfdb07e7d936260da30728355687edc203,0d3c7dd8ba2b6c13de521b437cff08bb515e28e5b145c6cb92c91073a7a972ba,car_fuels_petrol,minnesota,screen,weekly,dk,wob_petrol_pre_tax,False,ok,,0.1,0.75,2025-12-22,1,2025-12-29,673.66534347496,3.7754357000249827,-3.372376156746596,11.753721308485636,666.8892121207401,667.7075304715613,-6.776131354219842,6.776131354219842,45.91595612964123,0.8554764413571097,0.0,600
682eabbcd2df01b856dfd4710454dddfdb07e7d936260da30728355687edc203,0d3c7dd8ba2b6c13de521b437cff08bb515e28e5b145c6cb92c91073a7a972ba,car_fuels_petrol,minnesota,screen,weekly,dk,wob_petrol_pre_tax,False,ok,,0.1,0.75,2025-12-22,4,2026-01-19,694.4498699799858,23.078812777349853,-5.138683400664284,34.41970126255948,658.6353764435243,659.8001367156098,-35.814493536461555,35.814493536461555,1282.6779472732464,0.8554764413571097,0.0,600
682eabbcd2df01b856dfd4710454dddfdb07e7d936260da30728355687edc203,0d3c7dd8ba2b6c13de521b437cff08bb515e28e5b145c6cb92c91073a7a972ba,car_fuels_petrol,minnesota,screen,weekly,dk,wob_petrol_pre_tax,False,ok,,0.1,0.75,2025-12-22,13,2026-03-23,967.2672445671736,273.11857002998744,-18.129384255733193,82.40342038748535,660.5767750584812,659.9829997361903,-306.69046950869244,306.69046950869244,94059.04408746221,0.8554764413571097,0.0,600
1b02b57c5e8f2bc02b4d99af7521ceeca7e4bd95d2f0662ec38e196219a1c4a1,0d3c7dd8ba2b6c13de521b437cff08bb515e28e5b145c6cb92c91073a7a972ba,car_fuels_petrol,minnesota,screen,weekly,dk,wob_petrol_pre_tax,False,ok,,0.1,0.75,2026-01-19,1,2026-01-26,696.7922316461068,2.0955175204975935,-3.0822776169518646,18.943120583335645,699.3291303128899,697.9933534663681,2.536898666783145,2.536898666783145,6.435854845526099,0.8546633983042646,0.0,600
1b02b57c5e8f2bc02b4d99af7521ceeca7e4bd95d2f0662ec38e196219a1c4a1,0d3c7dd8ba2b6c13de521b437cff08bb515e28e5b145c6cb92c91073a7a972ba,car_fuels_petrol,minnesota,screen,weekly,dk,wob_petrol_pre_tax,False,ok,,0.1,0.75,2026-01-19,4,2026-02-16,710.8193523793578,6.582832262891703,-4.221913771800684,42.439695767804075,707.1849834186016,704.148966468691,-3.6343689607562055,3.6343689607562055,13.208637742908142,0.8546633983042646,0.0,600
1b02b57c5e8f2bc02b4d99af7521ceeca7e4bd95d2f0662ec38e196219a1c4a1,0d3c7dd8ba2b6c13de521b437cff08bb515e28e5b145c6cb92c91073a7a972ba,car_fuels_petrol,minnesota,screen,weekly,dk,wob_petrol_pre_tax,False,ok,,0.1,0.75,2026-01-19,13,2026-04-20,959.3051594370872,202.6468353670196,-14.652807928637051,92.67021809838577,718.6691060621204,717.7715890184404,-240.63605337496688,240.63605337496688,57905.710183879906,0.8546633983042646,0.0,600
479ca33b27808a2a81ac6bb7588fd9ad0f48528e5b26fda9bc812cf8ffa2a6df,0d3c7dd8ba2b6c13de521b437cff08bb515e28e5b145c6cb92c91073a7a972ba,car_fuels_petrol,minnesota,screen,weekly,dk,wob_petrol_pre_tax,False,ok,,0.1,0.75,2026-02-16,1,2026-02-23,714.2179965811738,1.5735595803795341,-2.8616202511265145,8.17270283223477,714.1437281031517,713.7335550396097,-0.07426847802207703,0.07426847802207703,0.0055158068277157395,0.8545220675959895,0.0,600
479ca33b27808a2a81ac6bb7588fd9ad0f48528e5b26fda9bc812cf8ffa2a6df,0d3c7dd8ba2b6c13de521b437cff08bb515e28e5b145c6cb92c91073a7a972ba,car_fuels_petrol,minnesota,screen,weekly,dk,wob_petrol_pre_tax,False,ok,,0.1,0.75,2026-02-16,4,2026-03-16,884.283080166177,153.75284530500204,-33.036594600957855,26.411017140524834,717.0415184574581,717.6669426983752,-167.2415617087189,167.2415617087189,27969.739962771233,0.8545220675959895,0.0,600
479ca33b27808a2a81ac6bb7588fd9ad0f48528e5b26fda9bc812cf8ffa2a6df,0d3c7dd8ba2b6c13de521b437cff08bb515e28e5b145c6cb92c91073a7a972ba,car_fuels_petrol,minnesota,screen,weekly,dk,wob_petrol_pre_tax,False,ok,,0.1,0.75,2026-02-16,13,2026-05-18,1009.3525467848006,256.46478068981406,-10.341063111132105,57.28776372192518,723.0371739082678,722.4166766517528,-286.3153728765327,286.3153728765327,81976.49274542795,0.8545220675959895,0.0,600
4014122c7f69c796f97312df42262e71de48df4d484c31c7f2741c1d27ed9d8e,0d3c7dd8ba2b6c13de521b437cff08bb515e28e5b145c6cb92c91073a7a972ba,car_fuels_petrol,minnesota,screen,weekly,dk,wob_petrol_pre_tax,False,ok,,0.1,0.75,2026-03-16,1,2026-03-23,967.2672445671736,45.22123096370468,-33.93881366079478,10.584762605198975,916.287537261227,915.8256183102168,-50.97970730594659,50.97970730594659,2598.930556999984,0.8551326645853747,0.0,600
4014122c7f69c796f97312df42262e71de48df4d484c31c7f2741c1d27ed9d8e,0d3c7dd8ba2b6c13de521b437cff08bb515e28e5b145c6cb92c91073a7a972ba,car_fuels_petrol,minnesota,screen,weekly,dk,wob_petrol_pre_tax,False,ok,,0.1,0.75,2026-03-16,4,2026-04-13,982.8625460397388,19.84554378778112,-5.137666018442622,35.715762004617865,951.708885645381,949.585229801246,-31.15366039435787,31.15366039435787,970.5505559669822,0.8551326645853747,0.0,600
4014122c7f69c796f97312df42262e71de48df4d484c31c7f2741c1d27ed9d8e,0d3c7dd8ba2b6c13de521b437cff08bb515e28e5b145c6cb92c91073a7a972ba,car_fuels_petrol,minnesota,screen,weekly,dk,wob_petrol_pre_tax,False,ok,,0.1,0.75,2026-03-16,13,2026-06-15,940.2938841507356,20.619115800224534,-5.2043247521886995,94.57036817203557,964.6264599287192,968.7125828932683,24.332575777983607,24.332575777983607,592.0742439913146,0.8551326645853747,0.0,600
463fb1bd215d5c073b8dc184163f57fb064cf78271216a73cbb7044ff4ac6107,0d3c7dd8ba2b6c13de521b437cff08bb515e28e5b145c6cb92c91073a7a972ba,car_fuels_petrol,minnesota,screen,weekly,dk,wob_petrol_pre_tax,False,ok,,0.1,0.75,2026-04-13,1,2026-04-20,959.3051594370872,11.532778504455298,-4.518151789688893,54.138038647145486,977.7753275098295,977.3642121192674,18.47016807274224,18.47016807274224,341.1471086353468,0.8545840910793661,0.0,600
463fb1bd215d5c073b8dc184163f57fb064cf78271216a73cbb7044ff4ac6107,0d3c7dd8ba2b6c13de521b437cff08bb515e28e5b145c6cb92c91073a7a972ba,car_fuels_petrol,minnesota,screen,weekly,dk,wob_petrol_pre_tax,False,ok,,0.1,0.75,2026-04-13,4,2026-05-11,1002.4157734608938,21.85443547944601,-5.403343080228856,116.40664700264466,979.6777067702903,981.0747324371073,-22.738066690603432,22.738066690603432,517.0196768263293,0.8545840910793661,0.0,600
463fb1bd215d5c073b8dc184163f57fb064cf78271216a73cbb7044ff4ac6107,0d3c7dd8ba2b6c13de521b437cff08bb515e28e5b145c6cb92c91073a7a972ba,car_fuels_petrol,minnesota,screen,weekly,dk,wob_petrol_pre_tax,False,ok,,0.1,0.75,2026-04-13,13,2026-07-13,921.8501141376128,56.92067946927202,-6.338257264808877,275.9056887896264,982.0541601927675,985.199223849018,60.20404605515478,60.20404605515478,3624.5271614111975,0.8545840910793661,0.0,600
d0f4e14cca4bdfd354a44f3967a5dfc6323b5a3d4a37c8bcc730a3b7d720b85c,0d3c7dd8ba2b6c13de521b437cff08bb515e28e5b145c6cb92c91073a7a972ba,car_fuels_petrol,minnesota,screen,weekly,dk,wob_petrol_pre_tax,False,ok,,0.1,0.75,2026-05-11,1,2026-05-18,1009.3525467848006,5.414981337470696,-3.9741255830021442,25.2879860389462,1004.3439251763717,1004.6043810266765,-5.008621608428825,5.008621608428825,25.08629041642015,0.8552347080498266,0.0,600
d0f4e14cca4bdfd354a44f3967a5dfc6323b5a3d4a37c8bcc730a3b7d720b85c,0d3c7dd8ba2b6c13de521b437cff08bb515e28e5b145c6cb92c91073a7a972ba,car_fuels_petrol,minnesota,screen,weekly,dk,wob_petrol_pre_tax,False,ok,,0.1,0.75,2026-05-11,4,2026-06-08,956.2471655709068,31.954173003834825,-5.451870235876502,75.2445874427556,1010.0051451832727,1012.8196871367502,53.75797961236594,53.75797961236594,2889.9203720035525,0.8552347080498266,0.0,600
d0f4e14cca4bdfd354a44f3967a5dfc6323b5a3d4a37c8bcc730a3b7d720b85c,0d3c7dd8ba2b6c13de521b437cff08bb515e28e5b145c6cb92c91073a7a972ba,car_fuels_petrol,minnesota,screen,weekly,dk,wob_petrol_pre_tax,False,ok,,0.1,0.75,2026-05-11,13,2026-08-10,971.0773454716496,35.080890226546856,-5.888626771174851,196.23387843188954,1003.0317049868215,1004.1255907697521,31.954359515171973,31.954359515171973,1021.0810920248616,0.8552347080498266,0.0,600
92dc38b134219b42e891d2c492ea33c710becc30a6cf509c23638acdc6646006,96aeb9e050765e83500c78fff56f1d819db7e4564d89daf150082e922b9e813e,car_fuels_petrol,minnesota,screen,weekly,dk,wob_petrol_pre_tax,False,ok,,0.1,1.0,2025-12-22,1,2025-12-29,673.66534347496,3.569964892189665,-3.1971403475696567,10.702114495233403,666.8113530451615,667.6812372128817,-6.8539904297985,6.8539904297985,46.97718481176943,0.8609186770467465,0.0,600
92dc38b134219b42e891d2c492ea33c710becc30a6cf509c23638acdc6646006,96aeb9e050765e83500c78fff56f1d819db7e4564d89daf150082e922b9e813e,car_fuels_petrol,minnesota,screen,weekly,dk,wob_petrol_pre_tax,False,ok,,0.1,1.0,2025-12-22,4,2026-01-19,694.4498699799858,22.91464683773138,-5.25146952362381,71.81453267726008,661.606430494996,660.4592001420635,-32.84343948498986,32.84343948498986,1078.6915172041909,0.8609186770467465,0.0,600
92dc38b134219b42e891d2c492ea33c710becc30a6cf509c23638acdc6646006,96aeb9e050765e83500c78fff56f1d819db7e4564d89daf150082e922b9e813e,car_fuels_petrol,minnesota,screen,weekly,dk,wob_petrol_pre_tax,False,ok,,0.1,1.0,2025-12-22,13,2026-03-23,967.2672445671736,271.43073247338555,-31.013259068741124,99.8788394084366,662.2234214073736,656.6469598735991,-305.0438231598,305.0438231598,93051.73404794735,0.8609186770467465,0.0,600
887e0bfe865db2695799807de41ef574d9875e133c84aa4d1cc60d7023cd8be0,96aeb9e050765e83500c78fff56f1d819db7e4564d89daf150082e922b9e813e,car_fuels_petrol,minnesota,screen,weekly,dk,wob_petrol_pre_tax,False,ok,,0.1,1.0,2026-01-19,1,2026-01-26,696.7922316461068,1.92262516870972,-2.9522196674439245,14.884867962322653,698.1510005853972,698.4806587342107,1.358768939290485,1.358768939290485,1.8462530303805895,0.8611008659326762,0.0,600
887e0bfe865db2695799807de41ef574d9875e133c84aa4d1cc60d7023cd8be0,96aeb9e050765e83500c78fff56f1d819db7e4564d89daf150082e922b9e813e,car_fuels_petrol,minnesota,screen,weekly,dk,wob_petrol_pre_tax,False,ok,,0.1,1.0,2026-01-19,4,2026-02-16,710.8193523793578,6.773921515757291,-4.1827575818249585,36.64433010502742,702.760497548658,702.8806774005575,-8.058854830699829,8.058854830699829,64.94514118229397,0.8611008659326762,0.0,600
887e0bfe865db2695799807de41ef574d9875e133c84aa4d1cc60d7023cd8be0,96aeb9e050765e83500c78fff56f1d819db7e4564d89daf150082e922b9e813e,car_fuels_petrol,minnesota,screen,weekly,dk,wob_petrol_pre_tax,False,ok,,0.1,1.0,2026-01-19,13,2026-04-20,959.3051594370872,200.31736256715462,-9.8988283276298,96.08553025785741,714.8410711092849,716.8217125331851,-244.4640883278023,244.4640883278023,59762.69048194352,0.8611008659326762,0.0,600
4ab03aeb3641d56cd6fc30ced44deb41ae87b9f70f3ff538c94ae4bb3a9f406e,96aeb9e050765e83500c78fff56f1d819db7e4564d89daf150082e922b9e813e,car_fuels_petrol,minnesota,screen,weekly,dk,wob_petrol_pre_tax,False,ok,,0.1,1.0,2026-02-16,1,2026-02-23,714.2179965811738,1.556641768300901,-2.8804558660786963,7.110709030608498,714.4701426464067,714.3137975225441,0.2521460652328642,0.2521460652328642,0.06357763821241581,0.8608421811287265,0.0,600
4ab03aeb3641d56cd6fc30ced44deb41ae87b9f70f3ff538c94ae4bb3a9f406e,96aeb9e050765e83500c78fff56f1d819db7e4564d89daf150082e922b9e813e,car_fuels_petrol,minnesota,screen,weekly,dk,wob_petrol_pre_tax,False,ok,,0.1,1.0,2026-02-16,4,2026-03-16,884.283080166177,150.6052510792331,-56.91113217102775,25.78060307273922,720.375832585615,721.4018381450824,-163.90724758056206,163.90724758056206,26865.585809435666,0.8608421811287265,0.0,600
4ab03aeb3641d56cd6fc30ced44deb41ae87b9f70f3ff538c94ae4bb3a9f406e,96aeb9e050765e83500c78fff56f1d819db7e4564d89daf150082e922b9e813e,car_fuels_petrol,minnesota,screen,weekly,dk,wob_petrol_pre_tax,False,ok,,0.1,1.0,2026-02-16,13,2026-05-18,1009.3525467848006,248.41454213345457,-30.711190054175145,66.7758289595409,728.5297756434288,725.6608335553566,-280.82277114137173,280.82277114137173,78861.42879151924,0.8608421811287265,0.0,600
3c380eebba6a76104f0f508da0de9ff7fefb36f630f3d86b22bc242ce8694860,96aeb9e050765e83500c78fff56f1d819db7e4564d89daf150082e922b9e813e,car_fuels_petrol,minnesota,screen,weekly,dk,wob_petrol_pre_tax,False,ok,,0.1,1.0,2026-03-16,1,2026-03-23,967.2672445671736,43.91781335709829,-21.26593943502133,11.969095093033838,917.5990337238026,916.6832732731693,-49.66821084337107,49.66821084337107,2466.9311683815636,0.8610490864247828,0.0,600
3c380eebba6a76104f0f508da0de9ff7fefb36f630f3d86b22bc242ce8694860,96aeb9e050765e83500c78fff56f1d819db7e4564d89daf150082e922b9e813e,car_fuels_petrol,minnesota,screen,weekly,dk,wob_petrol_pre_tax,False,ok,,0.1,1.0,2026-03-16,4,2026-04-13,982.8625460397388,18.45528746447608,-4.990660718569123,33.95925741094935,954.2125273177454,951.4255059314992,-28.650018721993433,28.650018721993433,820.8235727705743,0.8610490864247828,0.0,600
3c380eebba6a76104f0f508da0de9ff7fefb36f630f3d86b22bc242ce8694860,96aeb9e050765e83500c78fff56f1d819db7e4564d89daf150082e922b9e813e,car_fuels_petrol,minnesota,screen,weekly,dk,wob_petrol_pre_tax,False,ok,,0.1,1.0,2026-03-16,13,2026-06-15,940.2938841507356,25.761368223836598,-5.381051522030691,87.18932777420297,978.7513858445652,977.3303471862426,38.45750169382961,38.45750169382961,1478.9794365309076,0.8610490864247828,0.0,600
122612a4acaaa6ac97a99101351f1e8609717c6f95cc376db9e8f0214dd15c2b,96aeb9e050765e83500c78fff56f1d819db7e4564d89daf150082e922b9e813e,car_fuels_petrol,minnesota,screen,weekly,dk,wob_petrol_pre_tax,False,ok,,0.1,1.0,2026-04-13,1,2026-04-20,959.3051594370872,13.759512127618109,-4.682667207334369,49.172821300353846,979.2644448137108,982.7595960096266,19.959285376623598,19.959285376623598,398.37307274550056,0.8607457084311695,0.0,600
122612a4acaaa6ac97a99101351f1e8609717c6f95cc376db9e8f0214dd15c2b,96aeb9e050765e83500c78fff56f1d819db7e4564d89daf150082e922b9e813e,car_fuels_petrol,minnesota,screen,weekly,dk,wob_petrol_pre_tax,False,ok,,0.1,1.0,2026-04-13,4,2026-05-11,1002.4157734608938,21.52539984845893,-5.458522337739245,128.36935385331134,991.077832991248,982.4984839670585,-11.337940469645787,11.337940469645787,128.54889409323172,0.8607457084311695,0.0,600
122612a4acaaa6ac97a99101351f1e8609717c6f95cc376db9e8f0214dd15c2b,96aeb9e050765e83500c78fff56f1d819db7e4564d89daf150082e922b9e813e,car_fuels_petrol,minnesota,screen,weekly,dk,wob_petrol_pre_tax,False,ok,,0.1,1.0,2026-04-13,13,2026-07-13,921.8501141376128,57.643567207009255,-6.261182644685045,283.99250615003467,991.4392796535748,994.6762815027757,69.58916551596201,69.58916551596201,4842.651957207956,0.8607457084311695,0.0,600
e6fe058e239f542e2af44d5cba6bd80e76c39edd460fd78cbb58b5a91592f8d0,96aeb9e050765e83500c78fff56f1d819db7e4564d89daf150082e922b9e813e,car_fuels_petrol,minnesota,screen,weekly,dk,wob_petrol_pre_tax,False,ok,,0.1,1.0,2026-05-11,1,2026-05-18,1009.3525467848006,5.160440712575134,-3.916825018098529,25.111581999956524,1004.1028591017744,1004.9635317553041,-5.249687683026195,5.249687683026195,27.559220769316944,0.8612290483907261,0.0,600
e6fe058e239f542e2af44d5cba6bd80e76c39edd460fd78cbb58b5a91592f8d0,96aeb9e050765e83500c78fff56f1d819db7e4564d89daf150082e922b9e813e,car_fuels_petrol,minnesota,screen,weekly,dk,wob_petrol_pre_tax,False,ok,,0.1,1.0,2026-05-11,4,2026-06-08,956.2471655709068,33.401005247216716,-5.4574747910212675,72.96434936107512,1012.7068745195808,1011.1104155030746,56.459708948674006,56.459708948674006,3187.6987345689795,0.8612290483907261,0.0,600
e6fe058e239f542e2af44d5cba6bd80e76c39edd460fd78cbb58b5a91592f8d0,96aeb9e050765e83500c78fff56f1d819db7e4564d89daf150082e922b9e813e,car_fuels_petrol,minnesota,screen,weekly,dk,wob_petrol_pre_tax,False,ok,,0.1,1.0,2026-05-11,13,2026-08-10,971.0773454716496,37.35358292923961,-5.878818446477338,223.7253271124047,1001.5304616129752,1002.2323861127628,30.45311614132561,30.45311614132561,927.3922827170663,0.8612290483907261,0.0,600
23ebac8ad5aac6c3d2d3e2ef53536ebf5e18114dc510851aa6b9adbb7d1d4e7e,b8803d253ce28d012ca9539f595d9a7a06c843883ac7c808a827cda0b14f4ec0,car_fuels_petrol,minnesota,screen,weekly,dk,wob_petrol_pre_tax,False,ok,,0.15,0.25,2025-12-22,1,2025-12-29,673.66534347496,3.154536405711517,-3.187940680722064,12.498517709527277,667.6992004220931,668.6828988246303,-5.966143052866869,5.966143052866869,35.5948629272716,0.8649362816991424,0.0,600
23ebac8ad5aac6c3d2d3e2ef53536ebf5e18114dc510851aa6b9adbb7d1d4e7e,b8803d253ce28d012ca9539f595d9a7a06c843883ac7c808a827cda0b14f4ec0,car_fuels_petrol,minnesota,screen,weekly,dk,wob_petrol_pre_tax,False,ok,,0.15,0.25,2025-12-22,4,2026-01-19,694.4498699799858,21.198469526120817,-5.091248799261019,29.162082075301292,660.6656367764931,663.0950588929129,-33.784233203492704,33.784233203492704,1141.3744131479789,0.8649362816991424,0.0,600
23ebac8ad5aac6c3d2d3e2ef53536ebf5e18114dc510851aa6b9adbb7d1d4e7e,b8803d253ce28d012ca9539f595d9a7a06c843883ac7c808a827cda0b14f4ec0,car_fuels_petrol,minnesota,screen,weekly,dk,wob_petrol_pre_tax,False,ok,,0.15,0.25,2025-12-22,13,2026-03-23,967.2672445671736,272.8830608999187,-29.048396690940866,60.172109596115426,661.4803425429967,668.1663140872995,-305.7869020241769,305.7869020241769,93505.62944954357,0.8649362816991424,0.0,600
45062ee34798b649dca41cced1300797ffe6b19ae5e25c2368a83e2417fe9b69,b8803d253ce28d012ca9539f595d9a7a06c843883ac7c808a827cda0b14f4ec0,car_fuels_petrol,minnesota,screen,weekly,dk,wob_petrol_pre_tax,False,ok,,0.15,0.25,2026-01-19,1,2026-01-26,696.7922316461068,2.027515936794112,-3.0852031779028146,18.566731422157016,698.8214549673162,697.5015041776206,2.029223321209429,2.029223321209429,4.117747287340225,0.8647852326485117,0.0,600
45062ee34798b649dca41cced1300797ffe6b19ae5e25c2368a83e2417fe9b69,b8803d253ce28d012ca9539f595d9a7a06c843883ac7c808a827cda0b14f4ec0,car_fuels_petrol,minnesota,screen,weekly,dk,wob_petrol_pre_tax,False,ok,,0.15,0.25,2026-01-19,4,2026-02-16,710.8193523793578,7.045774390534383,-4.276563425613681,40.2661164223956,704.3955383749086,702.5850722131688,-6.423814004449241,6.423814004449241,41.265386363758196,0.8647852326485117,0.0,600
45062ee34798b649dca41cced1300797ffe6b19ae5e25c2368a83e2417fe9b69,b8803d253ce28d012ca9539f595d9a7a06c843883ac7c808a827cda0b14f4ec0,car_fuels_petrol,minnesota,screen,weekly,dk,wob_petrol_pre_tax,False,ok,,0.15,0.25,2026-01-19,13,2026-04-20,959.3051594370872,212.12089739271173,-11.286178845835988,91.82868346430746,711.5352963088693,713.1607079510138,-247.76986312821793,247.76986312821793,61389.90507457585,0.8647852326485117,0.0,600
d8775fcb4a8c96ed3c72898bcdcd49ff52117d95d1d4e664196f1f56385974f4,b8803d253ce28d012ca9539f595d9a7a06c843883ac7c808a827cda0b14f4ec0,car_fuels_petrol,minnesota,screen,weekly,dk,wob_petrol_pre_tax,False,ok,,0.15,0.25,2026-02-16,1,2026-02-23,714.2179965811738,1.6061274868169848,-2.87218864034177,7.995102817940738,714.0088478077851,713.6798535335415,-0.2091487733887334,0.2091487733887334,0.04374320941001175,0.8646109575397061,0.0,600
d8775fcb4a8c96ed3c72898bcdcd49ff52117d95d1d4e664196f1f56385974f4,b8803d253ce28d012ca9539f595d9a7a06c843883ac7c808a827cda0b14f4ec0,car_fuels_petrol,minnesota,screen,weekly,dk,wob_petrol_pre_tax,False,ok,,0.15,0.25,2026-02-16,4,2026-03-16,884.283080166177,156.6718476543846,-35.95137066590642,25.617285993808537,714.881366358315,715.0911220696969,-169.40171380786205,169.40171380786205,28696.9406410408,0.8646109575397061,0.0,600
d8775fcb4a8c96ed3c72898bcdcd49ff52117d95d1d4e664196f1f56385974f4,b8803d253ce28d012ca9539f595d9a7a06c843883ac7c808a827cda0b14f4ec0,car_fuels_petrol,minnesota,screen,weekly,dk,wob_petrol_pre_tax,False,ok,,0.15,0.25,2026-02-16,13,2026-05-18,1009.3525467848006,261.0338877992292,-29.474900780753735,53.08316834482029,720.5877220073431,721.4969159427385,-288.7648247774574,288.7648247774574,83385.12402875569,0.8646109575397061,0.0,600
f1e8437a2c03c282e0c4d741f42645ba8b2756e8605d74888d98ef1dbe3b5b70,b8803d253ce28d012ca9539f595d9a7a06c843883ac7c808a827cda0b14f4ec0,car_fuels_petrol,minnesota,screen,weekly,dk,wob_petrol_pre_tax,False,ok,,0.15,0.25,2026-03-16,1,2026-03-23,967.2672445671736,46.47241922318197,-23.88178766566575,10.694138520380909,914.9302951966606,914.6034878658311,-52.336949370513025,52.336949370513025,2739.1562694116437,0.8646357669164879,0.0,600
f1e8437a2c03c282e0c4d741f42645ba8b2756e8605d74888d98ef1dbe3b5b70,b8803d253ce28d012ca9539f595d9a7a06c843883ac7c808a827cda0b14f4ec0,car_fuels_petrol,minnesota,screen,weekly,dk,wob_petrol_pre_tax,False,ok,,0.15,0.25,2026-03-16,4,2026-04-13,982.8625460397388,25.16501599048365,-5.186263137292039,33.04383800948699,944.4801391207726,942.3074827635917,-38.38240691896624,38.38240691896624,1473.2091608931075,0.8646357669164879,0.0,600
f1e8437a2c03c282e0c4d741f42645ba8b2756e8605d74888d98ef1dbe3b5b70,b8803d253ce28d012ca9539f595d9a7a06c843883ac7c808a827cda0b14f4ec0,car_fuels_petrol,minnesota,screen,weekly,dk,wob_petrol_pre_tax,False,ok,,0.15,0.25,2026-03-16,13,2026-06-15,940.2938841507356,17.864235307271557,-5.209139003392012,86.82609317624903,950.4506187647821,953.5577612076488,10.156734614046513,10.156734614046513,103.15925802017058,0.8646357669164879,0.0,600
23cf42c9b538fef9f4cc17d400f8e04c79958249017a94c29ceebc87e46c9e3a,b8803d253ce28d012ca9539f595d9a7a06c843883ac7c808a827cda0b14f4ec0,car_fuels_petrol,minnesota,screen,weekly,dk,wob_petrol_pre_tax,False,ok,,0.15,0.25,2026-04-13,1,2026-04-20,959.3051594370872,13.232282174827304,-4.671269796276983,31.408733363057607,980.9759439083293,980.4601804524909,21.670784471242087,21.670784471242087,469.62289959902716,0.8653837950711856,0.0,600
23cf42c9b538fef9f4cc17d400f8e04c79958249017a94c29ceebc87e46c9e3a,b8803d253ce28d012ca9539f595d9a7a06c843883ac7c808a827cda0b14f4ec0,car_fuels_petrol,minnesota,screen,weekly,dk,wob_petrol_pre_tax,False,ok,,0.15,0.25,2026-04-13,4,2026-05-11,1002.4157734608938,20.484986724555014,-5.360241734489098,103.6390979219522,990.2114213574002,986.1963942063724,-12.204352103493534,12.204352103493534,148.94621026604705,0.8653837950711856,0.0,600
23cf42c9b538fef9f4cc17d400f8e04c79958249017a94c29ceebc87e46c9e3a,b8803d253ce28d012ca9539f595d9a7a06c843883ac7c808a827cda0b14f4ec0,car_fuels_petrol,minnesota,screen,weekly,dk,wob_petrol_pre_tax,False,ok,,0.15,0.25,2026-04-13,13,2026-07-13,921.8501141376128,59.38528352799506,-6.2522416707910935,233.8530337109846,1012.3818295809671,1015.3254060447515,90.5317154433543,90.5317154433543,8195.991501116476,0.8653837950711856,0.0,600
054b6761b84dca691c7f555ab5a6ff8e5594ef6d5a764def1d817e22065764e3,b8803d253ce28d012ca9539f595d9a7a06c843883ac7c808a827cda0b14f4ec0,car_fuels_petrol,minnesota,screen,weekly,dk,wob_petrol_pre_tax,False,ok,,0.15,0.25,2026-05-11,1,2026-05-18,1009.3525467848006,5.62415888405946,-4.017818460036517,27.73363129028732,1004.120806125061,1005.5660700041387,-5.2317406597395575,5.2317406597395575,27.3711103307721,0.8652574307582745,0.0,600
054b6761b84dca691c7f555ab5a6ff8e5594ef6d5a764def1d817e22065764e3,b8803d253ce28d012ca9539f595d9a7a06c843883ac7c808a827cda0b14f4ec0,car_fuels_petrol,minnesota,screen,weekly,dk,wob_petrol_pre_tax,False,ok,,0.15,0.25,2026-05-11,4,2026-06-08,956.2471655709068,30.748356463144546,-5.38969002542201,76.2861242698805,1009.4568604448476,1005.9204879174554,53.20969487394086,53.20969487394086,2831.2716285778884,0.8652574307582745,0.0,600
054b6761b84dca691c7f555ab5a6ff8e5594ef6d5a764def1d817e22065764e3,b8803d253ce28d012ca9539f595d9a7a06c843883ac7c808a827cda0b14f4ec0,car_fuels_petrol,minnesota,screen,weekly,dk,wob_petrol_pre_tax,False,ok,,0.15,0.25,2026-05-11,13,2026-08-10,971.0773454716496,36.45022106690706,-5.902378368191919,175.19893640420483,1005.3452594367516,1002.6954611095625,34.267913965102025,34.267913965102025,1174.2899275196344,0.8652574307582745,0.0,600
0dd9eb04b764c1859b7a214cb848d524b3e3334f0a46beeb126ddb414918ab4f,9826e64f599a01481b1a9861db15c1388ecb6686484ffe3804910825423371f0,car_fuels_petrol,minnesota,screen,weekly,dk,wob_petrol_pre_tax,False,ok,,0.15,0.5,2025-12-22,1,2025-12-29,673.66534347496,3.552453084118789,-3.2529539701901147,7.044121315731316,667.677813846629,667.7867301768315,-5.9875296283310036,5.9875296283310036,35.850511050141606,0.867698840511475,0.0,600
0dd9eb04b764c1859b7a214cb848d524b3e3334f0a46beeb126ddb414918ab4f,9826e64f599a01481b1a9861db15c1388ecb6686484ffe3804910825423371f0,car_fuels_petrol,minnesota,screen,weekly,dk,wob_petrol_pre_tax,False,ok,,0.15,0.5,2025-12-22,4,2026-01-19,694.4498699799858,22.451369164259223,-5.207575836519816,22.492539738826522,661.1341712050548,661.8991850230698,-33.31569877493098,33.31569877493098,1109.9357848619375,0.867698840511475,0.0,600
0dd9eb04b764c1859b7a214cb848d524b3e3334f0a46beeb126ddb414918ab4f,9826e64f599a01481b1a9861db15c1388ecb6686484ffe3804910825423371f0,car_fuels_petrol,minnesota,screen,weekly,dk,wob_petrol_pre_tax,False,ok,,0.15,0.5,2025-12-22,13,2026-03-23,967.2672445671736,272.89149820836326,-54.41263969816821,57.551865607246185,662.4903538378087,667.5347013865036,-304.77689072936494,304.77689072936494,92888.95312265925,0.867698840511475,0.0,600
1d1e7e1e5cc85d048f59e8692fcc78df727deeaa87446402163d52a5df35bd7b,9826e64f599a01481b1a9861db15c1388ecb6686484ffe3804910825423371f0,car_fuels_petrol,minnesota,screen,weekly,dk,wob_petrol_pre_tax,False,ok,,0.15,0.5,2026-01-19,1,2026-01-26,696.7922316461068,2.1494138626610724,-3.0269106701214286,15.319984822839992,699.0480664807811,699.4323833395466,2.255834834674374,2.255834834674374,5.088790801330361,0.8676875586601134,0.0,600
1d1e7e1e5cc85d048f59e8692fcc78df727deeaa87446402163d52a5df35bd7b,9826e64f599a01481b1a9861db15c1388ecb6686484ffe3804910825423371f0,car_fuels_petrol,minnesota,screen,weekly,dk,wob_petrol_pre_tax,False,ok,,0.15,0.5,2026-01-19,4,2026-02-16,710.8193523793578,6.507186044457182,-4.173157215203589,39.654632627689715,703.8160113416845,705.032443716925,-7.0033410376732945,7.0033410376732945,49.04678568995886,0.8676875586601134,0.0,600
1d1e7e1e5cc85d048f59e8692fcc78df727deeaa87446402163d52a5df35bd7b,9826e64f599a01481b1a9861db15c1388ecb6686484ffe3804910825423371f0,car_fuels_petrol,minnesota,screen,weekly,dk,wob_petrol_pre_tax,False,ok,,0.15,0.5,2026-01-19,13,2026-04-20,959.3051594370872,203.60296937750297,-8.826090439623343,90.14935922657988,710.4317139135248,715.4297784081703,-248.8734455235624,248.8734455235624,61937.99188676958,0.8676875586601134,0.0,600
4a1db7c6c0fe70db75ab267121dd1b6ad98e7f708535df64a4ce0ac1a04ba5e0,9826e64f599a01481b1a9861db15c1388ecb6686484ffe3804910825423371f0,car_fuels_petrol,minnesota,screen,weekly,dk,wob_petrol_pre_tax,False,ok,,0.15,0.5,2026-02-16,1,2026-02-23,714.2179965811738,1.5413263508822155,-2.8342425203892967,6.93071307025437,713.9441349698232,713.6622537828571,-0.2738616113506396,0.2738616113506396,0.07500018217156876,0.867716254303472,0.0,600
4a1db7c6c0fe70db75ab267121dd1b6ad98e7f708535df64a4ce0ac1a04ba5e0,9826e64f599a01481b1a9861db15c1388ecb6686484ffe3804910825423371f0,car_fuels_petrol,minnesota,screen,weekly,dk,wob_petrol_pre_tax,False,ok,,0.15,0.5,2026-02-16,4,2026-03-16,884.283080166177,153.34416910338896,-38.016781058279754,23.878028477277283,718.3744695600551,719.7605786942438,-165.9086106061219,165.9086106061219,27525.667073253782,0.867716254303472,0.0,600
4a1db7c6c0fe70db75ab267121dd1b6ad98e7f708535df64a4ce0ac1a04ba5e0,9826e64f599a01481b1a9861db15c1388ecb6686484ffe3804910825423371f0,car_fuels_petrol,minnesota,screen,weekly,dk,wob_petrol_pre_tax,False,ok,,0.15,0.5,2026-02-16,13,2026-05-18,1009.3525467848006,253.48390297699456,-20.711862609897594,56.192084536327,725.2094736754524,724.8290811393556,-284.14307310934817,284.14307310934817,80737.28599602438,0.867716254303472,0.0,600
