date,hicp_gas
1995-01-01,29.11
1995-02-01,29.23
1995-03-01,29.62
1995-04-01,29.56
1995-05-01,29.63
1995-06-01,29.62
1995-07-01,29.53
1995-08-01,29.51
1995-09-01,29.46
1995-10-01,29.43
1995-11-01,29.38
1995-12-01,29.49
1996-01-01,29.33
1996-02-01,29.4
1996-03-01,29.42
1996-04-01,29.44
1996-05-01,29.53
1996-06-01,29.62
1996-07-01,29.81
1996-08-01,29.83
1996-09-01,30.0
1996-10-01,30.11
1996-11-01,30.31
1996-12-01,30.53
1997-01-01,30.88
1997-02-01,31.13
1997-03-01,31.28
1997-04-01,31.36
1997-05-01,31.55
1997-06-01,31.63
1997-07-01,31.84
1997-08-01,31.93
1997-09-01,31.94
1997-10-01,32.11
1997-11-01,32.15
1997-12-01,32.27
1998-01-01,31.82
1998-02-01,31.86
1998-03-01,31.84
1998-04-01,31.8
1998-05-01,31.68
1998-06-01,31.7
1998-07-01,31.4
1998-08-01,31.39
1998-09-01,31.28
1998-10-01,31.26
1998-11-01,30.97
1998-12-01,31.04
1999-01-01,30.29
1999-02-01,30.31
1999-03-01,30.31
1999-04-01,30.4
1999-05-01,30.27
1999-06-01,30.35
1999-07-01,30.4
1999-08-01,30.66
1999-09-01,30.94
1999-10-01,30.95
1999-11-01,31.1
1999-12-01,31.36
2000-01-01,31.76
2000-02-01,32.09
2000-03-01,32.48
2000-04-01,33.0
2000-05-01,33.74
2000-06-01,33.99
2000-07-01,34.63
2000-08-01,34.95
2000-09-01,35.34
2000-10-01,35.98
2000-11-01,36.97
2000-12-01,37.35
2001-01-01,38.47
2001-02-01,38.96
2001-03-01,39.18
2001-04-01,39.43
2001-05-01,39.71
2001-06-01,39.82
2001-07-01,39.85
2001-08-01,39.89
2001-09-01,39.96
2001-10-01,39.78
2001-11-01,39.81
2001-12-01,39.92
2002-01-01,39.09
2002-02-01,39.15
2002-03-01,39.07
2002-04-01,38.66
2002-05-01,38.4
2002-06-01,38.46
2002-07-01,38.51
2002-08-01,38.58
2002-09-01,38.59
2002-10-01,38.62
2002-11-01,38.65
2002-12-01,38.81
2003-01-01,38.98
2003-02-01,39.35
2003-03-01,39.59
2003-04-01,40.05
2003-05-01,40.33
2003-06-01,40.51
2003-07-01,40.63
2003-08-01,40.73
2003-09-01,40.88
2003-10-01,40.86
2003-11-01,40.4
2003-12-01,40.59
2004-01-01,39.79
2004-02-01,39.87
2004-03-01,40.02
2004-04-01,39.89
2004-05-01,40.04
2004-06-01,40.23
2004-07-01,40.31
2004-08-01,40.48
2004-09-01,40.66
2004-10-01,40.97
2004-11-01,41.33
2004-12-01,41.73
2005-01-01,42.14
2005-02-01,42.49
2005-03-01,42.89
2005-04-01,43.33
2005-05-01,43.66
2005-06-01,43.98
2005-07-01,44.78
2005-08-01,45.37
2005-09-01,45.98
2005-10-01,46.81
2005-11-01,47.47
2005-12-01,47.78
2006-01-01,48.64
2006-02-01,49.02
2006-03-01,49.7
2006-04-01,50.53
2006-05-01,51.1
2006-06-01,51.45
2006-07-01,51.8
2006-08-01,52.03
2006-09-01,52.09
2006-10-01,52.24
2006-11-01,52.35
2006-12-01,52.55
2007-01-01,52.5
2007-02-01,52.49
2007-03-01,52.78
2007-04-01,51.87
2007-05-01,51.93
2007-06-01,52.17
2007-07-01,51.65
2007-08-01,51.77
2007-09-01,51.7
2007-10-01,51.74
2007-11-01,52.01
2007-12-01,52.27
2008-01-01,53.76
2008-02-01,54.05
2008-03-01,54.79
2008-04-01,55.53
2008-05-01,56.52
2008-06-01,57.22
2008-07-01,58.27
2008-08-01,59.06
2008-09-01,60.03
2008-10-01,61.34
2008-11-01,61.79
2008-12-01,62.29
2009-01-01,61.89
2009-02-01,61.63
2009-03-01,61.78
2009-04-01,57.86
2009-05-01,57.6
2009-06-01,57.35
2009-07-01,54.56
2009-08-01,54.29
2009-09-01,53.9
2009-10-01,52.9
2009-11-01,52.59
2009-12-01,52.39
2010-01-01,52.12
2010-02-01,52.18
2010-03-01,52.67
2010-04-01,53.65
2010-05-01,54.07
2010-06-01,54.48
2010-07-01,55.56
2010-08-01,55.77
2010-09-01,55.89
2010-10-01,55.85
2010-11-01,55.99
2010-12-01,56.22
2011-01-01,56.4
2011-02-01,56.69
2011-03-01,57.24
2011-04-01,58.13
2011-05-01,58.64
2011-06-01,59.19
2011-07-01,60.12
2011-08-01,60.39
2011-09-01,60.63
2011-10-01,61.51
2011-11-01,61.74
2011-12-01,61.94
2012-01-01,62.66
2012-02-01,62.95
2012-03-01,63.29
2012-04-01,63.68
2012-05-01,64.15
2012-06-01,64.38
2012-07-01,65.0
2012-08-01,65.17
2012-09-01,65.44
2012-10-01,65.64
2012-11-01,65.72
2012-12-01,65.78
2013-01-01,65.94
2013-02-01,65.85
2013-03-01,66.02
2013-04-01,65.7
2013-05-01,65.75
2013-06-01,65.85
2013-07-01,65.83
2013-08-01,65.77
2013-09-01,65.68
2013-10-01,65.27
2013-11-01,65.19
2013-12-01,65.05
2014-01-01,64.83
2014-02-01,64.84
2014-03-01,64.76
2014-04-01,64.62
2014-05-01,64.6
2014-06-01,64.47
2014-07-01,63.76
2014-08-01,63.55
2014-09-01,63.35
2014-10-01,64.2
2014-11-01,64.21
2014-12-01,63.89
2015-01-01,63.3
2015-02-01,63.07
2015-03-01,62.76
2015-04-01,62.64
2015-05-01,62.55
2015-06-01,62.39
2015-07-01,62.16
2015-08-01,62.03
2015-09-01,61.76
2015-10-01,61.51
2015-11-01,61.24
2015-12-01,60.93
2016-01-01,60.08
2016-02-01,59.76
2016-03-01,59.41
2016-04-01,58.44
2016-05-01,58.32
2016-06-01,58.15
2016-07-01,58.46
2016-08-01,58.42
2016-09-01,58.4
2016-10-01,58.05
2016-11-01,57.99
2016-12-01,58.31
2017-01-01,58.57
2017-02-01,58.84
2017-03-01,59.26
2017-04-01,60.11
2017-05-01,59.95
2017-06-01,59.85
2017-07-01,59.54
2017-08-01,59.29
2017-09-01,59.17
2017-10-01,59.09
2017-11-01,59.14
2017-12-01,59.16
2018-01-01,60.02
2018-02-01,60.06
2018-03-01,59.87
2018-04-01,59.97
2018-05-01,60.22
2018-06-01,60.3
2018-07-01,62.92
2018-08-01,62.76
2018-09-01,62.82
2018-10-01,63.76
2018-11-01,64.21
2018-12-01,64.05
2019-01-01,63.81
2019-02-01,63.9
2019-03-01,63.96
2019-04-01,63.54
2019-05-01,63.86
2019-06-01,63.78
2019-07-01,62.86
2019-08-01,62.44
2019-09-01,62.19
2019-10-01,61.43
2019-11-01,61.62
2019-12-01,62.07
2020-01-01,61.58
2020-02-01,61.62
2020-03-01,61.26
2020-04-01,60.58
2020-05-01,60.84
2020-06-01,60.76
2020-07-01,59.84
2020-08-01,59.42
2020-09-01,59.06
2020-10-01,58.99
2020-11-01,59.17
2020-12-01,59.81
2021-01-01,60.58
2021-02-01,61.42
2021-03-01,61.87
2021-04-01,63.38
2021-05-01,63.94
2021-06-01,64.57
2021-07-01,68.14
2021-08-01,68.32
2021-09-01,68.78
2021-10-01,72.3
2021-11-01,75.05
2021-12-01,76.79
2022-01-01,85.23
2022-02-01,87.13
2022-03-01,93.25
2022-04-01,96.25
2022-05-01,97.81
2022-06-01,97.93
2022-07-01,103.96
2022-08-01,111.23
2022-09-01,118.18
2022-10-01,128.28
2022-11-01,125.31
2022-12-01,114.34
2023-01-01,110.14
2023-02-01,105.22
2023-03-01,101.19
2023-04-01,101.7
2023-05-01,102.86
2023-06-01,101.28
2023-07-01,98.26
2023-08-01,96.91
2023-09-01,95.66
2023-10-01,94.49
2023-11-01,94.53
2023-12-01,96.7
2024-01-01,99.7
2024-02-01,99.18
2024-03-01,97.92
2024-04-01,97.71
2024-05-01,97.76
2024-06-01,98.36
2024-07-01,99.44
2024-08-01,99.13
2024-09-01,98.63
2024-10-01,98.62
2024-11-01,99.58
2024-12-01,101.02
2025-01-01,101.46
2025-02-01,102.83
2025-03-01,104.29
2025-04-01,102.26
2025-05-01,100.6
2025-06-01,99.88
2025-07-01,100.06
2025-08-01,98.98
2025-09-01,98.36
2025-10-01,97.24
2025-11-01,97.07
2025-12-01,97.31
2026-01-01,96.7
2026-02-01,97.22
2026-03-01,99.24
2026-04-01,102.67
2026-05-01,104.24
2026-06-01,104.44
