date,baseline_vat_percent,scenario_vat_percent,baseline_excise,scenario_excise,scenario_active
2026-07-01,16.87451286048325,16.87451286048325,0.0401999999999999,0.0401999999999999,False
2026-08-01,16.87451286048325,16.87451286048325,0.0401999999999999,0.0401999999999999,False
2026-09-01,16.87451286048325,16.87451286048325,0.0401999999999999,0.0401999999999999,False
2026-10-01,16.87451286048325,16.87451286048325,0.0401999999999999,0.0401999999999999,False
2026-11-01,16.87451286048325,16.87451286048325,0.0401999999999999,0.0401999999999999,False
2026-12-01,16.87451286048325,16.87451286048325,0.0401999999999999,0.0401999999999999,False
2027-01-01,16.87451286048325,16.87451286048325,0.0401999999999999,0.0401999999999999,False
2027-02-01,16.87451286048325,16.87451286048325,0.0401999999999999,0.0401999999999999,False
2027-03-01,16.87451286048325,16.87451286048325,0.0401999999999999,0.0401999999999999,False
2027-04-01,16.87451286048325,16.87451286048325,0.0401999999999999,0.0401999999999999,False
2027-05-01,16.87451286048325,16.87451286048325,0.0401999999999999,0.0401999999999999,False
2027-06-01,16.87451286048325,16.87451286048325,0.0401999999999999,0.0401999999999999,False
2027-07-01,16.87451286048325,16.87451286048325,0.0401999999999999,0.0401999999999999,False
