date,hicp_total_reconstructed
2001-01-01,59.52309356917846
2001-02-01,59.70334806105734
2001-03-01,60.01556665856073
2001-04-01,60.38144863640899
2001-05-01,60.65959123340681
2001-06-01,60.74302964307558
2001-07-01,60.61687894515075
2001-08-01,60.56240919910346
2001-09-01,60.722703367708
2001-10-01,60.76937460776309
2001-11-01,60.72966215947095
2001-12-01,61.011134210509944
2002-01-01,61.07924802980914
2002-02-01,61.1755373373462
2002-03-01,61.516390326191946
2002-04-01,61.79153572150882
2002-05-01,61.914729798687326
2002-06-01,61.880654488221914
2002-07-01,61.82483166001809
2002-08-01,61.85678272625596
2002-09-01,62.02551380176377
2002-10-01,62.164599615014794
2002-11-01,62.12375983148185
2002-12-01,62.41446522267006
2003-01-01,62.36441426046039
2003-02-01,62.61747610863529
2003-03-01,62.97988129581058
2003-04-01,63.06553101642807
2003-05-01,63.032368482224534
2003-06-01,63.10623615991802
2003-07-01,63.007654588807014
2003-08-01,63.115666085263065
2003-09-01,63.32694907322743
2003-10-01,63.424823509475395
2003-11-01,63.45966235351882
2003-12-01,63.6578445176259
2004-01-01,63.497014029947884
2004-02-01,63.64894699927335
2004-03-01,64.05176976624938
2004-04-01,64.36534833713749
2004-05-01,64.57931358729323
2004-06-01,64.61923636137305
2004-07-01,64.47190406489936
2004-08-01,64.59430476114197
2004-09-01,64.68220495510859
2004-10-01,64.93220272847213
2004-11-01,64.88965677336653
2004-12-01,65.12550152020226
2005-01-01,64.72106198894713
2005-02-01,64.9533623842368
2005-03-01,65.43378471125816
2005-04-01,65.71072690036446
2005-05-01,65.84494415885153
2005-06-01,65.92642464010363
2005-07-01,65.8544948183434
2005-08-01,66.00590583565531
2005-09-01,66.35170039355467
2005-10-01,66.50733397832145
2005-11-01,66.3635314025189
2005-12-01,66.59888664293848
2006-01-01,66.29246302037566
2006-02-01,66.4750319006591
2006-03-01,66.85786868424125
2006-04-01,67.29762636744064
2006-05-01,67.48539938939757
2006-06-01,67.53576462086791
2006-07-01,67.44779199455658
2006-08-01,67.5092636239796
2006-09-01,67.5128398363299
2006-10-01,67.57040338669243
2006-11-01,67.59722014545451
2006-12-01,67.86010329745298
2007-01-01,67.51283620450263
2007-02-01,67.7090860506002
2007-03-01,68.15867057877591
2007-04-01,68.59147912752306
2007-05-01,68.75329888894991
2007-06-01,68.82315792046299
2007-07-01,68.65363371775604
2007-08-01,68.6998256547995
2007-09-01,68.9547898277837
2007-10-01,69.29569357250658
2007-11-01,69.66767546849466
2007-12-01,69.94529325143496
2008-01-01,69.67748200684848
2008-02-01,69.9183113864321
2008-03-01,70.60308571785379
2008-04-01,70.83139717220209
2008-05-01,71.27723767781812
2008-06-01,71.55052246422514
2008-07-01,71.43834065019465
2008-08-01,71.33650595908333
2008-09-01,71.47013646189933
2008-10-01,71.48667258692788
2008-11-01,71.14385573168836
2008-12-01,71.0501794415915
2009-01-01,70.45656739556371
2009-02-01,70.74439632088531
2009-03-01,71.01280345577526
2009-04-01,71.26291278460799
2009-05-01,71.2997420123478
2009-06-01,71.44388322694202
2009-07-01,70.97491721861873
2009-08-01,71.21930259956594
2009-09-01,71.23320054966699
2009-10-01,71.39628482639911
2009-11-01,71.48430690699946
2009-12-01,71.70704110365614
2010-01-01,71.12100563469744
2010-02-01,71.34349884334897
2010-03-01,72.13353601898496
2010-04-01,72.42618227400692
2010-05-01,72.51036341904367
2010-06-01,72.50988562703701
2010-07-01,72.20219746412397
2010-08-01,72.34220496035891
2010-09-01,72.56410299330777
2010-10-01,72.78359002509106
2010-11-01,72.85226691364821
2010-12-01,73.29144805966571
2011-01-01,72.76768832199959
2011-02-01,73.07490525951
2011-03-01,74.06112273925588
2011-04-01,74.47729741237359
2011-05-01,74.47810588152534
2011-06-01,74.47352147202557
2011-07-01,74.04780254517563
2011-08-01,74.1890644385909
2011-09-01,74.73219258906768
2011-10-01,74.98952690500168
2011-11-01,75.0581554849119
2011-12-01,75.30890225353244
2012-01-01,74.69740963669409
2012-02-01,75.06976571304206
2012-03-01,76.04408289096907
2012-04-01,76.39499512478956
2012-05-01,76.28905663855546
2012-06-01,76.23021889772612
2012-07-01,75.83149635424769
2012-08-01,76.12228147546112
2012-09-01,76.67762219195426
2012-10-01,76.86215208986208
2012-11-01,76.70873674206543
2012-12-01,76.98247988185575
2013-01-01,76.18203246576357
2013-02-01,76.45965090754343
2013-03-01,77.36561138044388
2013-04-01,77.29791035507405
2013-05-01,77.37853585100142
2013-06-01,77.46419150936336
2013-07-01,77.0486058183657
2013-08-01,77.14306906515135
2013-09-01,77.51617991483694
2013-10-01,77.42353781186686
2013-11-01,77.36298845819941
2013-12-01,77.63536980213303
2014-01-01,76.7668033550891
2014-02-01,77.00344331611304
2014-03-01,77.72843754018346
2014-04-01,77.84527905683287
2014-05-01,77.76098096072896
2014-06-01,77.84328930417219
2014-07-01,77.33706246143629
2014-08-01,77.42516074579929
2014-09-01,77.76431569033711
2014-10-01,77.71936983241737
2014-11-01,77.5768206194632
2014-12-01,77.50612125654793
2015-01-01,76.30831758400687
2015-02-01,76.77697063755024
2015-03-01,77.67392080256873
2015-04-01,78.00714983194099
2015-05-01,78.22505821188234
2015-06-01,78.23418508903896
2015-07-01,77.76140668234883
2015-08-01,77.7633558679864
2015-09-01,77.92236749786188
2015-10-01,78.02170315258132
2015-11-01,77.68045059068311
2015-12-01,77.69813869448015
2016-01-01,76.5547698473947
2016-02-01,76.68378803461873
2016-03-01,77.64482598061491
2016-04-01,77.80650989317664
2016-05-01,78.13333776510785
2016-06-01,78.27147099561876
2016-07-01,77.8883988510409
2016-08-01,77.9408262586443
2016-09-01,78.23472715945353
2016-10-01,78.41616290510291
2016-11-01,78.13654759531862
2016-12-01,78.5524277826118
2017-01-01,77.8763270865115
2017-02-01,78.18350969186051
2017-03-01,78.83137049658067
2017-04-01,79.280642321272
2017-05-01,79.21426530480976
2017-06-01,79.28873003873244
2017-07-01,78.93268562554908
2017-08-01,79.14090742246148
2017-09-01,79.4542079877492
2017-10-01,79.49193596801227
2017-11-01,79.33387563829842
2017-12-01,79.6088323426561
2018-01-01,78.88160089072827
2018-02-01,79.05732334250395
2018-03-01,79.93362561843632
2018-04-01,80.25812246302641
2018-05-01,80.76241194671955
2018-06-01,80.84806359647567
2018-07-01,80.66416553961865
2018-08-01,80.78551980033639
2018-09-01,81.10741409701676
2018-10-01,81.30477812985747
2018-11-01,80.85722010350437
2018-12-01,80.81840356544258
2019-01-01,79.98230159204954
2019-02-01,80.23552901114472
2019-03-01,81.05417177612112
2019-04-01,81.63497883125959
2019-05-01,81.74727616047221
2019-06-01,81.87464297385483
2019-07-01,81.49059571606713
2019-08-01,81.60528609448367
2019-09-01,81.78403811887657
2019-10-01,81.8953807837366
2019-11-01,81.63727880258804
2019-12-01,81.89484141792119
2020-01-01,81.06782705323978
2020-02-01,81.2142076183725
2020-03-01,81.65952932393596
2020-04-01,81.89440549232458
2020-05-01,81.81504873815592
2020-06-01,82.09381518126925
2020-07-01,81.80632143936798
2020-08-01,81.46568972362806
2020-09-01,81.52706024970261
2020-10-01,81.67530431683889
2020-11-01,81.40010093165645
2020-12-01,81.66861260744952
2021-01-01,81.8077081574161
2021-02-01,81.97674088645456
2021-03-01,82.74558369250688
2021-04-01,83.21532013353145
2021-05-01,83.43358640451396
2021-06-01,83.65690833138441
2021-07-01,83.58048393525218
2021-08-01,83.87071289792802
2021-09-01,84.26541338525031
2021-10-01,84.98744454063977
2021-11-01,85.36208654938365
2021-12-01,85.72831601330248
2022-01-01,85.98216008025926
2022-02-01,86.79408523504735
2022-03-01,88.90701583958807
2022-04-01,89.41248514481394
2022-05-01,90.15418525246595
2022-06-01,90.88256981244179
2022-07-01,90.9881498202133
2022-08-01,91.53970872789893
2022-09-01,92.63343943307575
2022-10-01,94.01333879998842
2022-11-01,93.94198289363366
2022-12-01,93.6142261256329
2023-01-01,93.41673530933379
2023-02-01,94.16971593599825
2023-03-01,95.02263958401106
2023-04-01,95.62682384176338
2023-05-01,95.65673074977522
2023-06-01,95.90318888612653
2023-07-01,95.81540485099924
2023-08-01,96.34094800075113
2023-09-01,96.64551454029132
2023-10-01,96.73306751065579
2023-11-01,96.19657297890015
2023-12-01,96.35126166693951
2024-01-01,96.00779230058718
2024-02-01,96.6019570224688
2024-03-01,97.33186361143082
2024-04-01,97.8963282326705
2024-05-01,98.11414516260318
2024-06-01,98.31990362804167
2024-07-01,98.29285767738367
2024-08-01,98.42450959469407
2024-09-01,98.33579976441368
2024-10-01,98.67483127133856
2024-11-01,98.35230399694163
2024-12-01,98.700827127295
2025-01-01,98.42579689154526
2025-02-01,98.84545545089205
2025-03-01,99.45421953325197
2025-04-01,100.01826304235763
2025-05-01,99.96474859299765
2025-06-01,100.26994432319903
2025-07-01,100.2926023151843
2025-08-01,100.43776256716917
2025-09-01,100.52950030633858
2025-10-01,100.74561975313657
2025-11-01,100.45215185599066
2025-12-01,100.63394914881707
2026-01-01,100.07238227890281
2026-02-01,100.71628772416476
2026-03-01,101.99346821806151
2026-04-01,103.04486995642965
2026-05-01,103.13218340075865
2026-06-01,103.02901831788746
2026-07-01,103.22836348649155
