date,hicp_core_reconstructed
2001-01-01,65.77615891396418
2001-02-01,65.86531342569367
2001-03-01,66.22242414455681
2001-04-01,66.54019746937779
2001-05-01,66.61481646820744
2001-06-01,66.73424070502973
2001-07-01,66.71308281081464
2001-08-01,66.77755674582838
2001-09-01,66.94315038629134
2001-10-01,67.15433616171258
2001-11-01,67.22721590025608
2001-12-01,67.65091490905725
2002-01-01,67.33389091679057
2002-02-01,67.50769262571127
2002-03-01,67.9065209015092
2002-04-01,68.10909244897707
2002-05-01,68.3062142730889
2002-06-01,68.37431485276603
2002-07-01,68.31842597177129
2002-08-01,68.38257857212916
2002-09-01,68.53541726681219
2002-10-01,68.69478948929479
2002-11-01,68.7663309743689
2002-12-01,69.12893087030453
2003-01-01,68.58842493280395
2003-02-01,68.75774996251967
2003-03-01,69.15552857899799
2003-04-01,69.45254130440166
2003-05-01,69.53174887349981
2003-06-01,69.59287966259664
2003-07-01,69.42634622644469
2003-08-01,69.52755650482747
2003-09-01,69.74333855079722
2003-10-01,69.89748278550452
2003-11-01,69.91507342162608
2003-12-01,70.22900771302575
2004-01-01,69.76157793053753
2004-02-01,70.01417110351173
2004-03-01,70.37876744715695
2004-04-01,70.72490687808661
2004-05-01,70.79654289275864
2004-06-01,70.90602750000569
2004-07-01,70.70717525434071
2004-08-01,70.86713151655884
2004-09-01,71.0325232673607
2004-10-01,71.18874528633452
2004-11-01,71.22199630302329
2004-12-01,71.55082306655578
2005-01-01,70.85676149919419
2005-02-01,71.02692669357647
2005-03-01,71.48284108816522
2005-04-01,71.69864585465513
2005-05-01,71.9026026763881
2005-06-01,71.89287449912055
2005-07-01,71.62366443858144
2005-08-01,71.76520113701368
2005-09-01,71.95970235612478
2005-10-01,72.16033235273956
2005-11-01,72.18479452651187
2005-12-01,72.51623623506842
2006-01-01,71.7266864287206
2006-02-01,71.91089785709414
2006-03-01,72.41344581253435
2006-04-01,72.77277071236136
2006-05-01,72.87213949133792
2006-06-01,72.93192708423969
2006-07-01,72.65828438915906
2006-08-01,72.74313100244106
2006-09-01,73.02302953387552
2006-10-01,73.25508451377951
2006-11-01,73.28384502950038
2006-12-01,73.63233736731856
2007-01-01,72.95701375557884
2007-02-01,73.24366135123813
2007-03-01,73.76900138374953
2007-04-01,74.15672686478311
2007-05-01,74.28796394555066
2007-06-01,74.31540967311224
2007-07-01,74.02510387034553
2007-08-01,74.1395071142883
2007-09-01,74.36503551296532
2007-10-01,74.623517235064
2007-11-01,74.68111636224768
2007-12-01,75.0288773591181
2008-01-01,74.22741529331456
2008-02-01,74.53319620162313
2008-03-01,75.23985967595642
2008-04-01,75.37235969345825
2008-05-01,75.5704131601968
2008-06-01,75.64708445482971
2008-07-01,75.28480758505965
2008-08-01,75.54315987671146
2008-09-01,75.76272561806393
2008-10-01,76.06427838447345
2008-11-01,76.09291739421508
2008-12-01,76.41464795805341
2009-01-01,75.41320795497408
2009-02-01,75.7879313081434
2009-03-01,76.3378166353559
2009-04-01,76.70407409310262
2009-05-01,76.73655943820857
2009-06-01,76.70329222594262
2009-07-01,76.26845292689615
2009-08-01,76.53133949122684
2009-09-01,76.68401483361738
2009-10-01,76.94546132878513
2009-11-01,76.88679643025134
2009-12-01,77.25332115642104
2010-01-01,76.02427923228217
2010-02-01,76.35838619632149
2010-03-01,77.21081657162391
2010-04-01,77.36998005597965
2010-05-01,77.45609225944845
2010-06-01,77.47510433251902
2010-07-01,77.01784016185665
2010-08-01,77.27847257932095
2010-09-01,77.58989069070786
2010-10-01,77.82451243846819
2010-11-01,77.75197416257808
2010-12-01,78.06828326288111
2011-01-01,76.83953202771846
2011-02-01,77.11328814559693
2011-03-01,78.21397296510304
2011-04-01,78.61927192099411
2011-05-01,78.60097484706098
2011-06-01,78.6715492750888
2011-07-01,77.94336814251504
2011-08-01,78.20375866906913
2011-09-01,78.86089345540624
2011-10-01,79.06590774007672
2011-11-01,78.99311008078664
2011-12-01,79.33850505050316
2012-01-01,78.00617978307811
2012-02-01,78.28397378444937
2012-03-01,79.47220872196353
2012-04-01,79.84677298381109
2012-05-01,79.83638632536056
2012-06-01,79.89133371305105
2012-07-01,79.26295316619297
2012-08-01,79.39707426847856
2012-09-01,80.0384381383998
2012-10-01,80.22970734590376
2012-11-01,80.11427240639307
2012-12-01,80.52215439363913
2013-01-01,79.04926253564358
2013-02-01,79.29183440316764
2013-03-01,80.6568698854778
2013-04-01,80.6323111069212
2013-05-01,80.78892174551683
2013-06-01,80.82377542638926
2013-07-01,80.12369480660514
2013-08-01,80.2711607116833
2013-09-01,80.85502342753973
2013-10-01,80.89228334110696
2013-11-01,80.87566617972044
2013-12-01,81.09874546386214
2014-01-01,79.69235102304916
2014-02-01,80.07135258013324
2014-03-01,81.23591383550321
2014-04-01,81.43840963891171
2014-05-01,81.33330225043714
2014-06-01,81.43822910443653
2014-07-01,80.76010907317183
2014-08-01,81.02172159330024
2014-09-01,81.47029008760303
2014-10-01,81.47318434600577
2014-11-01,81.41344452013807
2014-12-01,81.70402285412445
2015-01-01,80.20112993325412
2015-02-01,80.61833538070637
2015-03-01,81.75895064374676
2015-04-01,82.19076044241902
2015-05-01,82.36955268191063
2015-06-01,82.4108172765619
2015-07-01,81.89243099992905
2015-08-01,82.14331644167015
2015-09-01,82.52759402280502
2015-10-01,82.65930819352351
2015-11-01,82.1434325687044
2015-12-01,82.44190829150001
2016-01-01,80.99616820008767
2016-02-01,81.32846565934967
2016-03-01,82.6077254145812
2016-04-01,82.7803393135186
2016-05-01,83.03107149834172
2016-06-01,83.065786034332
2016-07-01,82.601963461174
2016-08-01,82.79988458747701
2016-09-01,83.18950467390194
2016-10-01,83.27224429167022
2016-11-01,82.79930601363785
2016-12-01,83.14975487704952
2017-01-01,81.69609199996614
2017-02-01,82.00220479693675
2017-03-01,83.17792931046012
2017-04-01,83.82497346779992
2017-05-01,83.79331566754466
2017-06-01,84.05612077920895
2017-07-01,83.60062133685939
2017-08-01,83.81796627264433
2017-09-01,84.14624972676235
2017-10-01,84.00643114742378
2017-11-01,83.56278335344221
2017-12-01,83.91646350172105
2018-01-01,82.49632371476174
2018-02-01,82.81930997406118
2018-03-01,84.10330486890648
2018-04-01,84.43718565404185
2018-05-01,84.82958458514662
2018-06-01,84.86141426783205
2018-07-01,84.55796627146636
2018-08-01,84.68437172387087
2018-09-01,84.94400951352861
2018-10-01,84.99701616085278
2018-11-01,84.34510519619744
2018-12-01,84.69021624244269
2019-01-01,83.4161684761817
2019-02-01,83.64572984183123
2019-03-01,84.75073960313142
2019-04-01,85.52387047554983
2019-05-01,85.48431973264124
2019-06-01,85.81254706615157
2019-07-01,85.28489048605489
2019-08-01,85.48897584716562
2019-09-01,85.80705897722666
2019-10-01,85.90698862680277
2019-11-01,85.4458948364223
2019-12-01,85.7921373717163
2020-01-01,84.32533623677331
2020-02-01,84.6566904296029
2020-03-01,85.62490751595087
2020-04-01,86.25770446843109
2020-05-01,86.25715867545642
2020-06-01,86.52708365236344
2020-07-01,86.29463505921207
2020-08-01,85.81224851453548
2020-09-01,85.99087796405034
2020-10-01,86.09586343751867
2020-11-01,85.65925439782092
2020-12-01,85.97993107519753
2021-01-01,85.52373290059484
2021-02-01,85.60033890816734
2021-03-01,86.42902282950065
2021-04-01,86.89470057221007
2021-05-01,87.06941150227496
2021-06-01,87.29739516126955
2021-07-01,86.9086185084604
2021-08-01,87.14800583730579
2021-09-01,87.59627657033988
2021-10-01,87.86675781051859
2021-11-01,87.89500401567489
2021-12-01,88.23873046345074
2022-01-01,87.45546677370615
2022-02-01,87.93529297681272
2022-03-01,88.98316208488272
2022-04-01,89.92249028460283
2022-05-01,90.34749807846784
2022-06-01,90.54967474991082
2022-07-01,90.40892137743096
2022-08-01,90.8970483799346
2022-09-01,91.76121870559722
2022-10-01,92.274248106292
2022-11-01,92.26785356992043
2022-12-01,92.80991342488238
2023-01-01,92.09001162818556
2023-02-01,92.86188886538355
2023-03-01,94.02314273477229
2023-04-01,94.95113490507052
2023-05-01,95.1681531444355
2023-06-01,95.50681463833554
2023-07-01,95.36906602846692
2023-08-01,95.6927404193918
2023-09-01,95.90699499007432
2023-10-01,96.12808770753686
2023-11-01,95.55952716254147
2023-12-01,95.99170435974821
2024-01-01,95.0960108161752
2024-02-01,95.73981608984886
2024-03-01,96.79744834832294
2024-04-01,97.4759814026572
2024-05-01,97.89809527504278
2024-06-01,98.2415872437543
2024-07-01,98.0881588891915
2024-08-01,98.40041078648768
2024-09-01,98.47117806437085
2024-10-01,98.7173279764458
2024-11-01,98.15242780391596
2024-12-01,98.5942604859979
2025-01-01,97.6566573677008
2025-02-01,98.18670647988989
2025-03-01,99.14795525260713
2025-04-01,100.15565327392203
2025-05-01,100.12512133641891
2025-06-01,100.50679739223416
2025-07-01,100.3524366457878
2025-08-01,100.63544692797636
2025-09-01,100.78938664430147
2025-10-01,101.0693197116595
2025-11-01,100.51767642160397
2025-12-01,100.88486499627702
2026-01-01,99.80454879753879
2026-02-01,100.55655484883034
2026-03-01,101.40378123584891
2026-04-01,102.35324104096377
2026-05-01,102.67921381061397
2026-06-01,102.87459190878698
2026-07-01,102.83759814044234
