date,hicp_energy,hicp_food,hicp_neig,hicp_services
1999-12-01,39.75,48.61,78.82,57.71
2000-01-01,40.28,48.87,78.32,57.68
2000-02-01,40.68,48.99,78.49,57.87
2000-03-01,41.64,48.94,78.8,57.83
2000-04-01,41.16,49.17,78.83,57.93
2000-05-01,41.67,49.28,78.87,57.85
2000-06-01,42.75,49.31,78.85,58.03
2000-07-01,43.01,49.26,78.22,58.48
2000-08-01,42.96,49.21,78.55,58.46
2000-09-01,44.75,49.26,78.91,58.23
2000-10-01,44.36,49.35,79.12,58.21
2000-11-01,44.75,49.57,79.25,58.18
2000-12-01,44.03,49.79,79.25,58.86
2001-01-01,43.17,50.23,78.43,58.71
2001-02-01,43.73,50.46,78.24,58.96
2001-03-01,43.67,50.84,79.22,58.96
2001-04-01,44.12,51.29,79.64,59.22
2001-05-01,44.98,51.82,79.81,59.24
2001-06-01,44.86,51.91,79.79,59.44
2001-07-01,44.02,51.87,78.88,59.93
2001-08-01,43.62,51.67,78.97,59.98
2001-09-01,43.96,51.72,79.72,59.81
2001-10-01,43.02,51.83,80.23,59.85
2001-11-01,42.39,51.79,80.43,59.85
2001-12-01,41.94,52.06,80.48,60.49
2002-01-01,42.36,53.04,79.7,60.44
2002-02-01,42.47,52.91,79.64,60.75
2002-03-01,43.0,52.99,80.54,60.86
2002-04-01,43.9,53.15,80.99,60.92
2002-05-01,43.7,53.23,81.08,61.18
2002-06-01,43.27,53.11,80.99,61.34
2002-07-01,43.32,53.0,79.94,61.86
2002-08-01,43.49,52.87,79.96,61.95
2002-09-01,43.9,52.96,80.74,61.74
2002-10-01,44.14,52.99,81.21,61.72
2002-11-01,43.4,52.99,81.44,61.7
2002-12-01,43.53,53.16,81.43,62.28
2003-01-01,44.89,53.79,80.19,62.14
2003-02-01,45.71,53.99,80.22,62.39
2003-03-01,46.21,54.18,81.19,62.46
2003-04-01,44.87,54.4,81.64,62.67
2003-05-01,43.96,54.5,81.84,62.68
2003-06-01,43.94,54.66,81.66,62.88
2003-07-01,44.2,54.57,80.49,63.29
2003-08-01,44.63,54.53,80.42,63.49
2003-09-01,44.61,54.85,81.36,63.29
2003-10-01,44.47,54.91,81.87,63.24
2003-11-01,44.38,55.06,82.04,63.17
2003-12-01,44.3,55.07,81.98,63.7
2004-01-01,44.73,55.49,80.67,63.71
2004-02-01,44.69,55.45,80.84,64.01
2004-03-01,45.28,55.87,81.76,64.06
2004-04-01,45.77,56.0,82.4,64.24
2004-05-01,46.89,56.16,82.51,64.29
2004-06-01,46.54,56.2,82.39,64.53
2004-07-01,46.82,55.98,81.03,64.99
2004-08-01,47.53,55.69,81.12,65.19
2004-09-01,47.47,55.63,82.0,64.95
2004-10-01,48.81,55.59,82.52,64.9
2004-11-01,48.24,55.6,82.7,64.85
2004-12-01,47.37,56.14,82.57,65.44
2005-01-01,47.5,56.29,81.01,65.25
2005-02-01,48.14,56.49,80.96,65.55
2005-03-01,49.26,56.71,82.01,65.66
2005-04-01,50.39,56.72,82.63,65.64
2005-05-01,50.09,56.88,82.74,65.9
2005-06-01,50.91,56.84,82.56,65.99
2005-07-01,52.29,56.58,81.01,66.47
2005-08-01,52.98,56.48,81.07,66.66
2005-09-01,54.58,56.61,82.11,66.36
2005-10-01,54.71,56.65,82.74,66.31
2005-11-01,53.07,56.8,82.96,66.22
2005-12-01,52.69,57.08,82.87,66.8
2006-01-01,53.96,57.37,81.16,66.55
2006-02-01,54.18,57.53,81.15,66.85
2006-03-01,54.44,57.63,82.44,66.89
2006-04-01,55.96,57.75,83.14,67.05
2006-05-01,56.53,58.0,83.29,67.12
2006-06-01,56.49,58.07,83.13,67.31
2006-07-01,57.26,58.08,81.46,67.86
2006-08-01,57.29,58.09,81.52,67.96
2006-09-01,55.43,58.25,82.75,67.68
2006-10-01,54.44,58.34,83.36,67.69
2006-11-01,54.16,58.52,83.59,67.6
2006-12-01,54.22,58.64,83.55,68.18
2007-01-01,54.42,58.95,81.83,68.11
2007-02-01,54.59,58.9,82.01,68.46
2007-03-01,55.42,58.93,83.39,68.49
2007-04-01,56.18,59.32,84.0,68.75
2007-05-01,56.7,59.38,84.1,68.9
2007-06-01,57.0,59.45,83.9,69.06
2007-07-01,57.26,59.4,82.13,69.63
2007-08-01,56.76,59.54,82.27,69.73
2007-09-01,57.11,59.83,83.52,69.36
2007-10-01,57.45,60.41,84.19,69.38
2007-11-01,59.42,60.84,84.45,69.32
2007-12-01,59.22,61.17,84.35,69.93
2008-01-01,60.19,61.83,82.38,69.81
2008-02-01,60.26,61.97,82.63,70.15
2008-03-01,61.65,62.23,84.07,70.43
2008-04-01,62.27,62.54,84.6,70.33
2008-05-01,64.49,62.8,84.66,70.61
2008-06-01,66.2,62.91,84.51,70.82
2008-07-01,67.08,63.02,82.47,71.44
2008-08-01,65.06,62.85,82.83,71.64
2008-09-01,64.83,62.92,84.21,71.18
2008-10-01,62.97,63.07,84.96,71.22
2008-11-01,59.85,63.07,85.14,71.16
2008-12-01,57.04,63.16,84.99,71.76
2009-01-01,57.03,63.48,82.72,71.5
2009-02-01,57.33,63.5,83.14,71.85
2009-03-01,56.66,63.43,84.68,71.82
2009-04-01,56.8,63.39,85.23,72.08
2009-05-01,57.02,63.34,85.25,72.12
2009-06-01,58.45,63.32,84.99,72.22
2009-07-01,57.42,63.05,82.81,72.81
2009-08-01,58.45,62.81,83.25,72.97
2009-09-01,57.72,62.81,84.53,72.46
2009-10-01,57.62,62.82,85.17,72.5
2009-11-01,58.41,62.97,85.3,72.33
2009-12-01,58.1,63.05,85.29,72.92
2010-01-01,59.31,63.44,82.55,72.56
2010-02-01,59.23,63.49,82.98,72.84
2010-03-01,60.74,63.71,85.07,72.98
2010-04-01,61.94,63.92,85.54,72.96
2010-05-01,62.3,63.85,85.62,73.05
2010-06-01,62.06,63.92,85.43,73.19
2010-07-01,62.09,63.88,83.09,73.82
2010-08-01,62.0,63.78,83.44,74.03
2010-09-01,62.19,63.75,85.26,73.47
2010-10-01,62.55,63.85,85.85,73.5
2010-11-01,63.04,64.12,85.98,73.31
2010-12-01,64.49,64.39,85.86,73.88
2011-01-01,66.41,64.67,82.93,73.64
2011-02-01,66.98,64.94,82.99,74.04
2011-03-01,68.66,65.22,85.76,74.17
2011-04-01,69.66,65.36,86.4,74.44
2011-05-01,69.21,65.66,86.47,74.37
2011-06-01,68.85,65.62,86.2,74.64
2011-07-01,69.43,65.56,83.04,75.33
2011-08-01,69.3,65.49,83.44,75.51
2011-09-01,69.91,65.66,86.27,74.9
2011-10-01,70.33,65.99,86.93,74.84
2011-11-01,70.78,66.28,87.04,74.66
2011-12-01,70.73,66.41,86.85,75.32
2012-01-01,72.54,66.69,83.73,75.03
2012-02-01,73.37,67.11,83.87,75.39
2012-03-01,74.53,67.34,86.94,75.48
2012-04-01,75.33,67.38,87.53,75.73
2012-05-01,74.28,67.49,87.57,75.69
2012-06-01,73.04,67.72,87.31,75.93
2012-07-01,73.66,67.47,84.31,76.69
2012-08-01,75.44,67.44,84.35,76.88
2012-09-01,76.27,67.59,87.3,76.17
2012-10-01,75.93,68.04,87.87,76.14
2012-11-01,74.83,68.28,88.0,75.88
2012-12-01,74.43,68.51,87.76,76.67
2013-01-01,75.37,68.85,84.4,76.26
2013-02-01,76.24,68.93,84.56,76.55
2013-03-01,75.77,69.16,87.78,76.87
2013-04-01,75.01,69.32,88.26,76.56
2013-05-01,74.11,69.68,88.27,76.8
2013-06-01,74.2,69.92,87.96,77.03
2013-07-01,74.82,69.83,84.71,77.77
2013-08-01,75.19,69.62,84.73,77.99
2013-09-01,75.55,69.36,87.64,77.26
2013-10-01,74.61,69.31,88.15,77.03
2013-11-01,74.02,69.39,88.21,76.97
2013-12-01,74.44,69.74,87.98,77.45
2014-01-01,74.43,70.05,84.57,77.14
2014-02-01,74.47,69.96,84.93,77.53
2014-03-01,74.21,69.87,87.93,77.69
2014-04-01,74.15,69.82,88.32,77.79
2014-05-01,74.1,69.78,88.26,77.66
2014-06-01,74.27,69.75,87.9,78.02
2014-07-01,74.09,69.59,84.67,78.74
2014-08-01,73.68,69.41,84.99,78.97
2014-09-01,73.79,69.54,87.79,78.13
2014-10-01,73.14,69.66,88.09,77.97
2014-11-01,72.13,69.71,88.14,77.85
2014-12-01,69.75,69.73,87.94,78.41
2015-01-01,67.54,69.99,84.52,77.94
2015-02-01,68.6,70.3,84.84,78.41
2015-03-01,69.79,70.31,87.93,78.5
2015-04-01,69.86,70.49,88.44,78.89
2015-05-01,70.52,70.59,88.45,79.16
2015-06-01,70.44,70.55,88.16,79.38
2015-07-01,69.95,70.22,85.03,80.27
2015-08-01,68.41,70.3,85.32,80.5
2015-09-01,67.25,70.49,88.03,79.63
2015-10-01,66.89,70.74,88.61,79.52
2015-11-01,66.89,70.74,88.62,78.72
2015-12-01,65.68,70.57,88.36,79.32
2016-01-01,63.89,70.69,85.14,78.83
2016-02-01,63.05,70.71,85.44,79.18
2016-03-01,63.71,70.86,88.37,79.57
2016-04-01,63.76,71.05,88.9,79.55
2016-05-01,64.81,71.23,88.93,79.92
2016-06-01,65.92,71.17,88.51,80.2
2016-07-01,65.26,71.18,85.35,81.19
2016-08-01,64.57,71.18,85.6,81.36
2016-09-01,65.24,70.98,88.27,80.52
2016-10-01,66.28,71.01,88.84,80.34
2016-11-01,66.16,71.24,88.88,79.59
2016-12-01,67.35,71.45,88.62,80.27
2017-01-01,69.06,71.96,85.55,79.68
2017-02-01,68.93,72.5,85.55,80.15
2017-03-01,68.4,72.12,88.57,80.34
2017-04-01,68.58,72.1,89.1,81.05
2017-05-01,67.76,72.31,89.14,80.98
2017-06-01,67.15,72.15,88.81,81.56
2017-07-01,66.69,72.15,85.67,82.54
2017-08-01,67.14,72.21,85.92,82.74
2017-09-01,67.81,72.3,88.62,81.8
2017-10-01,68.26,72.68,89.06,81.35
2017-11-01,69.27,72.81,89.17,80.61
2017-12-01,69.34,72.95,88.97,81.26
2018-01-01,70.6,73.36,85.96,80.7
2018-02-01,70.42,73.26,85.92,81.22
2018-03-01,69.81,73.64,88.69,81.7
2018-04-01,70.35,73.83,89.29,81.89
2018-05-01,71.93,74.14,89.3,82.49
2018-06-01,72.57,74.11,89.04,82.68
2018-07-01,73.06,73.95,85.98,83.87
2018-08-01,73.39,73.95,86.1,84.0
2018-09-01,74.3,74.17,88.74,82.97
2018-10-01,75.61,74.25,89.26,82.77
2018-11-01,75.6,74.21,89.36,81.71
2018-12-01,73.13,74.22,89.18,82.34
2019-01-01,72.48,74.69,86.24,81.97
2019-02-01,72.93,74.92,86.23,82.33
2019-03-01,73.55,74.93,88.8,82.64
2019-04-01,74.05,74.94,89.47,83.47
2019-05-01,74.7,75.26,89.56,83.36
2019-06-01,73.8,75.29,89.26,84.03
2019-07-01,73.39,75.38,86.27,84.84
2019-08-01,72.96,75.5,86.39,85.09
2019-09-01,72.95,75.33,88.95,84.19
2019-10-01,73.23,75.39,89.51,84.04
2019-11-01,73.21,75.66,89.69,83.23
2019-12-01,73.29,75.73,89.57,83.83
2020-01-01,73.87,76.24,86.52,83.22
2020-02-01,72.67,76.5,86.67,83.65
2020-03-01,70.26,76.76,89.26,83.74
2020-04-01,66.9,77.61,89.77,84.44
2020-05-01,65.77,77.83,89.75,84.45
2020-06-01,66.92,77.68,89.43,85.04
2020-07-01,67.24,76.88,87.68,85.63
2020-08-01,67.25,76.81,86.27,85.65
2020-09-01,66.95,76.68,88.66,84.63
2020-10-01,67.2,76.92,89.42,84.38
2020-11-01,67.11,77.07,89.45,83.69
2020-12-01,68.21,76.73,89.09,84.38
2021-01-01,70.79,77.35,87.81,84.42
2021-02-01,71.47,77.53,87.6,84.67
2021-03-01,73.31,77.61,89.54,84.83
2021-04-01,73.83,78.07,90.15,85.21
2021-05-01,74.4,78.24,90.35,85.37
2021-06-01,75.34,78.1,90.46,85.67
2021-07-01,76.88,78.11,88.3,86.35
2021-08-01,77.63,78.32,88.49,86.62
2021-09-01,78.69,78.24,90.56,86.09
2021-10-01,83.12,78.42,91.23,86.12
2021-11-01,85.56,78.76,91.57,85.96
2021-12-01,85.87,79.22,91.69,86.44
2022-01-01,91.17,80.08,89.67,86.39
2022-02-01,94.31,80.75,90.32,86.77
2022-03-01,105.8,81.48,92.58,87.1
2022-04-01,101.54,83.02,93.59,88.0
2022-05-01,103.52,84.1,94.16,88.34
2022-06-01,107.0,85.05,94.35,88.55
2022-07-01,107.31,85.78,92.24,89.58
2022-08-01,107.62,86.64,93.03,89.89
2022-09-01,110.74,87.44,95.57,89.76
2022-10-01,117.62,88.72,96.78,89.86
2022-11-01,115.41,89.49,97.2,89.6
2022-12-01,107.79,90.13,97.58,90.24
2023-01-01,108.4,91.36,95.7,90.16
2023-02-01,107.21,92.88,96.44,90.95
2023-03-01,104.83,94.07,98.71,91.5
2023-04-01,103.88,94.24,99.4,92.56
2023-05-01,101.68,94.59,99.63,92.77
2023-06-01,101.0,94.92,99.55,93.34
2023-07-01,100.8,95.05,96.88,94.6
2023-08-01,104.08,95.08,97.41,94.81
2023-09-01,105.67,95.14,99.48,94.0
2023-10-01,104.46,95.33,100.12,93.99
2023-11-01,102.18,95.65,99.97,93.19
2023-12-01,100.59,95.61,99.99,93.85
2024-01-01,101.79,96.51,97.58,93.76
2024-02-01,103.2,96.53,97.93,94.56
2024-03-01,102.95,96.55,99.81,95.18
2024-04-01,103.23,96.84,100.26,95.98
2024-05-01,101.98,97.03,100.31,96.6
2024-06-01,101.19,97.22,100.19,97.19
2024-07-01,102.03,97.23,97.53,98.37
2024-08-01,100.92,97.31,97.79,98.71
2024-09-01,99.23,97.42,99.93,97.68
2024-10-01,99.62,98.07,100.62,97.69
2024-11-01,100.11,98.23,100.61,96.83
2024-12-01,100.73,98.11,100.51,97.56
2025-01-01,103.7,98.73,98.09,97.42
2025-02-01,103.39,99.09,98.49,98.02
2025-03-01,101.94,99.38,100.42,98.46
2025-04-01,99.56,99.71,100.81,99.8
2025-05-01,98.35,100.12,100.89,99.71
2025-06-01,98.58,100.18,100.68,100.41
2025-07-01,99.6,100.38,98.25,101.48
2025-08-01,98.92,100.41,98.52,101.77
2025-09-01,98.85,100.35,100.67,100.85
2025-10-01,98.69,100.51,101.21,100.99
2025-11-01,99.63,100.58,101.12,100.19
2025-12-01,98.78,100.57,100.85,100.9
2026-01-01,99.57,101.32,98.47,100.52
2026-02-01,100.16,101.58,99.17,101.3
2026-03-01,107.14,101.72,100.94,101.65
2026-04-01,110.33,102.12,101.61,102.75
2026-05-01,109.0,101.99,101.78,103.16
2026-06-01,106.99,101.68,101.41,103.66
2026-07-01,109.55,101.63,99.17,104.81
