date,hicp_core
1999-12-01,65.29
2000-01-01,65.08
2000-02-01,65.26
2000-03-01,65.35
2000-04-01,65.43
2000-05-01,65.4
2000-06-01,65.5
2000-07-01,65.55
2000-08-01,65.66
2000-09-01,65.65
2000-10-01,65.72
2000-11-01,65.74
2000-12-01,66.17
2001-01-01,65.77
2001-02-01,65.87
2001-03-01,66.22
2001-04-01,66.54
2001-05-01,66.62
2001-06-01,66.73
2001-07-01,66.71
2001-08-01,66.77
2001-09-01,66.94
2001-10-01,67.15
2001-11-01,67.23
2001-12-01,67.65
2002-01-01,67.33
2002-02-01,67.5
2002-03-01,67.91
2002-04-01,68.11
2002-05-01,68.3
2002-06-01,68.37
2002-07-01,68.32
2002-08-01,68.38
2002-09-01,68.53
2002-10-01,68.7
2002-11-01,68.77
2002-12-01,69.13
2003-01-01,68.59
2003-02-01,68.76
2003-03-01,69.15
2003-04-01,69.45
2003-05-01,69.53
2003-06-01,69.59
2003-07-01,69.43
2003-08-01,69.52
2003-09-01,69.74
2003-10-01,69.89
2003-11-01,69.91
2003-12-01,70.23
2004-01-01,69.76
2004-02-01,70.01
2004-03-01,70.37
2004-04-01,70.72
2004-05-01,70.8
2004-06-01,70.9
2004-07-01,70.71
2004-08-01,70.87
2004-09-01,71.03
2004-10-01,71.18
2004-11-01,71.22
2004-12-01,71.55
2005-01-01,70.86
2005-02-01,71.02
2005-03-01,71.48
2005-04-01,71.7
2005-05-01,71.9
2005-06-01,71.89
2005-07-01,71.62
2005-08-01,71.76
2005-09-01,71.95
2005-10-01,72.16
2005-11-01,72.18
2005-12-01,72.51
2006-01-01,71.73
2006-02-01,71.91
2006-03-01,72.42
2006-04-01,72.77
2006-05-01,72.87
2006-06-01,72.93
2006-07-01,72.66
2006-08-01,72.74
2006-09-01,73.02
2006-10-01,73.25
2006-11-01,73.28
2006-12-01,73.63
2007-01-01,72.96
2007-02-01,73.24
2007-03-01,73.77
2007-04-01,74.16
2007-05-01,74.28
2007-06-01,74.31
2007-07-01,74.02
2007-08-01,74.14
2007-09-01,74.37
2007-10-01,74.62
2007-11-01,74.68
2007-12-01,75.03
2008-01-01,74.22
2008-02-01,74.53
2008-03-01,75.24
2008-04-01,75.37
2008-05-01,75.57
2008-06-01,75.64
2008-07-01,75.28
2008-08-01,75.54
2008-09-01,75.76
2008-10-01,76.06
2008-11-01,76.09
2008-12-01,76.41
2009-01-01,75.41
2009-02-01,75.79
2009-03-01,76.33
2009-04-01,76.71
2009-05-01,76.74
2009-06-01,76.7
2009-07-01,76.27
2009-08-01,76.53
2009-09-01,76.68
2009-10-01,76.95
2009-11-01,76.88
2009-12-01,77.26
2010-01-01,76.02
2010-02-01,76.36
2010-03-01,77.21
2010-04-01,77.37
2010-05-01,77.46
2010-06-01,77.47
2010-07-01,77.01
2010-08-01,77.28
2010-09-01,77.59
2010-10-01,77.82
2010-11-01,77.75
2010-12-01,78.07
2011-01-01,76.84
2011-02-01,77.11
2011-03-01,78.21
2011-04-01,78.62
2011-05-01,78.6
2011-06-01,78.67
2011-07-01,77.94
2011-08-01,78.2
2011-09-01,78.85
2011-10-01,79.06
2011-11-01,78.99
2011-12-01,79.34
2012-01-01,78.0
2012-02-01,78.28
2012-03-01,79.47
2012-04-01,79.84
2012-05-01,79.84
2012-06-01,79.89
2012-07-01,79.26
2012-08-01,79.4
2012-09-01,80.04
2012-10-01,80.23
2012-11-01,80.11
2012-12-01,80.52
2013-01-01,79.05
2013-02-01,79.29
2013-03-01,80.65
2013-04-01,80.63
2013-05-01,80.79
2013-06-01,80.82
2013-07-01,80.12
2013-08-01,80.27
2013-09-01,80.86
2013-10-01,80.89
2013-11-01,80.87
2013-12-01,81.1
2014-01-01,79.69
2014-02-01,80.07
2014-03-01,81.23
2014-04-01,81.44
2014-05-01,81.33
2014-06-01,81.44
2014-07-01,80.76
2014-08-01,81.02
2014-09-01,81.47
2014-10-01,81.47
2014-11-01,81.41
2014-12-01,81.7
2015-01-01,80.2
2015-02-01,80.62
2015-03-01,81.76
2015-04-01,82.19
2015-05-01,82.37
2015-06-01,82.41
2015-07-01,81.89
2015-08-01,82.14
2015-09-01,82.53
2015-10-01,82.65
2015-11-01,82.15
2015-12-01,82.44
2016-01-01,80.99
2016-02-01,81.32
2016-03-01,82.6
2016-04-01,82.78
2016-05-01,83.03
2016-06-01,83.07
2016-07-01,82.6
2016-08-01,82.8
2016-09-01,83.19
2016-10-01,83.27
2016-11-01,82.8
2016-12-01,83.15
2017-01-01,81.7
2017-02-01,82.0
2017-03-01,83.18
2017-04-01,83.82
2017-05-01,83.79
2017-06-01,84.05
2017-07-01,83.6
2017-08-01,83.81
2017-09-01,84.14
2017-10-01,84.01
2017-11-01,83.56
2017-12-01,83.91
2018-01-01,82.5
2018-02-01,82.82
2018-03-01,84.1
2018-04-01,84.43
2018-05-01,84.82
2018-06-01,84.86
2018-07-01,84.55
2018-08-01,84.68
2018-09-01,84.94
2018-10-01,85.0
2018-11-01,84.34
2018-12-01,84.69
2019-01-01,83.42
2019-02-01,83.64
2019-03-01,84.75
2019-04-01,85.53
2019-05-01,85.48
2019-06-01,85.81
2019-07-01,85.28
2019-08-01,85.49
2019-09-01,85.8
2019-10-01,85.91
2019-11-01,85.44
2019-12-01,85.79
2020-01-01,84.33
2020-02-01,84.66
2020-03-01,85.62
2020-04-01,86.26
2020-05-01,86.26
2020-06-01,86.53
2020-07-01,86.29
2020-08-01,85.81
2020-09-01,85.99
2020-10-01,86.09
2020-11-01,85.66
2020-12-01,85.98
2021-01-01,85.52
2021-02-01,85.6
2021-03-01,86.43
2021-04-01,86.89
2021-05-01,87.07
2021-06-01,87.29
2021-07-01,86.91
2021-08-01,87.14
2021-09-01,87.6
2021-10-01,87.86
2021-11-01,87.89
2021-12-01,88.24
2022-01-01,87.46
2022-02-01,87.93
2022-03-01,88.98
2022-04-01,89.92
2022-05-01,90.34
2022-06-01,90.55
2022-07-01,90.4
2022-08-01,90.89
2022-09-01,91.76
2022-10-01,92.27
2022-11-01,92.27
2022-12-01,92.81
2023-01-01,92.09
2023-02-01,92.86
2023-03-01,94.02
2023-04-01,94.95
2023-05-01,95.17
2023-06-01,95.51
2023-07-01,95.37
2023-08-01,95.69
2023-09-01,95.91
2023-10-01,96.13
2023-11-01,95.56
2023-12-01,95.99
2024-01-01,95.09
2024-02-01,95.74
2024-03-01,96.79
2024-04-01,97.47
2024-05-01,97.89
2024-06-01,98.24
2024-07-01,98.08
2024-08-01,98.4
2024-09-01,98.47
2024-10-01,98.71
2024-11-01,98.15
2024-12-01,98.59
2025-01-01,97.66
2025-02-01,98.19
2025-03-01,99.14
2025-04-01,100.15
2025-05-01,100.12
2025-06-01,100.5
2025-07-01,100.35
2025-08-01,100.64
2025-09-01,100.79
2025-10-01,101.07
2025-11-01,100.52
2025-12-01,100.88
2026-01-01,99.8
2026-02-01,100.56
2026-03-01,101.4
2026-04-01,102.35
2026-05-01,102.68
2026-06-01,102.87
2026-07-01,102.84
