date,q05,q16,q50,q84,q95
2026-07-01,109.53363985418757,109.79227434246869,110.15419143830184,110.50225602588597,111.01546694551429
2026-08-01,110.20677296909007,111.38614966106566,112.26624972510287,113.41681117024778,114.78359309009345
2026-09-01,106.42977520744397,109.27914287507458,112.16452404515952,115.38204826208393,118.16732201366291
2026-10-01,105.18017671381547,108.47560181621952,112.86964067898124,117.30763248690495,121.55367975865775
2026-11-01,104.55672193377696,108.36851679522178,113.65158969099625,119.24054267211478,125.09284188155529
2026-12-01,103.73536077657859,108.46651713329632,114.25216708241608,121.43252348226929,127.8209739476324
2027-01-01,103.60062176465381,108.11599536810408,114.37929631602073,121.76983917498471,129.4822402512076
2027-02-01,103.14685606897677,107.84272527871597,114.93452514708028,123.19364742494157,131.78171237799938
2027-03-01,101.63284323602346,107.88207159102049,115.4738062746552,124.31938732235236,133.3012336206825
2027-04-01,101.67616534891415,107.31755641023923,115.70007327697571,126.91671865264746,135.87874928711884
2027-05-01,100.06014658116247,106.84565959508036,116.08811640033414,128.05972726604955,138.1837450154108
2027-06-01,99.8914243380603,106.77576939316904,116.89351596524185,128.80442470700163,141.1327140905377
2027-07-01,100.08978958130527,106.16817535273385,117.4820990895234,130.60556645868138,144.3990104101286
