date,car_fuels,liquid_fuels,gas,electricity,heat_energy,solid_fuels
2026-07-01,6.625896337982546,0.5580341367571494,1.8867891780802954,1.0647506147620005,0.12088684927248775,0.3339192195768925
2026-08-01,8.771940959586392,0.849915467573198,2.178249299578371,1.1969725847256387,0.13055523955526985,0.3389428295278303
2026-09-01,8.40163439747572,0.8491693469922807,2.3066340859650083,1.333268457720076,0.15331385178890503,0.3370048780982521
2026-10-01,8.806922944032694,0.9231905783051358,2.421449622997043,1.4902826280981325,0.15708564840507727,0.31942566691640406
2026-11-01,8.51665487720164,0.7975020515407353,2.548008509352807,1.5005533427839333,0.15579006018048128,0.3038796030105091
2026-12-01,9.564398604963415,0.9547162924468667,2.774859180977778,1.4786380284529876,0.15947078840030995,0.30142550570782733
2027-01-01,6.302776701786541,0.4630543201528772,2.8890532809717437,4.801327406158716,0.44519409814165234,0.29235287758755885
2027-02-01,5.772068818803521,0.4032451355719395,2.985431035070137,4.974318387348499,0.4465699049883537,0.2676082306467306
2027-03-01,0.43361294032962,-0.4717238545966136,2.564140878779311,4.75416628801368,0.41452351744530436,0.24136146400072284
2027-04-01,-2.283057803834528,-0.8253092182860895,2.030249682842012,5.101389786790488,0.42750338527262816,0.2356024140799527
2027-05-01,-0.8111169368063301,-0.5781699793779036,1.8681356508592715,5.343593739068564,0.4322778346713173,0.24035741935012242
2027-06-01,1.7179384410587712,-0.31100255320341125,1.9020161279000272,4.86527660626033,0.41602780295815933,0.24276747399442247
2027-07-01,0.17537264394004823,-0.5150931891862081,1.6687411175283042,4.248666079854429,0.38801694087437294,0.2385796048500275
