date,hicp_electricity
1995-01-01,39.84
1995-02-01,39.89
1995-03-01,39.86
1995-04-01,39.95
1995-05-01,39.94
1995-06-01,39.89
1995-07-01,39.89
1995-08-01,39.93
1995-09-01,39.99
1995-10-01,39.99
1995-11-01,39.99
1995-12-01,40.12
1996-01-01,39.26
1996-02-01,39.28
1996-03-01,39.23
1996-04-01,39.18
1996-05-01,39.21
1996-06-01,39.23
1996-07-01,39.2
1996-08-01,39.17
1996-09-01,39.16
1996-10-01,39.16
1996-11-01,39.25
1996-12-01,39.38
1997-01-01,39.3
1997-02-01,39.33
1997-03-01,39.33
1997-04-01,39.08
1997-05-01,39.0
1997-06-01,38.93
1997-07-01,38.88
1997-08-01,38.85
1997-09-01,38.84
1997-10-01,38.88
1997-11-01,38.9
1997-12-01,39.0
1998-01-01,39.07
1998-02-01,39.13
1998-03-01,39.05
1998-04-01,39.18
1998-05-01,39.02
1998-06-01,38.95
1998-07-01,38.93
1998-08-01,38.93
1998-09-01,38.97
1998-10-01,39.05
1998-11-01,39.03
1998-12-01,39.12
1999-01-01,38.6
1999-02-01,38.55
1999-03-01,38.55
1999-04-01,39.51
1999-05-01,39.41
1999-06-01,39.36
1999-07-01,39.34
1999-08-01,39.33
1999-09-01,39.21
1999-10-01,38.73
1999-11-01,38.57
1999-12-01,38.52
2000-01-01,38.41
2000-02-01,38.4
2000-03-01,38.39
2000-04-01,38.34
2000-05-01,38.35
2000-06-01,38.37
2000-07-01,38.37
2000-08-01,38.42
2000-09-01,38.58
2000-10-01,38.8
2000-11-01,38.98
2000-12-01,39.04
2001-01-01,39.2
2001-02-01,39.24
2001-03-01,39.22
2001-04-01,39.16
2001-05-01,39.07
2001-06-01,39.09
2001-07-01,39.18
2001-08-01,39.25
2001-09-01,39.35
2001-10-01,39.41
2001-11-01,39.49
2001-12-01,39.62
2002-01-01,39.68
2002-02-01,39.68
2002-03-01,39.75
2002-04-01,39.65
2002-05-01,39.85
2002-06-01,39.85
2002-07-01,40.03
2002-08-01,40.11
2002-09-01,40.16
2002-10-01,40.26
2002-11-01,40.29
2002-12-01,40.35
2003-01-01,40.59
2003-02-01,40.64
2003-03-01,40.7
2003-04-01,40.95
2003-05-01,41.0
2003-06-01,41.06
2003-07-01,41.21
2003-08-01,41.31
2003-09-01,41.42
2003-10-01,41.45
2003-11-01,41.53
2003-12-01,41.61
2004-01-01,41.61
2004-02-01,41.67
2004-03-01,41.76
2004-04-01,41.78
2004-05-01,41.81
2004-06-01,41.9
2004-07-01,41.92
2004-08-01,42.0
2004-09-01,42.08
2004-10-01,42.21
2004-11-01,42.35
2004-12-01,42.48
2005-01-01,42.61
2005-02-01,42.71
2005-03-01,42.82
2005-04-01,42.87
2005-05-01,43.01
2005-06-01,43.11
2005-07-01,43.12
2005-08-01,43.21
2005-09-01,43.3
2005-10-01,43.52
2005-11-01,43.64
2005-12-01,43.75
2006-01-01,44.01
2006-02-01,44.09
2006-03-01,44.19
2006-04-01,44.66
2006-05-01,44.74
2006-06-01,44.86
2006-07-01,45.19
2006-08-01,45.36
2006-09-01,45.51
2006-10-01,45.62
2006-11-01,45.78
2006-12-01,45.96
2007-01-01,46.35
2007-02-01,46.52
2007-03-01,46.67
2007-04-01,46.77
2007-05-01,46.87
2007-06-01,46.97
2007-07-01,46.97
2007-08-01,47.12
2007-09-01,47.3
2007-10-01,47.52
2007-11-01,47.67
2007-12-01,47.86
2008-01-01,47.91
2008-02-01,48.2
2008-03-01,48.44
2008-04-01,48.7
2008-05-01,48.94
2008-06-01,49.07
2008-07-01,49.84
2008-08-01,50.14
2008-09-01,50.35
2008-10-01,50.5
2008-11-01,50.7
2008-12-01,50.85
2009-01-01,51.05
2009-02-01,51.21
2009-03-01,51.32
2009-04-01,51.44
2009-05-01,51.44
2009-06-01,51.49
2009-07-01,51.51
2009-08-01,51.63
2009-09-01,51.8
2009-10-01,51.83
2009-11-01,52.0
2009-12-01,52.16
2010-01-01,51.47
2010-02-01,51.7
2010-03-01,51.96
2010-04-01,51.91
2010-05-01,52.14
2010-06-01,52.3
2010-07-01,52.4
2010-08-01,52.64
2010-09-01,52.87
2010-10-01,53.26
2010-11-01,53.47
2010-12-01,53.54
2011-01-01,54.88
2011-02-01,55.2
2011-03-01,55.46
2011-04-01,55.96
2011-05-01,56.12
2011-06-01,56.37
2011-07-01,56.67
2011-08-01,56.84
2011-09-01,56.94
2011-10-01,57.25
2011-11-01,57.46
2011-12-01,57.46
2012-01-01,57.48
2012-02-01,57.66
2012-03-01,58.0
2012-04-01,59.05
2012-05-01,59.32
2012-06-01,59.64
2012-07-01,60.15
2012-08-01,60.26
2012-09-01,60.54
2012-10-01,60.59
2012-11-01,60.82
2012-12-01,60.82
2013-01-01,62.07
2013-02-01,62.32
2013-03-01,62.81
2013-04-01,62.2
2013-05-01,62.34
2013-06-01,62.56
2013-07-01,62.71
2013-08-01,63.36
2013-09-01,63.29
2013-10-01,63.49
2013-11-01,63.62
2013-12-01,63.62
2014-01-01,63.75
2014-02-01,64.11
2014-03-01,64.27
2014-04-01,64.43
2014-05-01,64.36
2014-06-01,64.19
2014-07-01,64.06
2014-08-01,64.11
2014-09-01,64.46
2014-10-01,64.46
2014-11-01,64.41
2014-12-01,64.45
2015-01-01,64.42
2015-02-01,64.3
2015-03-01,64.42
2015-04-01,64.7
2015-05-01,64.72
2015-06-01,64.98
2015-07-01,65.18
2015-08-01,65.2
2015-09-01,65.02
2015-10-01,64.94
2015-11-01,65.17
2015-12-01,65.22
2016-01-01,63.97
2016-02-01,63.82
2016-03-01,64.27
2016-04-01,63.94
2016-05-01,64.29
2016-06-01,64.69
2016-07-01,64.66
2016-08-01,64.62
2016-09-01,64.86
2016-10-01,65.1
2016-11-01,65.3
2016-12-01,65.7
2017-01-01,66.44
2017-02-01,65.69
2017-03-01,65.41
2017-04-01,66.16
2017-05-01,66.26
2017-06-01,66.18
2017-07-01,66.18
2017-08-01,66.37
2017-09-01,66.36
2017-10-01,66.5
2017-11-01,66.74
2017-12-01,66.87
2018-01-01,66.71
2018-02-01,67.23
2018-03-01,67.03
2018-04-01,66.78
2018-05-01,67.65
2018-06-01,67.59
2018-07-01,68.2
2018-08-01,68.45
2018-09-01,68.73
2018-10-01,68.86
2018-11-01,68.85
2018-12-01,68.86
2019-01-01,69.33
2019-02-01,69.21
2019-03-01,69.24
2019-04-01,69.56
2019-05-01,69.5
2019-06-01,69.96
2019-07-01,70.2
2019-08-01,69.97
2019-09-01,69.77
2019-10-01,69.72
2019-11-01,69.55
2019-12-01,69.14
2020-01-01,68.47
2020-02-01,68.81
2020-03-01,68.46
2020-04-01,67.82
2020-05-01,68.12
2020-06-01,68.53
2020-07-01,68.77
2020-08-01,68.94
2020-09-01,69.09
2020-10-01,68.81
2020-11-01,69.04
2020-12-01,69.17
2021-01-01,70.21
2021-02-01,69.13
2021-03-01,70.71
2021-04-01,72.78
2021-05-01,73.75
2021-06-01,74.63
2021-07-01,74.72
2021-08-01,75.52
2021-09-01,76.57
2021-10-01,79.01
2021-11-01,81.21
2021-12-01,84.58
2022-01-01,89.17
2022-02-01,92.43
2022-03-01,99.45
2022-04-01,96.69
2022-05-01,97.57
2022-06-01,99.64
2022-07-01,101.47
2022-08-01,105.53
2022-09-01,106.54
2022-10-01,114.9
2022-11-01,113.25
2022-12-01,111.71
2023-01-01,105.64
2023-02-01,106.91
2023-03-01,104.21
2023-04-01,103.16
2023-05-01,102.88
2023-06-01,101.2
2023-07-01,100.62
2023-08-01,100.59
2023-09-01,100.12
2023-10-01,98.88
2023-11-01,97.31
2023-12-01,97.25
2024-01-01,97.76
2024-02-01,98.76
2024-03-01,99.57
2024-04-01,99.68
2024-05-01,99.93
2024-06-01,100.63
2024-07-01,100.65
2024-08-01,100.02
2024-09-01,99.48
2024-10-01,99.12
2024-11-01,99.58
2024-12-01,99.89
2025-01-01,102.96
2025-02-01,100.89
2025-03-01,100.91
2025-04-01,100.43
2025-05-01,100.37
2025-06-01,100.02
2025-07-01,100.12
2025-08-01,99.37
2025-09-01,98.96
2025-10-01,98.5
2025-11-01,98.7
2025-12-01,98.85
2026-01-01,98.53
2026-02-01,98.6
2026-03-01,98.9
2026-04-01,99.41
2026-05-01,99.45
2026-06-01,101.5
