date,hicp_diesel
1996-01-01,
1996-02-01,
1996-03-01,
1996-04-01,
1996-05-01,
1996-06-01,
1996-07-01,
1996-08-01,
1996-09-01,
1996-10-01,
1996-11-01,
1996-12-01,
1997-01-01,
1997-02-01,
1997-03-01,
1997-04-01,
1997-05-01,
1997-06-01,
1997-07-01,
1997-08-01,
1997-09-01,
1997-10-01,
1997-11-01,
1997-12-01,
1998-01-01,
1998-02-01,
1998-03-01,
1998-04-01,
1998-05-01,
1998-06-01,
1998-07-01,
1998-08-01,
1998-09-01,
1998-10-01,
1998-11-01,
1998-12-01,
1999-01-01,
1999-02-01,
1999-03-01,
1999-04-01,
1999-05-01,
1999-06-01,
1999-07-01,
1999-08-01,
1999-09-01,
1999-10-01,
1999-11-01,
1999-12-01,
2000-01-01,
2000-02-01,
2000-03-01,
2000-04-01,
2000-05-01,
2000-06-01,
2000-07-01,
2000-08-01,
2000-09-01,
2000-10-01,
2000-11-01,
2000-12-01,
2001-01-01,
2001-02-01,
2001-03-01,
2001-04-01,
2001-05-01,
2001-06-01,
2001-07-01,
2001-08-01,
2001-09-01,
2001-10-01,
2001-11-01,
2001-12-01,
2002-01-01,
2002-02-01,
2002-03-01,
2002-04-01,
2002-05-01,
2002-06-01,
2002-07-01,
2002-08-01,
2002-09-01,
2002-10-01,
2002-11-01,
2002-12-01,
2003-01-01,
2003-02-01,
2003-03-01,
2003-04-01,
2003-05-01,
2003-06-01,
2003-07-01,
2003-08-01,
2003-09-01,
2003-10-01,
2003-11-01,
2003-12-01,
2004-01-01,
2004-02-01,
2004-03-01,
2004-04-01,
2004-05-01,
2004-06-01,
2004-07-01,
2004-08-01,
2004-09-01,
2004-10-01,
2004-11-01,
2004-12-01,
2005-01-01,
2005-02-01,
2005-03-01,
2005-04-01,
2005-05-01,
2005-06-01,
2005-07-01,
2005-08-01,
2005-09-01,
2005-10-01,
2005-11-01,
2005-12-01,
2006-01-01,
2006-02-01,
2006-03-01,
2006-04-01,
2006-05-01,
2006-06-01,
2006-07-01,
2006-08-01,
2006-09-01,
2006-10-01,
2006-11-01,
2006-12-01,
2007-01-01,
2007-02-01,
2007-03-01,
2007-04-01,
2007-05-01,
2007-06-01,
2007-07-01,
2007-08-01,
2007-09-01,
2007-10-01,
2007-11-01,
2007-12-01,
2008-01-01,
2008-02-01,
2008-03-01,
2008-04-01,
2008-05-01,
2008-06-01,
2008-07-01,
2008-08-01,
2008-09-01,
2008-10-01,
2008-11-01,
2008-12-01,
2009-01-01,
2009-02-01,
2009-03-01,
2009-04-01,
2009-05-01,
2009-06-01,
2009-07-01,
2009-08-01,
2009-09-01,
2009-10-01,
2009-11-01,
2009-12-01,
2010-01-01,
2010-02-01,
2010-03-01,
2010-04-01,
2010-05-01,
2010-06-01,
2010-07-01,
2010-08-01,
2010-09-01,
2010-10-01,
2010-11-01,
2010-12-01,
2011-01-01,
2011-02-01,
2011-03-01,
2011-04-01,
2011-05-01,
2011-06-01,
2011-07-01,
2011-08-01,
2011-09-01,
2011-10-01,
2011-11-01,
2011-12-01,
2012-01-01,
2012-02-01,
2012-03-01,
2012-04-01,
2012-05-01,
2012-06-01,
2012-07-01,
2012-08-01,
2012-09-01,
2012-10-01,
2012-11-01,
2012-12-01,
2013-01-01,
2013-02-01,
2013-03-01,
2013-04-01,
2013-05-01,
2013-06-01,
2013-07-01,
2013-08-01,
2013-09-01,
2013-10-01,
2013-11-01,
2013-12-01,
2014-01-01,
2014-02-01,
2014-03-01,
2014-04-01,
2014-05-01,
2014-06-01,
2014-07-01,
2014-08-01,
2014-09-01,
2014-10-01,
2014-11-01,
2014-12-01,
2015-01-01,
2015-02-01,
2015-03-01,
2015-04-01,
2015-05-01,
2015-06-01,
2015-07-01,
2015-08-01,
2015-09-01,
2015-10-01,
2015-11-01,
2015-12-01,
2016-01-01,
2016-02-01,
2016-03-01,
2016-04-01,
2016-05-01,
2016-06-01,
2016-07-01,
2016-08-01,
2016-09-01,
2016-10-01,
2016-11-01,
2016-12-01,74.97
2017-01-01,78.31
2017-02-01,78.22
2017-03-01,77.43
2017-04-01,77.37
2017-05-01,75.72
2017-06-01,74.02
2017-07-01,73.37
2017-08-01,74.52
2017-09-01,75.79
2017-10-01,77.12
2017-11-01,78.72
2017-12-01,79.06
2018-01-01,81.82
2018-02-01,81.14
2018-03-01,80.56
2018-04-01,82.42
2018-05-01,85.63
2018-06-01,87.07
2018-07-01,86.44
2018-08-01,86.62
2018-09-01,88.2
2018-10-01,90.48
2018-11-01,90.08
2018-12-01,85.08
2019-01-01,82.86
2019-02-01,84.8
2019-03-01,86.42
2019-04-01,87.09
2019-05-01,88.25
2019-06-01,85.44
2019-07-01,85.13
2019-08-01,84.55
2019-09-01,85.26
2019-10-01,85.75
2019-11-01,85.67
2019-12-01,86.3
2020-01-01,87.73
2020-02-01,84.5
2020-03-01,79.43
2020-04-01,74.12
2020-05-01,71.26
2020-06-01,73.14
2020-07-01,74.85
2020-08-01,74.8
2020-09-01,73.35
2020-10-01,72.81
2020-11-01,72.91
2020-12-01,75.46
2021-01-01,78.89
2021-02-01,81.41
2021-03-01,84.53
2021-04-01,84.34
2021-05-01,85.52
2021-06-01,87.08
2021-07-01,89.01
2021-08-01,88.98
2021-09-01,89.79
2021-10-01,95.17
2021-11-01,97.46
2021-12-01,95.41
2022-01-01,98.58
2022-02-01,103.64
2022-03-01,123.17
2022-04-01,115.22
2022-05-01,117.58
2022-06-01,125.48
2022-07-01,122.69
2022-08-01,114.77
2022-09-01,115.58
2022-10-01,119.77
2022-11-01,117.6
2022-12-01,107.69
2023-01-01,112.57
2023-02-01,109.94
2023-03-01,107.64
2023-04-01,105.47
2023-05-01,99.64
2023-06-01,100.17
2023-07-01,102.16
2023-08-01,110.2
2023-09-01,114.97
2023-10-01,114.71
2023-11-01,110.31
2023-12-01,105.9
2024-01-01,105.06
2024-02-01,109.2
2024-03-01,108.38
2024-04-01,108.42
2024-05-01,104.76
2024-06-01,103.01
2024-07-01,104.51
2024-08-01,101.34
2024-09-01,97.87
2024-10-01,98.36
2024-11-01,99.42
2024-12-01,100.53
2025-01-01,103.95
2025-02-01,104.58
2025-03-01,101.58
2025-04-01,98.3
2025-05-01,96.02
2025-06-01,97.56
2025-07-01,100.53
2025-08-01,99.01
2025-09-01,98.83
2025-10-01,98.49
2025-11-01,101.72
2025-12-01,99.44
2026-01-01,100.31
2026-02-01,102.46
2026-03-01,121.84
2026-04-01,132.42
2026-05-01,124.3
2026-06-01,116.51
2026-07-01,
