date,applied_vat_percent,applied_excise
2005-01-03,17.977715494050585,75.00265945705308
2005-01-10,17.98805073552115,74.9779489742495
2005-01-17,17.999801965493642,75.05433908525697
2005-01-24,18.01640884226271,75.06675287190313
2005-01-31,18.009864562066973,75.08925219316848
2005-02-07,18.02096797754655,75.10290853472355
2005-02-14,18.026392092169544,74.9979563123378
2005-02-21,18.010302824731024,74.78782612022775
2005-02-28,18.00051754400702,75.00608676950793
2005-03-07,17.994799446160883,74.8487516272449
2005-03-14,17.99728054531146,74.7646178783578
2005-03-21,17.98758819923847,74.82357923620009
2005-04-04,17.992576148347457,75.18223151466879
2005-04-11,17.990568267858723,75.04346600340574
2005-04-18,18.008259749477823,75.36221373134958
2005-04-25,18.062260824611364,75.11688217692614
2005-05-02,18.10641912456663,89.75511924118535
2005-05-09,18.11906120308624,89.77968307811022
2005-05-16,18.112656561155763,88.09217128708065
2005-05-23,18.106613650290445,89.78442889394125
2005-05-30,18.104231804292798,89.77842255191126
2005-06-06,18.08312525401,89.93936901027052
2005-06-13,18.086031603353835,89.35070760796975
2005-06-20,18.06830275936492,89.9005315766135
2005-06-27,18.081532348440756,89.90619728131662
2005-07-04,18.080335324637225,89.84748161991666
2005-07-11,18.05042499373514,89.23832513572881
2005-07-18,18.044908972936238,89.86275777543409
2005-07-25,18.058010537181694,89.86263228655503
2005-08-01,18.053509097008156,89.86118856303068
2005-08-08,18.066598220466815,88.54932627881186
2005-08-15,18.03950112064482,88.6127308230025
2005-08-22,18.029904875376843,89.90157270022104
2005-08-29,18.019333184745122,89.95498677213038
2005-09-05,18.019808292638785,89.98662500489536
2005-09-12,18.04551756012647,89.07852093093214
2005-09-19,18.02491508255112,89.93322347948026
2005-09-26,18.03559477059353,89.96037146876921
2005-10-03,17.99930448880974,81.98531423836857
2005-10-10,18.00826483084364,81.96577825588747
2005-10-17,17.971913528373236,67.32883773804036
2005-10-24,17.988468475606588,67.58345122156192
2005-11-07,17.99811037308753,67.5481619840445
2005-11-14,17.986357167271198,67.10966447475931
2005-11-21,17.994385734436868,67.47773273892523
2005-11-28,18.001118111015682,67.50783980987961
2005-12-05,18.00845968522044,67.58954034859636
2005-12-12,18.01232469224409,67.55313337081469
2005-12-19,17.999838652300443,67.61360194181992
2006-01-09,18.070468410566523,73.20791185224294
2006-01-16,18.07290806872404,73.19679869552482
2006-01-23,18.062143040113106,73.22629212839661
2006-01-30,18.06291430056703,73.21158823814284
2006-02-06,18.047916191425255,73.20434827295634
2006-02-13,18.05605114534646,73.24630139862137
2006-02-20,18.062987427794848,73.24373152525686
2006-02-27,18.0650777146821,73.23400499977345
2006-03-06,18.053458880248247,73.22625582188874
2006-03-13,18.06399492816005,73.21937270116786
2006-03-20,18.05937094164858,73.26269034543714
2006-03-27,18.05360133521998,73.25261604490112
2006-04-03,18.035612872888283,73.29686492815728
2006-04-10,18.04765075614166,73.2954174122537
2006-04-24,18.039917204275206,73.30046216513307
2006-05-01,18.05043529533529,73.29140453873805
2006-05-08,18.079683558743778,87.40239963693381
2006-05-15,18.076894460961153,87.41901584347772
2006-05-22,18.110055552452998,87.41978001903738
2006-05-29,18.085324455433863,87.72044233165622
2006-06-05,18.087491248160685,87.4201172554811
2006-06-12,18.091188633123878,87.76729438491037
2006-06-19,18.093651932528378,87.45843264899332
2006-06-26,18.08948587528933,87.74246539612113
2006-07-03,18.089033163200277,88.71819210039519
2006-07-10,18.079341216368945,88.71241652021638
2006-07-17,18.082042981470586,88.69934903698197
2006-07-24,18.083390433459993,88.66802227017496
2006-07-31,18.089389725180148,88.6921696666451
2006-08-07,18.07283389568253,88.69586767206067
2006-08-14,18.069889038591647,88.68089123308698
2006-08-21,18.07987457566029,88.76061510606974
2006-08-28,18.081570113520616,88.73241832214046
2006-09-04,18.075805591550708,88.72248670730914
2006-09-11,18.077747705552856,88.7276338256255
2006-09-18,18.054064100208766,88.6901196133345
2006-09-25,18.057102428665065,88.74317373086967
2006-10-02,18.05122148977494,88.7225935561629
2006-10-09,18.070480325611726,88.72287622564528
2006-10-16,18.045675358086108,72.83445265888435
2006-10-23,18.046731301261307,73.29711542004458
2006-10-30,18.039410647029065,73.29818490855592
2006-11-06,18.059412126543272,73.30019774334528
2006-11-13,18.05725773319043,73.30908428667038
2006-11-20,18.065841394651418,73.30238120852641
2006-11-27,18.06774477660636,73.31614928453439
2006-12-04,18.055355899276236,73.3226396085646
2006-12-11,18.06138500631553,73.31374395089841
2006-12-18,18.07848785524949,73.29566975389042
2007-01-08,19.14992354842071,74.3952146252285
2007-01-15,19.153283254084954,74.40316583102373
2007-01-22,19.152463534112684,74.36365083549794
2007-01-29,19.151077754886654,74.38191928889495
2007-02-05,19.163257716387324,74.41793051244525
2007-02-12,19.165946985076488,74.4022583657636
2007-02-19,19.15409728405997,74.39747449566181
2007-02-26,19.15728442415871,74.58329828422166
2007-03-05,19.15962316122099,74.59007781755395
2007-03-12,19.15556043495299,74.61427585939089
2007-03-19,19.15205314971815,74.59784442291766
2007-03-26,19.154915111773615,74.59243059996925
2007-04-02,19.166644614558724,74.63341895047114
2007-04-16,19.15457883076922,74.62787350922167
2007-04-23,19.153318432154997,74.6211978880346
2007-04-30,19.15815572324848,74.6317305159186
2007-05-07,19.149107191079217,92.96879080794986
2007-05-14,19.150226859647848,92.99004484323541
2007-05-21,19.152816344734713,92.97153713040564
2007-05-28,19.146323559777887,92.96851391666331
2007-06-04,19.14246045188384,92.94520507889825
2007-06-11,19.146103627547923,92.94900451634606
2007-06-18,19.150935137894553,93.00427808354408
2007-06-25,19.15042399430508,92.99238580245702
2007-07-02,19.149374990853786,92.97751288817398
2007-07-09,19.150701243366207,92.97650100119898
2007-07-16,19.151814473797927,93.02816823544134
2007-07-23,19.148330814278697,92.98680016898544
2007-07-30,19.148325789637866,92.98322884480365
2007-08-06,19.150929582432898,92.99942293903678
2007-08-13,19.14455909889079,92.91178329067532
2007-08-20,19.15104804356096,93.0299133631595
2007-08-27,19.1453643896085,93.02912509680641
2007-09-03,19.148254170495353,92.98693539302297
2007-09-10,19.152045534368135,93.04742049394667
2007-09-17,19.154025858854467,93.07323261841344
2007-09-24,19.151027340588804,93.12578118533418
2007-10-01,19.150323577494095,93.0524736156363
2007-10-08,19.15414143820759,93.05600341526161
2007-10-15,19.1503285363174,93.0849605195404
2007-10-22,19.157913424302695,74.76090475591678
2007-10-29,19.15473954801908,74.70228502566499
2007-11-05,19.155328632507352,74.78249850414102
2007-11-12,19.1564821208142,74.81310553463197
2007-11-19,19.149508341504497,74.79575972029681
2007-11-26,19.156882686986783,74.82940486030168
2007-12-03,19.162776402383106,74.79184733525813
2007-12-10,19.152223798865585,74.77276654165394
2007-12-17,19.15727387263604,74.7825817530437
2008-01-07,19.103818221888368,70.77580633952891
2008-01-14,19.094677525175697,70.75404579103372
2008-01-21,19.09784220590263,70.74533812459208
2008-01-28,19.106504549045628,70.72943694892115
2008-02-04,19.104723817357588,70.75112446110461
2008-02-11,19.104100722921654,70.74414550039671
2008-02-18,19.111239233226858,70.8070236073711
2008-02-25,19.10532518211176,70.90115828684407
2008-03-03,19.100404744133908,70.97334639493477
2008-03-10,19.102503204918378,70.98655787364623
2008-03-17,19.102667404729466,70.97030668715968
2008-03-31,19.09393688667597,70.95076970392347
2008-04-07,19.099532043097938,71.22139181477121
2008-04-14,19.10736875789823,71.2270783999005
2008-04-21,19.097012132025323,71.26109943236895
2008-04-28,19.09570512594591,71.28389202702135
2008-05-05,19.09261850563637,71.3123752674478
2008-05-12,19.090632320669137,71.31318235156618
2008-05-19,19.099207887182253,86.27557395497047
2008-05-26,19.098748200473878,86.26888633953945
2008-06-02,19.09486974012864,86.30664626236512
2008-06-09,19.088614503338572,86.24691663156705
2008-06-16,19.109449823581304,86.30274062893363
2008-06-23,19.10392294801321,86.28935353648228
2008-06-30,19.1046570237004,86.30759544586726
2008-07-07,19.10462633911373,86.33191522192305
2008-07-14,19.104960691178594,86.32646995330163
2008-07-21,19.102129646069923,86.27022726691735
2008-07-28,19.098555958087875,86.24299663726242
2008-08-04,19.100138953031387,86.22430761411294
2008-08-11,19.09726127485616,86.15958372366629
2008-08-18,19.097913062391843,86.14367295749184
2008-08-25,19.10949610912806,86.18335638457472
2008-09-01,19.097330340542896,86.33151095303685
2008-09-08,19.094913507720523,86.30052757939166
2008-09-15,19.096078455706248,86.31432126380048
2008-09-22,19.10012218435822,86.21468373992718
2008-09-29,19.107993225379673,86.28220433616173
2008-10-06,19.105904399181586,86.2784787922302
2008-10-13,19.102100371012757,86.22360127216336
2008-10-20,19.108088188405997,71.26578585653715
2008-10-27,19.11175356234945,71.18339486775608
2008-11-03,19.11378970700551,70.91892365381557
2008-11-10,19.108868001115948,70.9239558701114
2008-11-17,19.110604555793557,70.89498750354062
2008-11-24,19.099079830393286,70.86998127351893
2008-12-01,19.097160450049298,70.8579221756716
2008-12-08,19.088067855106445,70.80955079900468
2008-12-15,19.107058686338686,70.75524348529711
2009-01-05,19.137059544015017,71.18213076510426
2009-01-12,19.148371295673197,71.206137727493
2009-01-19,19.148323630472362,71.26990183258414
2009-01-26,19.14839769839601,71.23473721983476
2009-02-02,19.148411464031184,71.21630935771645
2009-02-09,19.149480187223023,71.20339218694477
2009-02-16,19.146738135159513,71.19769913355378
2009-02-23,19.150397459888765,71.15415763557661
2009-03-02,19.149556803037797,71.14175068759567
2009-03-09,19.14547718302511,71.15330956975004
2009-03-16,19.148242602593847,71.14599361330028
2009-03-23,19.14292739933763,71.13941025225512
2009-03-30,19.14277141787725,71.2010181030139
2009-04-06,19.147096680332613,71.39905761547618
2009-04-20,19.13893632577751,71.50582733676623
2009-04-27,19.140202063525287,71.48937123233509
2009-05-04,19.138097916903682,71.47373320419422
2009-05-11,19.147326969496692,71.48419823446102
2009-05-18,19.141864826273046,89.6293444658537
2009-05-25,19.133682384287418,89.71015667864873
2009-06-01,19.135732006499154,89.71104479894063
2009-06-08,19.14275013806603,89.7407142138942
2009-06-15,19.14031286393713,89.75429458112376
2009-06-22,19.13996878897393,89.78357785588133
2009-06-29,19.142085959781465,89.74077755551536
2009-07-06,19.1406341164458,89.75335849383191
2009-07-13,19.139903752231536,89.72793337837646
2009-07-20,19.14180491061975,89.73682897106113
2009-07-27,19.14581981158183,89.73268723265136
2009-08-03,19.14279027685824,89.76599674971573
2009-08-10,19.13860424034801,89.7616079406584
2009-08-17,19.13481509295122,89.7944514408756
2009-08-24,19.140399605833725,89.77655681278691
2009-08-31,19.143080965566327,89.75563451329054
2009-09-07,19.131502655231127,89.75696112282492
2009-09-14,19.13394377621044,89.78630890248803
2009-09-21,19.141395795450777,89.75066188031394
2009-09-28,19.132802778396243,89.74760479299857
2009-10-05,19.13242640066018,89.92723933738563
2009-10-12,19.134473048633232,89.95290513346106
2009-10-19,19.141983630558347,71.75652000548587
2009-10-26,19.145105475710178,71.5703639099608
2009-11-02,19.14488912934623,71.78354870689071
2009-11-09,19.141118921785484,71.56872362329284
2009-11-16,19.141327207101117,71.56470249693376
2009-11-23,19.14444300732387,71.55830828742592
2009-11-30,19.14457093499992,71.57388446114453
2009-12-07,19.14374734626344,71.55704626432339
2009-12-14,19.145143061826055,71.54207405075294
2009-12-21,19.142759576984073,71.54654738593871
2010-01-04,19.16281714848478,70.930988770069
2010-01-11,19.153859842944325,70.93243998168555
2010-01-18,19.160354140340733,70.91595284974801
2010-01-25,19.157409135318716,70.92703499184353
2010-02-01,19.15694822350082,70.9042641871402
2010-02-08,19.15554201427484,70.90161930470077
2010-02-15,19.159056526422237,70.98548759951132
2010-02-22,19.158598331461633,71.01555883336391
2010-03-01,19.156036275112143,71.02352038032996
2010-03-08,19.155042933967472,71.00359748509919
2010-03-15,19.274265612561734,70.45526469736558
2010-03-22,19.27932290043271,71.02721422793661
2010-03-29,19.279687098312728,71.0494670357674
2010-04-12,19.27680685780859,71.30183106189111
2010-04-19,19.280411102129168,71.29550146818735
2010-04-26,19.279525905348304,71.26724860997649
2010-05-03,19.27334879650989,72.12441496691531
2010-05-10,19.27218071606304,72.08905371505864
2010-05-17,19.343151723375353,96.90545269407914
2010-05-24,19.33909546672764,97.02587018442318
2010-05-31,19.338624242124958,97.00320765931122
2010-06-07,19.33871153603869,97.245347265095
2010-06-14,19.337375193844487,97.21780088436924
2010-06-21,19.329523155395727,97.2517390788978
2010-06-28,19.32638912846278,97.25735969646416
2010-07-05,19.644846851795954,97.2393965359322
2010-07-12,19.662283953563566,97.17940058082581
2010-07-19,19.65297077257968,97.24544206575251
2010-07-26,19.64353899059819,97.1964465568717
2010-08-02,19.651168594433962,97.23263186142049
2010-08-09,19.655043806804105,97.25078213120798
2010-08-16,19.659913878262365,97.24298469152006
2010-08-23,19.652280130890723,97.23641926523851
2010-08-30,19.661588572305753,97.20426178018374
2010-09-06,19.660736475756654,97.38942286807071
2010-09-13,19.64807064464286,97.42189851482794
2010-09-20,19.65316146651677,97.41770101454631
2010-09-27,19.659170958920285,97.33423400534741
2010-10-04,19.65739083649295,97.33079575952718
2010-10-11,19.654221362107982,97.40719807687424
2010-10-18,19.525858428541078,72.47566903555082
2010-10-25,19.524777449331786,72.4484041453652
2010-11-08,19.525615331259452,72.45358456248948
2010-11-15,19.51532971267805,72.47479794254537
2010-11-22,19.537479477862824,72.46948012661642
2010-11-29,19.53399612797857,72.48540010235047
2010-12-06,19.530102166884205,72.49101134747355
2010-12-13,19.53791813304031,72.5397739238283
2010-12-20,19.535398925408206,72.42085241594486
2011-01-03,19.562360095710492,76.0589143172457
2011-01-10,19.5609274135286,76.05291327735347
2011-01-17,19.555990271825312,75.84153213397519
2011-01-24,19.57733960734973,76.13879700668008
2011-01-31,19.584550092898787,76.12269926470663
2011-02-07,19.572182634902887,76.1401913821361
2011-02-14,19.570606212485817,76.1641501467268
2011-02-21,19.57530404958178,76.19813191835465
2011-02-28,19.576838781055667,76.20124003256308
2011-03-07,19.570384964947195,76.24948823581337
2011-03-14,19.580773995592203,76.38583731995652
2011-03-21,19.578797869659752,76.37497296249285
2011-03-28,19.573280002043663,76.37306565556844
2011-04-04,19.576153307782857,76.38788551740288
2011-04-11,19.576176720084387,76.40114535226985
2011-04-18,19.576681219005415,76.40072221873095
2011-05-02,19.684170210571946,106.78594163399043
2011-05-09,19.677764849412608,106.89556779648603
2011-05-16,19.676012767173948,106.8341052595398
2011-05-23,19.677384452779503,106.98348364216633
2011-05-30,19.68001230617795,107.00006547766861
2011-06-06,19.677837566010435,107.02228544174886
2011-06-13,19.681455819433054,106.99244557806094
2011-06-20,19.679729657053496,107.02535082369889
2011-06-27,19.686043298592068,106.97367843116842
2011-07-04,19.682400364395235,106.9968451104263
2011-07-11,19.678614891062047,107.00081784917768
2011-07-18,19.676031750167112,107.07423862982716
2011-07-25,19.676868163806734,107.06502172592798
2011-08-01,19.67990855091655,106.90636133037208
2011-08-08,19.67664248587735,106.91360220668355
2011-08-22,19.675163290984923,106.95282594396349
2011-08-29,19.67356938803596,107.15981762515412
2011-09-05,19.676120710913413,107.18082836759811
2011-09-12,19.678996188032006,107.06937640078536
2011-09-19,19.73394391063397,107.07270002857365
2011-09-26,19.733140838755094,106.93823064432956
2011-10-03,19.730465143409866,106.90576387900694
2011-10-10,19.731214201378073,107.06239338157081
2011-10-17,19.631706412510358,79.56938241544071
2011-10-24,19.634236679537626,79.61369769356315
2011-10-31,19.632327870635503,79.61308927205812
2011-11-07,19.6303492112122,79.45543167915491
2011-11-14,19.62862786365927,79.50954868462566
2011-11-21,19.633105852315914,79.50380999011918
2011-11-28,19.635903345336732,79.46203775534946
2011-12-05,19.630701541124274,79.33795069227892
2011-12-12,19.633991027176044,79.3155775588342
2011-12-19,19.635462340136602,79.40182236456315
2012-01-09,19.760563977406925,77.78531966885168
2012-01-16,19.760806048195168,77.79442965101998
2012-01-23,19.7649785573224,77.79578752504403
2012-01-30,19.768157958055234,77.81976180101537
2012-02-06,19.763958599175883,77.81018596070089
2012-02-13,19.751944213506054,77.80698257144763
2012-02-20,19.750548999489283,77.78222480428076
2012-02-27,19.755676892877986,77.77450049295862
2012-03-05,19.768367058545476,77.78986059653755
2012-03-12,19.76810392825335,77.77066459741809
2012-03-19,19.763559078460027,77.80223002889136
2012-03-26,19.772793008115514,77.76865187687065
2012-04-02,19.77380752839823,77.76260632890228
2012-04-16,19.77814671238701,77.78092573345145
2012-04-23,19.77617300339348,77.79850145962894
2012-04-30,19.77496048430876,77.75311296568066
2012-05-07,19.864771549578297,94.10504088870164
2012-05-14,19.86802645372081,94.12045132087837
2012-05-21,19.869246304565458,94.10733692296844
2012-05-28,19.868646080552388,94.14455205464208
2012-06-04,19.866537731155823,94.18339608712063
2012-06-11,19.872608058985318,94.240806105248
2012-06-18,19.86710914868391,94.28415522740602
2012-06-25,19.865611866333243,94.28528962783253
2012-07-02,19.86761402139924,94.30109264828548
2012-07-09,19.863529484102866,94.31660737969798
2012-07-16,19.864932336490234,94.29296375633646
2012-07-23,19.86754991453873,94.28368333094545
2012-07-30,19.86410881690705,94.25650159879444
2012-08-06,19.8677924217193,94.131958202796
2012-08-13,19.868473861821133,94.26105367390073
2012-08-20,19.86477120845911,94.26330849982264
2012-08-27,19.861737491332082,94.24052997521983
2012-09-03,19.996209272025688,94.66912091742654
2012-09-10,19.998741801488848,94.65613612232846
2012-09-17,19.9935351280237,94.65320527143183
2012-09-24,20.00058757454262,94.72519838735332
2012-10-01,19.990926871987668,94.74506640496145
2012-10-08,19.9844979641283,94.80319448158718
2012-10-15,19.983690944130565,90.94722216496245
2012-10-22,19.970452457383217,90.95720012700758
2012-10-29,19.97166573969694,90.95336473724012
2012-11-05,19.962702576669273,90.96411855912356
2012-11-12,19.96403312350164,90.94053854938431
2012-11-19,19.971542326535907,90.98636630610531
2012-11-26,19.96466531520732,91.01790800276251
2012-12-03,19.974594286535144,91.02068003728357
2012-12-10,19.97992387671667,91.02298094347714
2012-12-17,19.982447799193192,90.99529305491967
2013-01-07,19.877235697563904,84.48510970494715
2013-01-14,19.880161316932835,84.70296020032572
2013-01-21,19.881343459023714,84.69296800152756
2013-01-28,19.883677816824324,84.71122259564561
2013-02-04,19.8808854287402,84.72364734039206
2013-02-11,19.878304865674572,84.70117005961527
2013-02-18,19.878629650177796,84.69945460270401
2013-02-25,19.882304860806535,84.5878591403141
2013-03-04,19.883254008976262,87.08438754363942
2013-03-11,19.882811413428133,87.10218059025829
2013-03-18,19.8821811385614,87.10724979887357
2013-03-25,19.885007569074862,87.11472714375952
2013-04-01,19.28763507446858,74.95230115317304
2013-04-08,19.866450692192508,87.17949015904946
2013-04-15,19.884603253290372,80.85596294413062
2013-04-22,19.894964165820156,80.90996693154409
2013-04-29,19.881385829175997,80.89960156264999
2013-05-06,19.871895747463522,80.92057703115984
2013-05-13,19.87699034564095,80.92739204218367
2013-05-20,19.88260801561642,80.93002279499422
2013-05-27,19.878667346508863,80.91907137859289
2013-06-03,19.87758206056826,80.8718042057152
2013-06-10,19.881501665033305,81.13208949069542
2013-06-17,19.885932119321833,81.16387388875353
2013-06-24,19.882162461839894,81.12729628292777
2013-07-01,19.896718954412076,81.13784460813918
2013-07-08,19.896338823859157,81.14224478460392
2013-07-15,19.893803322562622,81.1286707893322
2013-07-22,19.900947991960226,81.11159722845127
2013-07-29,19.90129754968028,81.0523556722834
2013-08-05,19.903556757061722,81.05567785357971
2013-08-12,19.9015929637344,81.0863493592002
2013-08-19,19.900338933437382,81.0835879812197
2013-08-26,19.90084053881515,81.14009788910766
2013-09-02,19.894465129515865,81.1087773698639
2013-09-09,19.895268029748596,81.08852154330896
2013-09-16,19.90102223392715,81.1913303192897
2013-09-23,19.90281205715321,81.1428758982911
2013-09-30,19.9024327254404,81.14982147952594
2013-10-07,19.947748707192968,81.15550874673033
2013-10-14,19.952361491816937,81.16026533948173
2013-10-21,19.948811900786154,81.1502424438736
2013-10-28,19.958393602670814,81.16173247002234
2013-11-04,19.95503554842445,81.13874888032365
2013-11-11,19.955251540815873,81.14877233938887
2013-11-18,19.958402063751233,81.17629819957688
2013-11-25,19.959187969871657,81.18484683118413
2013-12-02,19.95324413806001,81.18398035087341
2013-12-09,19.95437777131637,81.19627783770466
2013-12-16,19.95826062141875,81.17760007436402
2014-01-06,19.916419144043278,84.21287169163259
2014-01-13,19.928388631333295,84.27269056061778
2014-01-20,19.931944644621137,84.28879428334562
2014-01-27,19.92526148086945,84.26228635052041
2014-02-03,19.92627264854391,84.27294895032696
2014-02-10,19.926852041778375,84.27288326196197
2014-02-17,19.92411103588265,84.26813616185052
2014-02-24,19.92903972508078,84.28969551859427
2014-03-03,19.930124033438606,84.27099324286144
2014-03-10,19.92870508996899,84.28135330936834
2014-03-17,19.930408845931904,84.28056956684281
2014-03-24,19.931079215208413,84.36098909427358
2014-03-31,19.924978608541302,84.37400942582121
2014-04-07,19.92915890001211,84.06848961243622
2014-04-14,19.92438381601994,84.0915654237889
2014-04-28,19.924461504183565,84.1256980240521
2014-05-05,19.927957205117618,84.10774817053345
2014-05-12,19.93051736434885,84.09700144178919
2014-05-19,19.922908283322922,84.11671942100656
2014-05-26,19.92506560876478,84.11501731041096
2014-06-02,19.925012551064064,84.11504543550302
2014-06-09,19.93220857122025,84.10314906955784
2014-06-16,19.929686995153123,84.23878482935163
2014-06-23,19.921569452871132,84.19352372711603
2014-06-30,19.924970911166444,84.18926037994822
2014-07-07,19.92491449540321,84.18805899051677
2014-07-14,19.929204358644924,84.28057947861794
2014-07-21,19.929339774635856,84.26446497425229
2014-07-28,19.926722395371478,84.30569937988639
2014-08-04,19.923147029417585,84.2931223581279
2014-08-11,19.92567701627283,84.38300767959652
2014-08-18,19.925533782473824,84.35179072661049
2014-08-25,19.92655244109952,84.36261340139106
2014-09-01,19.922442583101454,84.30791467968459
2014-09-08,19.926051060440507,84.30281903832702
2014-09-15,19.922150247215868,84.31490854561696
2014-09-22,19.924047011825767,84.25723578116128
2014-09-29,19.93025513548106,84.26013266585994
2014-10-06,19.919931913569283,84.337030252908
2014-10-13,19.960582967906284,84.37610491608211
2014-10-20,19.952607083475325,81.942948173638
2014-10-27,19.949059025840047,81.9457171613875
2014-11-03,19.952667152803674,82.37083828239304
2014-11-10,19.955224658674474,82.3894788901357
2014-11-17,19.945944072317154,82.38283573757337
2014-11-24,19.95974445935861,82.36264363667499
2014-12-01,19.954588961163033,82.35473648462391
2014-12-08,19.96890385317464,82.49720570052659
2014-12-15,19.975389751180536,82.40633420880329
2015-01-05,19.991143548651877,87.90823006299348
2015-01-12,19.999730978799406,87.85785093678999
2015-01-19,20.006219473457218,87.87095226663189
2015-01-26,19.996061773854596,87.82858480251815
2015-02-02,19.988042388145725,87.84867814540314
2015-02-09,19.97930748275645,87.90237418073968
2015-02-16,19.978592788547093,87.91402684865159
2015-02-23,19.981867425284825,87.82219016689407
2015-03-02,19.98684379093696,87.83071434752992
2015-03-09,19.982102677173515,87.71789306111032
2015-03-16,19.98490797589741,87.7155257685223
2015-03-23,19.996056915550096,87.69235599237675
2015-03-30,19.99701166774472,87.7024411509679
2015-04-13,19.982993257918043,87.40772705848104
2015-04-20,19.98062147330558,87.44492028883315
2015-04-27,19.98974391369696,87.45886069418896
2015-05-04,19.87724510912854,79.05817617599939
2015-05-11,19.865376698254142,79.07261109301282
2015-05-18,19.877723571862543,79.07811706437042
2015-05-25,19.87840430445553,79.07008948533826
2015-06-01,19.872725040443754,79.06252464222848
2015-06-08,19.868653327055274,79.0511377241204
2015-06-15,19.87479071301992,79.17572181785937
2015-06-22,19.880140954127228,79.07602477032287
2015-06-29,19.869705973945468,79.06649736974055
2015-07-06,19.875001021060417,79.07789775252763
2015-07-13,19.88426584420883,79.06280776550864
2015-07-20,19.874168341619384,79.06609524528812
2015-07-27,19.876393733249248,79.02774184307793
2015-08-03,19.882309120595444,79.13597053222799
2015-08-10,19.882770591159666,79.18287501358049
2015-08-17,19.889665634192706,79.1836816958135
2015-08-24,19.88037293044274,79.17205798891518
2015-08-31,19.905173948845846,79.05585916867244
2015-09-07,19.89333093620054,79.2221654250427
2015-09-14,19.874325980878965,79.20174046784814
2015-09-21,19.885005535759966,79.19549496351567
2015-09-28,19.876524238508097,79.20636103912614
2015-10-05,19.887392460560395,79.29652331963968
2015-10-12,19.8700986818773,79.3900726019204
2015-10-19,19.988993624671856,88.69974351205263
2015-10-26,19.995239279626542,88.68635964734148
2015-11-02,19.999856350460007,89.0340197359937
2015-11-09,19.97429677034299,89.02704050490343
2015-11-16,19.978683959287967,89.03179964047575
2015-11-23,19.986149873520134,88.99676438785849
2015-11-30,19.99287197564198,89.02163725333145
2015-12-07,20.00617189835013,89.1462284645329
2015-12-14,20.015315436651907,88.93939510374082
2016-01-04,20.10595937611754,94.7019113348012
2016-01-11,20.10885583720308,94.7137819994146
2016-01-18,20.1294797576726,94.7019192469146
2016-01-25,20.159843712064337,94.77550669396601
2016-02-01,20.152740120286257,94.71020907810845
2016-02-08,20.135036735815312,94.70498142105777
2016-02-15,20.141113216077258,94.68872635721357
2016-02-22,20.14166195552609,94.71553491890006
2016-02-29,20.140646726980183,94.70299830210098
2016-03-07,20.12293534389223,94.70926623009746
2016-03-14,20.106549698360233,94.78524714617629
2016-03-21,20.121168988579587,94.80664952978373
2016-04-04,20.124573235229022,94.45839140432741
2016-04-11,20.139563849433152,94.40534863555877
2016-04-18,20.11119601066934,94.46624371766916
2016-04-25,20.116151554194087,94.4584931215004
2016-05-02,20.100714128728132,94.56882712889359
2016-05-09,19.9486338224178,86.29167465731803
2016-05-16,19.9551409489198,86.26650039231447
2016-05-23,19.94036570067029,86.29833709700182
2016-05-30,19.93725708109424,86.26259213576759
2016-06-06,19.94473512765685,86.29428481741121
2016-06-13,19.94584400410864,86.29564159793716
2016-06-20,19.943012378279835,86.27284357050013
2016-06-27,19.94365848962037,86.28799653008053
2016-07-04,19.93973184326634,86.2733867621356
2016-07-11,19.944570462827215,86.27580381583448
2016-07-18,19.942035243849407,86.38300591300464
2016-07-25,19.9473582150914,86.40340347138545
2016-08-01,19.947069482401517,86.28070699654262
2016-08-08,19.966129454681933,86.2782092661871
2016-08-15,19.95971669987997,86.28700316108092
2016-08-22,19.95354748101277,86.29895122775218
2016-08-29,19.9512522037545,86.38755785165273
2016-09-05,19.946012965556765,86.37804392396617
2016-09-12,19.946117388046858,86.38914520512566
2016-09-19,19.946136635883708,86.36126564643314
2016-09-26,19.94932371318129,86.37849311434258
2016-10-03,19.957366087853433,86.37853458774015
2016-10-10,19.939533651746128,86.37655176719255
2016-10-17,20.149491893616055,96.27828397351908
2016-10-24,20.138115974864153,96.27711928273033
2016-10-31,20.147335675436103,96.28522989623565
2016-11-07,20.15160604891371,96.51568903622928
2016-11-14,20.16492483912651,96.51219046802493
2016-11-21,20.161142824401743,96.53071708510123
2016-11-28,20.148007192613758,96.54424129607912
2016-12-05,20.156708471067844,96.58213269352785
2016-12-12,20.152704210721677,96.56051791518183
2016-12-19,20.140784901575536,96.531122539943
2017-01-02,20.102201109431267,95.12464351512165
2017-01-09,20.105947818581093,99.35221045235625
2017-01-16,20.117916097872943,99.32980282322893
2017-01-23,20.12010301904295,99.34955322444767
2017-01-30,20.122255622189684,99.33986589652255
2017-02-06,20.119414111809455,99.33770584035142
2017-02-13,20.11022521355586,99.35875592296026
2017-02-20,20.104911149782346,99.36294121220345
2017-02-27,20.10888015896827,99.34986984710355
2017-03-06,20.104439804078897,99.33413280221527
2017-03-13,20.10469032846844,99.33243929158283
2017-03-20,20.119756247507265,99.33446737388977
2017-03-27,20.126207813131728,99.3230143076375
2017-04-03,20.12131638355856,99.04297867602565
2017-04-10,20.109995050182018,99.04469554001071
2017-04-24,20.110454416319072,99.0535627707697
2017-05-01,20.12272935747633,99.05033015616783
2017-05-08,19.931676792518683,89.13819069130852
2017-05-15,19.928913419912494,89.14795592234844
2017-05-22,19.933406771831027,89.13186596823994
2017-05-29,19.922124140663154,89.13930140986918
2017-06-05,19.925282821377376,89.13642481408067
2017-06-12,19.927321182733603,89.16444020409114
2017-06-19,19.925626883658353,89.13547987561213
2017-06-26,19.930435894278318,89.15481937734484
2017-07-03,19.933303322051582,89.13311266124452
2017-07-10,19.927557126974104,89.14599509949215
2017-07-17,19.929215236815963,89.14040016602513
2017-07-24,19.932329537280747,89.14204319995048
2017-07-31,19.938657380702693,89.13802495267578
2017-08-07,19.930090970839565,89.1479767876728
2017-08-14,19.936094750967214,89.13820987065395
2017-08-21,19.936266997215426,89.15818455183637
2017-08-28,19.938554736162526,89.14685925764644
2017-09-04,19.93792181433116,89.13111317615909
2017-09-11,19.926464151948036,89.14571526375084
2017-09-18,19.93077065753781,89.12456105606714
2017-09-25,19.92896280364189,89.1339859812121
2017-10-02,19.914488675891374,89.14421146098601
2017-10-09,19.928163668656904,89.12280690425143
2017-10-16,20.1130360733739,99.04272828262549
2017-10-23,20.10787446678418,99.06022069591091
2017-10-30,20.114699266387248,99.04411226328756
2017-11-06,20.108133144979558,99.33470241863415
2017-11-13,20.105248706460994,99.34127960704654
2017-11-20,20.11123386623955,99.335240704804
2017-11-27,20.105991066735612,99.33103892335879
2017-12-04,20.107889915860593,99.32961340060234
2017-12-11,20.107061908572994,99.34196494893189
2017-12-18,20.099524142520355,99.34823952774207
2018-01-01,20.0672356244905,102.08405408666977
2018-01-08,20.072361204733756,108.75637220965609
2018-01-15,20.076657717189377,108.77662654425149
2018-01-22,20.08187501375436,108.74708452697769
2018-01-29,20.082185170772924,108.75060665273566
2018-02-05,20.08733432417548,108.73860671450052
2018-02-12,20.079448641133123,108.74160620056955
2018-02-19,20.101237979980567,108.71903592228864
2018-02-26,20.093153624882827,108.73491893880862
2018-03-05,20.073077619351782,108.72638647079322
2018-03-12,20.084449236825186,108.7376484664951
2018-03-19,20.085516970600647,108.74015923758361
2018-03-26,20.07500539177343,108.75086080046339
2018-04-09,20.074032602476834,108.41972350288313
2018-04-16,20.07742072931267,108.45320247012683
2018-04-23,20.083929202368548,108.4749187120243
2018-04-30,20.072970141055208,108.50550269160021
2018-05-07,19.890885240477253,96.9825394119681
2018-05-14,19.878468511463545,97.00383331853561
2018-05-21,19.882903409565756,97.00209132531666
2018-05-28,19.877505890862214,97.03524731203822
2018-06-04,19.884791103725572,97.0110149867237
2018-06-11,19.876224026125303,96.99615212863364
2018-06-18,19.88378900658832,96.99798016154148
2018-06-25,19.882014734068083,97.10341464619091
2018-07-02,19.88476294025266,97.07249361890149
2018-07-09,19.88135751971813,97.06837179942181
2018-07-16,19.87425088165952,97.08031235666976
2018-07-23,19.889571171633282,97.07679806841236
2018-07-30,19.885620412998197,97.10567821314112
2018-08-06,19.883378244813567,97.09835693353523
2018-08-13,19.872105506696666,97.0914146741627
2018-08-20,19.875340364945977,97.11114119228705
2018-08-27,19.878823127982926,97.09056184445308
2018-09-03,19.868388149187098,97.10792154391982
2018-09-10,19.84533335172649,97.08699652990276
2018-09-17,19.845419131907555,97.07797372736661
2018-09-24,19.855634086545,97.08752204025632
2018-10-01,19.855411872433166,97.08552810403921
2018-10-08,19.849785001686506,97.05874481263572
2018-10-15,20.00918397806895,108.60433072852334
2018-10-22,20.014781619929607,108.60271401393038
2018-10-29,19.991053998430356,108.61297567702115
2018-11-05,19.973798417263414,108.96179473707878
2018-11-12,19.97573763331047,108.96900573042353
2018-11-19,19.99386651105171,108.91055681523562
2018-11-26,19.999195830931576,108.93682014675653
2018-12-03,20.00737119288123,108.95954183765627
2018-12-10,20.01587159676551,108.84094395514524
2018-12-17,20.03645400385327,108.81425118869447
2019-01-07,20.08886199934831,109.38879739534298
2019-01-14,20.115003853157287,109.42162353477124
2019-01-21,20.124062618116096,109.43174894080482
2019-01-28,20.13071852415706,109.43930325838835
2019-02-04,20.130881262145305,109.44276602709147
2019-02-11,20.129505975093018,109.44242952957688
2019-02-18,20.135641013968083,109.4579535046829
2019-02-25,20.13420357113412,109.47422018619773
2019-03-04,20.13118383924637,109.4735663426992
2019-03-11,20.133666834220495,109.46944883527499
2019-03-18,20.13308180692874,109.46525344407314
2019-03-25,20.13659794636383,109.46388185407864
2019-04-01,20.131337251365903,109.15915959702158
2019-04-08,20.134241487771167,109.1684378461008
2019-04-15,20.134270101397156,109.17298123779267
2019-04-29,20.130876679828233,109.18425142577655
2019-05-06,19.928876501774532,93.38337580725613
2019-05-13,19.930205735519273,93.38328265695213
2019-05-20,19.937872536634558,93.3808507012584
2019-05-27,19.910289481071448,93.3793188348285
2019-06-03,19.904285341266327,93.38933822343893
2019-06-10,19.91750953281973,93.40939782639191
2019-06-17,19.929315208799142,93.40661188207923
2019-06-24,19.93340283081447,93.40230584392873
2019-07-01,19.93336323928183,93.39357446695067
2019-07-08,19.935571492951862,93.40181270140397
2019-07-15,19.94281201394817,93.391850663985
2019-07-22,19.933904874471253,93.39573613014761
2019-07-29,19.931615488865102,93.39451027370922
2019-08-05,19.927979412146044,93.39372178745589
2019-08-12,19.928798988123475,93.40748607885268
2019-08-19,19.92511995637827,93.39787773793546
2019-08-26,19.93358112211613,93.40124820313156
2019-09-02,19.938727133498407,93.40122569057826
2019-09-09,19.94358940153031,93.40150151572925
2019-09-16,19.930497772307,93.39345403823916
2019-09-23,19.926493246546908,93.38821079708612
2019-09-30,19.92793903252121,93.39332931198112
2019-10-07,19.918705528345665,93.39772525528986
2019-10-14,19.930575888900215,93.39708329480868
2019-10-21,20.135064510604305,92.36150490237935
2019-10-28,20.139178850398125,109.15387250827507
2019-11-04,20.131191028279428,109.45000854800753
2019-11-11,20.13541194823068,109.45612192548174
2019-11-18,20.143939283343183,109.46658079661222
2019-11-25,20.147130587961005,109.46461943706561
2019-12-02,20.133244358867866,109.46887873690571
2019-12-09,20.146405197720483,109.46773042685629
2019-12-16,20.136199310117618,109.46599766188206
2020-01-06,20.15342746624309,103.07398508382721
2020-01-13,20.14370811926692,103.06271140132833
2020-01-20,20.1610050476892,103.06885144097248
2020-01-27,20.165207683966997,103.07005731477341
2020-02-03,20.167106544439434,103.0731766947265
2020-02-10,20.185905149355516,103.08857163307209
2020-02-17,20.171228585067322,103.15617951954192
2020-02-24,20.17133121788187,103.16166768753436
2020-03-02,20.174888774650594,103.14872460442683
2020-03-09,20.171393077395383,103.15855019852984
2020-03-16,20.150261314014784,103.14932958254127
2020-03-23,20.139852299206638,103.15753091056251
2020-03-30,20.129051997009718,103.16648705376963
2020-04-06,20.132123892524437,102.87579727041202
2020-04-20,20.156499444147386,102.87901226540197
2020-04-27,20.1702198078405,102.89628460649789
2020-05-04,20.18716720973589,102.9196989629321
2020-05-11,20.160042097414497,103.31806851047935
2020-05-18,20.166134533733388,103.32449163460905
2020-05-25,20.163971151889587,103.32831807537644
2020-06-01,19.885009496918318,92.9961126004439
2020-06-08,19.892250115644977,92.99162467865006
2020-06-15,19.903308035058277,92.98985124785219
2020-06-22,19.91190500607395,92.98789390764824
2020-06-29,19.90851796723059,92.98594464925799
2020-07-06,18.59396084437261,92.68793276828939
2020-07-13,18.588913077856358,92.68389014031516
2020-07-20,18.637021382417963,92.69508985606257
2020-07-27,18.638693330266058,92.69542979420572
2020-08-03,18.646229218569328,92.70403480680966
2020-08-10,18.653187659067857,92.70457213090737
2020-08-17,18.64984277550759,92.70275276401873
2020-08-24,18.64077732877777,92.70539399925394
2020-08-31,18.64418875026327,92.70978452565998
2020-09-07,18.62351047522238,92.71069295689705
2020-09-14,18.597386556993616,92.71836723649369
2020-09-21,18.693128722944785,92.7406294531657
2020-09-28,18.681705069147906,92.74067233793835
2020-10-05,18.66638416922794,92.73641307084324
2020-10-12,18.67404035564364,92.63204719254793
2020-10-19,19.0565257533671,102.85970114518784
2020-10-26,19.05453893986939,102.85978134070496
2020-11-02,19.05377702178294,103.15583183654297
2020-11-09,19.06294768245924,103.16845950552062
2020-11-16,19.002051452696016,103.14729833019271
2020-11-23,19.0420010548275,103.15164412287237
2020-11-30,19.007779766349216,103.12500402225675
2020-12-07,19.017376450153897,103.12321679664637
2020-12-14,19.06145642795361,103.12978162476401
2020-12-21,18.892838542712433,103.06354244881044
2021-01-11,19.988379451327464,110.96465326926369
2021-01-18,19.9891349981768,110.98692172060998
2021-01-25,19.995055296864738,110.97948999576067
2021-02-01,19.99855588463129,110.95955810645074
2021-02-08,19.993875679842212,110.9883273612785
2021-02-15,19.98388756936349,111.00865846365264
2021-02-22,19.973959624131247,111.03346306631937
2021-03-01,19.984490268942324,111.03820184626466
2021-03-08,19.994522730750504,111.03473785578461
2021-03-15,19.978866364876097,111.06016408290463
2021-03-22,19.972792589367803,111.0412358860467
2021-03-29,19.98596653825115,111.01754631514166
2021-04-12,19.986075129064517,110.6582551844188
2021-04-19,19.98994226566428,110.66733936113218
2021-04-26,19.978207258958875,110.67436362296519
2021-05-03,19.98110136503085,111.27010247067267
2021-05-10,19.775139030443892,100.57355270565273
2021-05-17,19.77979526891488,100.57242912980581
2021-05-24,19.77461396986742,100.5665912072862
2021-05-31,19.781032525223765,100.57234807463152
2021-06-07,19.77827598889607,100.58437714222703
2021-06-14,19.778478765755775,100.58868800841549
2021-06-21,19.784722738509913,100.60251438810656
2021-06-28,19.775713002242448,100.60478664468701
2021-07-05,19.776660441096237,100.60176103505114
2021-07-12,19.768937153622204,100.60155797811467
2021-07-19,19.769615416272412,100.60912283672303
2021-07-26,19.785930483966208,100.5898397325717
2021-08-02,19.779687508551024,100.60435629029473
2021-08-09,19.77432969829983,100.60051977419494
2021-08-16,19.77651074482779,100.59596428315797
2021-08-23,19.764175831745312,100.5842730036843
2021-08-30,19.771480869134393,100.6009441867144
2021-09-06,19.77279197520104,100.6091286978633
2021-09-13,19.77283005253283,100.60327912362254
2021-09-20,19.77223388521611,100.61992259572423
2021-09-27,19.770310995076827,100.6268059193427
2021-10-04,19.766244633499966,100.64150460036853
2021-10-11,19.751005050411564,100.66990615733278
2021-10-18,19.93770146991365,111.14080611231623
2021-10-25,19.922782768196605,111.15831974147056
2021-11-01,19.926341422023587,111.8693273947581
2021-11-08,19.929463444888842,111.85247387016557
2021-11-15,19.923947035527817,111.86871884361835
2021-11-22,19.928272499422643,111.84654678871732
2021-11-29,19.935382422687596,111.83911891095556
2021-12-06,19.948374553578233,111.7659362175815
2021-12-13,19.95055652491005,111.7808365990835
2021-12-20,19.939720545450495,111.7781546769902
2022-01-03,20.06757119102131,109.68968447867871
2022-01-10,20.035923639051497,109.68793078260023
2022-01-17,20.031422792541072,109.75704969241986
2022-01-24,20.024147803885004,109.74967475841743
2022-01-31,20.04037332046756,109.75905203348702
2022-02-07,20.04413072115213,109.3584045862882
2022-02-14,20.03221133952611,109.37024655279822
2022-02-21,20.021838175957342,109.36407143336612
2022-02-28,20.037724836703106,109.35974665888273
2022-03-07,19.94363688306318,109.24864008325233
2022-03-14,19.818445647753794,109.00422347543758
2022-03-21,19.915869584865842,109.08585281113392
2022-03-28,19.975200725257857,109.12765064984296
2022-04-04,19.982150226651605,108.18098083329869
2022-04-11,20.00272874574443,108.20006407741766
2022-04-25,19.996483767118473,108.17562745757209
2022-05-02,20.015275908088963,108.18312996601458
2022-05-09,19.991202231509778,107.8637569529053
2022-05-16,19.99935683012234,107.87372033778115
2022-05-23,20.011944129149185,107.88524508130877
2022-05-30,20.03373283295344,107.89299160463838
2022-06-06,19.99683063510545,107.8572403669466
2022-06-13,19.987301053025917,107.84192343642485
2022-06-20,20.002883966041757,107.85541153076883
2022-06-27,19.983868085277727,107.58215933685005
2022-07-04,20.005545867165768,107.61051534551257
2022-07-11,19.99770035827691,107.60114952178924
2022-07-18,19.976675248631746,107.59157883946637
2022-07-25,19.969512710606555,107.59633928527137
2022-08-01,19.98498246402131,107.60483479808067
2022-08-08,19.961974949086137,107.85636427217605
2022-08-15,19.995679239094898,107.87577771963902
2022-08-22,19.97300668749965,107.8601436351039
2022-08-29,19.97492945781292,107.83991616189064
2022-09-05,19.93022074008143,107.82187752239452
2022-09-12,19.965397501294053,107.8486949368662
2022-09-19,19.937433190704922,107.59464419963251
2022-09-26,19.954800964356274,107.59413440115759
2022-10-03,19.97871013888534,107.61219129118467
2022-10-10,19.980460099165363,107.59154827686757
2022-10-17,19.959228574925874,106.95571328651067
2022-10-24,19.948015211849025,106.94530282405799
2022-10-31,19.97856767343505,109.48715496425757
2022-11-07,19.979462613262463,109.79375033822157
2022-11-14,19.963003893229615,109.79985929450982
2022-11-21,19.95883783699861,109.80005203117685
2022-11-28,19.971735465775446,109.81162688541212
2022-12-05,19.978973594233615,109.81038277173877
2022-12-12,19.968114411313515,109.81138026341296
2022-12-19,19.967839903786253,109.80361143116659
2022-12-26,19.96274518416305,109.80130052506661
2023-01-02,19.994272661748724,141.1236185308735
2023-01-09,20.00716586910226,141.8026640948284
2023-01-16,20.012420787694833,140.70272124098994
2023-01-23,20.02194866245988,140.4299873387772
2023-01-30,20.023953835833012,140.67152875143347
2023-02-06,20.009763671885207,140.6987234548177
2023-02-13,20.015313495621605,140.9062173575236
2023-02-20,20.02123336642162,141.36952073382395
2023-02-27,20.023579664426258,141.3029840274943
2023-03-06,20.010133687744474,142.14844929872527
2023-03-13,20.005520721300734,142.29166247403293
2023-03-20,20.00131046835558,142.17868441423616
2023-03-27,20.0095025599662,141.95890684731467
2023-04-03,20.012867429956454,141.31896249048611
2023-04-10,20.02822562727316,140.72756249129395
2023-04-17,20.022590562384583,140.9541970110531
2023-04-24,20.03454695774036,141.13507991364645
2023-05-01,20.074126882633895,141.88149850586103
2023-05-08,20.050166695319803,141.82558667425144
2023-05-15,20.048819473401824,141.8843139534954
2023-05-22,20.053999323335606,141.80990751147203
2023-05-29,20.047580195993365,141.6756310241177
2023-06-05,20.060743622467662,141.95855390114662
2023-06-12,20.057916609586005,142.3856379376573
2023-06-19,20.062321056034254,142.38527436166692
2023-06-26,20.06212718923873,142.26483922262094
2023-07-03,20.067333866534483,142.7509775780669
2023-07-10,20.058042763956557,143.10023402933405
2023-07-17,20.058394718801114,143.10762544359
2023-07-24,20.05893293366858,142.91345278139715
2023-07-31,20.050526387286986,142.6411009159059
2023-08-07,20.0150189022947,142.72945104386474
2023-08-14,20.02125129910968,143.39111163126893
2023-08-21,20.02294275455765,143.717706174697
2023-08-28,20.02504125782208,143.3878494915897
2023-09-04,20.011366738687034,142.95113924789564
2023-09-11,20.015739719837686,143.21265057503615
2023-09-18,20.01151678572511,142.76747875998933
2023-09-25,20.01572210577551,142.81232172320256
2023-10-02,20.012217910986532,143.28472250534105
2023-10-09,19.992616693099286,143.54864805606644
2023-10-16,20.02144326807308,142.7618460699539
2023-10-23,20.01685290818693,142.757887033408
2023-10-30,20.031952639228816,143.19656959606039
2023-11-06,20.02583248026385,143.08933542303066
2023-11-13,20.021283104501123,143.60906212538987
2023-11-20,20.020500152840437,143.01309848243704
2023-11-27,20.020667552603697,141.40440381288795
2023-12-04,20.007867588663736,143.41967374018282
2023-12-11,20.000968503118774,142.94679186733458
2023-12-18,20.009471257982362,142.82314391450825
2023-12-25,20.003037313031648,142.20139318497831
2024-01-01,19.968043157682835,145.96768375407396
2024-01-08,19.959417432626694,165.944901528056
2024-01-15,19.96710535438076,166.19157796713455
2024-01-22,19.97770645989556,166.19506203246817
2024-01-29,19.982816470623003,166.19643109277933
2024-02-05,19.975465338317782,166.18517141795292
2024-02-12,19.983711083939376,166.1839726414147
2024-02-19,19.972193972319758,166.18119315955005
2024-02-26,19.981272390170165,166.18480258200418
2024-03-04,19.981902905949422,166.18138111832627
2024-03-11,19.98890846197704,166.19118668646774
2024-03-18,19.991088015654515,166.44863379057995
2024-03-25,20.006769205139125,192.42622935008444
2024-04-01,19.984139379576433,166.3562783514102
2024-04-08,19.97508311665566,167.13744244898976
2024-04-15,19.98166417006528,167.1336953863066
2024-04-22,19.97579952355696,167.13441997371467
2024-04-29,19.982094930022477,167.1361765720252
2024-05-06,19.97577140743961,167.13400573763988
2024-05-13,19.84639139194336,163.55352800709386
2024-05-20,19.842368022425227,163.55237499169561
2024-05-27,19.84188653329187,163.38071762728157
2024-06-03,19.833977204678508,163.38399779259476
2024-06-10,19.844662701061115,160.13994608548467
2024-06-17,19.843617378714328,163.3921709254564
2024-06-24,19.841118377124463,163.3818110025669
2024-07-01,19.846579526707465,163.40997234498582
2024-07-08,19.846031578108104,163.40111680629548
2024-07-15,19.846418233491224,163.40190079536262
2024-07-22,19.842515887261186,163.40950620205
2024-07-29,19.841564965271854,163.40457936851135
2024-08-05,19.836776686842654,167.26711242406657
2024-08-12,19.836880633852658,164.21651094053732
2024-08-19,19.83343304907942,164.4294791311114
2024-08-26,19.836694278964096,164.51686744978429
2024-09-02,19.845930604725982,164.52121950249204
2024-09-09,19.83736787870102,164.56847326834747
2024-09-16,19.849895739422927,164.75923046799448
2024-09-23,19.843813763433204,164.76398406558963
2024-09-30,19.8280849907385,164.74931630838762
2024-10-07,19.840125726294296,164.7412151223764
2024-10-14,19.828340490454714,164.72879745521266
2024-10-21,19.966384816786075,151.98429480978416
2024-10-28,19.964130158934864,152.02247343176157
2024-11-04,19.972824265857316,152.0570532574477
2024-11-11,19.969069471447824,152.31546971050932
2024-11-18,19.9697423414893,151.98732091792476
2024-11-25,19.974295090985766,151.92006483726925
2024-12-02,19.957389274892755,151.89486275885258
2024-12-09,19.966419524109266,151.92646922986103
2024-12-16,19.969115075269922,151.9342226229585
2024-12-23,19.965278595844982,151.89646064021815
2024-12-30,19.965462585778145,151.8823326263274
2025-01-06,19.93511487084336,167.86107027332844
2025-01-13,19.93128590949813,167.74857208604544
2025-01-20,19.935132574715027,167.49654664977174
2025-01-27,19.927386178668737,167.50376113172445
2025-02-03,19.933437432429464,167.61076033113864
2025-02-10,19.928451417612823,167.61030639992055
2025-02-17,19.928441985694086,167.57087699461124
2025-02-24,19.93406129163331,167.56491711294655
2025-03-03,19.924777045610732,167.6019597976874
2025-03-10,19.924415907423587,167.79946157520078
2025-03-17,19.917120522400186,167.9225676557495
2025-03-24,19.91952375364664,167.97337810830788
2025-03-31,19.95250700978872,167.94988568126053
2025-04-07,19.943999301173342,167.95774228442474
2025-04-14,19.94576453670039,166.87757705517686
2025-04-21,19.94508291436413,168.38559939531638
2025-04-28,19.937108592002964,205.3707956332961
2025-05-05,19.782441934324407,175.57637955545613
2025-05-12,19.8028156310052,175.57614321014455
2025-05-19,19.787064279339468,175.57503168358153
2025-05-26,19.77871425809029,175.57438286584033
2025-06-02,19.792613669938955,175.57640065141698
2025-06-09,19.791158655960615,175.57363729970427
2025-06-16,19.797104807454428,175.5748952355774
2025-06-23,19.79326452875915,175.5769612478689
2025-06-30,19.794381077847845,175.5735230763113
2025-07-07,19.794264676732837,175.3877754661645
2025-07-14,19.802396533506638,175.39062203322646
2025-07-21,19.814668301684243,175.38812315696885
2025-07-28,19.802938371716714,175.391104115433
2025-08-04,19.802616219776873,175.1222842820639
2025-08-11,19.79813074228016,175.12131535377864
2025-08-18,19.795070393714614,175.1192817143458
2025-08-25,19.804357432563307,175.12064783676965
2025-09-01,19.802293250298366,175.26558169760665
2025-09-08,19.797263943440456,175.2665186019749
2025-09-15,19.79983634968229,175.2672058771384
2025-09-22,19.79974065054698,175.26731038835533
2025-09-29,19.805363712005352,175.26680200587907
2025-10-06,19.79151153899226,175.26708390378542
2025-10-13,19.7957492193361,175.26708390378553
2025-10-20,19.95202597060241,174.2678422894279
2025-10-27,19.959685872543428,174.26271758559915
2025-11-03,19.95405118161618,174.23869147142284
2025-11-10,19.961120987189542,174.22997959550855
2025-11-17,19.945547148696384,174.22224809690874
2025-11-24,19.943980500977972,173.91640461098382
2025-12-01,19.94397365064648,173.9323023178066
2025-12-08,19.949964889687667,173.94280028376215
2025-12-15,19.93650043448061,173.94724354572895
2025-12-22,19.94104428972822,174.1898528011062
2025-12-29,19.944085856871112,174.19619368618908
2026-01-05,20.037549739053215,185.05569643443005
2026-01-12,20.043346901096054,185.73976364698
2026-01-19,20.04461285912118,185.7303672313609
2026-01-26,20.051515653469952,186.3581703747061
2026-02-02,20.052521980451374,185.61469563371975
2026-02-09,20.04800443077232,186.96542180781694
2026-02-16,20.055366623752022,186.9649364094048
2026-02-23,20.05580468050208,186.96250777500154
2026-03-02,19.979665524315127,186.9159517774907
2026-03-09,20.011394805799842,186.7437811353292
2026-03-16,20.09119415747972,186.22463015685491
2026-03-23,19.56904252368175,189.0871567214383
2026-03-30,19.63257148821074,181.12397162240336
2026-04-06,19.5997267739624,181.01895775879098
2026-04-13,19.547603942116652,180.9751569267421
2026-04-20,19.553360641171274,181.01081135641584
2026-04-27,19.591814324145112,181.06497783543102
2026-05-04,19.426284411447774,188.90989523298686
2026-05-11,19.36544794851051,188.90988581456952
2026-05-18,19.38858546947894,189.44313953425637
2026-05-25,19.409082339170325,189.4431035537508
2026-06-01,19.373348759252497,189.44317858952274
2026-06-08,19.40368371696248,189.54505121015552
2026-06-15,19.4121156641741,189.54451506333214
2026-06-22,19.38963392938463,189.5449340836708
2026-06-29,19.407921434509674,189.54480938756615
2026-07-06,19.891217197615948,201.35045244641412
2026-07-13,19.91054897003204,190.50182627411732
2026-07-20,19.908159311846138,190.50158406559967
2026-07-27,19.947794858359565,190.50199837357536
2026-08-03,19.955852322552087,190.50460070539748
