date,electricity_pre_tax,natural_gas_eur_mwh
2003-07-01,0.09921001785537216,11.277017915914584
2003-08-01,0.09949031394334928,11.32808455309324
2003-09-01,0.09979863964012413,11.195583594894842
2003-10-01,0.09988272846651726,10.526732884681124
2003-11-01,0.10010696533689897,10.567734072926537
2003-12-01,0.10033120220728066,10.234048777133252
2004-01-01,0.09976477326955258,9.74927335242128
2004-02-01,0.09993299933050362,9.77222338616089
2004-03-01,0.10018533842193018,9.989421199969955
2004-04-01,0.10024141377558056,10.369942804389877
2004-05-01,0.10032552680605608,10.435408358637982
2004-06-01,0.10057786589748265,10.478443253876545
2004-07-01,0.10048920831016149,11.077541617041971
2004-08-01,0.1007134243565549,11.301140476067562
2004-09-01,0.10093764040294835,11.449650466224947
2004-10-01,0.1013019914783377,12.259712678922718
2004-11-01,0.10169436955952621,12.107560717247907
2004-12-01,0.10205872063491553,11.855664443706583
2005-01-01,0.10201120423533772,13.220460894171785
2005-02-01,0.10229121175525167,13.387546315020877
2005-03-01,0.102599220027157,13.296478948967147
2005-04-01,0.102739223787114,14.372847170495735
2005-05-01,0.10313123431499352,14.7390505492842
2005-06-01,0.1034112418349075,15.433129110879456
2005-07-01,0.10409577186372375,16.91612863386786
2005-08-01,0.1043481053393206,16.92973678858722
2005-09-01,0.10460043881491739,17.057860710404654
2005-10-01,0.10521725397748745,19.212145564484207
2005-11-01,0.10555369861161654,20.07637386005827
2005-12-01,0.10586210619290153,20.050183465067626
2006-01-01,0.10585155015743407,20.850496618646964
2006-02-01,0.10607577474304178,21.133708542701836
2006-03-01,0.1063560554750514,21.08060397481505
2006-04-01,0.10767337491549661,21.296258521932913
2006-05-01,0.10789759950110431,20.58538440552321
2006-06-01,0.10823393637951587,20.78178221131758
2006-07-01,0.10918073732920885,21.459399373761972
2006-08-01,0.10965729686330855,21.589155699428
2006-09-01,0.1100777905698671,21.86938137792903
2006-10-01,0.11038615262134338,22.561346341008864
2006-11-01,0.11083467924167253,22.137768997896448
2006-12-01,0.1113392716895428,21.454186434641947
2007-01-01,0.08243745814439696,20.978793261013564
2007-02-01,0.08289863113003984,20.763316395590294
2007-03-01,0.08330554847031296,20.054963393439365
2007-04-01,0.08357682669716171,18.79431684741595
2007-05-01,0.08384810492401046,18.75344251556592
2007-06-01,0.08411938315085923,18.989798863134972
2007-07-01,0.10751163451006446,18.810323637805386
2007-08-01,0.10792395610207017,19.44090727915635
2007-09-01,0.10841874201247706,19.478278073296256
2007-10-01,0.10902348034741882,20.430110871736133
2007-11-01,0.10943580193942459,20.478557765694394
2007-12-01,0.10995807595596518,20.702744613634582
2008-01-01,0.10470703882734286,23.08339882289111
2008-02-01,0.10551092196781311,23.3167532697712
2008-03-01,0.10617620456682295,22.57098290205126
2008-04-01,0.10689692738241699,24.55106176595821
2008-05-01,0.10756220998142682,25.256963792138407
2008-06-01,0.10792257138922384,25.751725538600464
2008-07-01,0.1084837193471567,28.936509088253228
2008-08-01,0.10931668716024151,31.080972882631812
2008-09-01,0.10989976462940088,32.8198892293927
2008-10-01,0.1103162485359433,38.07147778094215
2008-11-01,0.11087156041133317,39.45048399073416
2008-12-01,0.11128804431787556,36.35261631521619
2009-01-01,0.11350561237375097,33.18520197554003
2009-02-01,0.11394911674162168,27.370800757285174
2009-03-01,0.11425402599453281,26.468483660973714
2009-04-01,0.11458665427043584,20.455886601874884
2009-05-01,0.11458665427043584,18.784529490806378
2009-06-01,0.11472524938539545,18.009871687843248
2009-07-01,0.1145092944356951,15.032495243845501
2009-08-01,0.11484198935575499,15.39946021064105
2009-09-01,0.1153133071591731,15.542010808259624
2009-10-01,0.11539648088918805,16.281844594412846
2009-11-01,0.11586779869260619,16.609326805522873
2009-12-01,0.11631139191935266,17.454081281846015
2010-01-01,0.11195516554585029,19.575026237426055
2010-02-01,0.11259219076589198,20.419199312046278
2010-03-01,0.11331230623202605,20.88503215340475
2010-04-01,0.11317382248853873,17.778736913781003
2010-05-01,0.11381084770858042,18.412295968681182
2010-06-01,0.11425399568773985,20.121259998376555
2010-07-01,0.11449767573179717,19.935609551159384
2010-08-01,0.11516041317789699,20.798712169603522
2010-09-01,0.11579553656374267,20.076598094268302
2010-10-01,0.1168724849136549,18.93344663545866
2010-11-01,0.11745238017899226,19.991446619891075
2010-12-01,0.11764567860077138,20.977050895132827
2011-01-01,0.11840077644092062,22.811479194968523
2011-02-01,0.11928416289247118,21.75
2011-03-01,0.120001914384356,23.71521739130435
2011-04-01,0.12138220571490377,22.854761904761904
2011-05-01,0.12182389894067902,22.957954545454545
2011-06-01,0.12251404460595289,22.670454545454547
2011-07-01,0.12189408425669893,21.51904761904762
2011-08-01,0.12236323891213635,21.91304347826087
2011-09-01,0.12263921223886426,23.372727272727275
2011-10-01,0.12349472955172072,22.529761904761905
2011-11-01,0.1240742735378493,23.74090909090909
2011-12-01,0.1240742735378493,22.319909090909093
2012-01-01,0.12285109224359539,21.880136363636364
2012-02-01,0.12334634618590312,26.064285714285717
2012-03-01,0.12428182585470657,23.8415
2012-04-01,0.12717080718483487,24.77142857142857
2012-05-01,0.12791368809829645,24.222739130434785
2012-06-01,0.12879413955128793,23.80838095238095
2012-07-01,0.1271644278030094,24.332409090909092
2012-08-01,0.1274661083858578,24.081000000000003
2012-09-01,0.12823402259674463,25.7819
2012-10-01,0.128371150134403,26.718217391304346
2012-11-01,0.12900193680763145,27.241
2012-12-01,0.12900193680763145,27.205952380952382
2013-01-01,0.12688779991574164,26.515260869565218
2013-02-01,0.12757205881664282,26.343799999999998
2013-03-01,0.1289132062624091,32.14980952380952
2013-04-01,0.12724361454421027,28.470454545454547
2013-05-01,0.12762679952871492,26.73630434782609
2013-06-01,0.12822894736150794,26.20625
2013-07-01,0.12786227365514247,26.05282608695652
2013-08-01,0.12964261933965598,25.470454545454547
2013-09-01,0.12945088980440067,26.48095238095238
2013-10-01,0.1299986884765587,25.879782608695653
2013-11-01,0.13035475761346138,27.18761904761905
2013-12-01,0.13035475761346138,27.711136363636363
2014-01-01,0.12660219936772366,26.258478260869566
2014-02-01,0.1275904470818002,23.830750000000002
2014-03-01,0.12802966828805643,22.776904761904763
2014-04-01,0.12846888949431273,20.383181818181818
2014-05-01,0.1282767302165756,19.09409090909091
2014-06-01,0.1278100576849283,17.378571428571426
2014-07-01,0.12807121252639533,16.471739130434784
2014-08-01,0.12820856127173283,17.495238095238097
2014-09-01,0.12917000248909524,20.84227272727273
2014-10-01,0.12917000248909524,21.23913043478261
2014-11-01,0.12903265374375777,22.969
2014-12-01,0.1291425327400278,22.579565217391306
2015-01-01,0.1267820154864457,19.727272727272727
2015-02-01,0.12645177888510492,22.484
2015-03-01,0.1267820154864457,21.809545454545454
2015-04-01,0.12755256755624086,22.069772727272728
2015-05-01,0.12760760698979767,20.517619047619046
2015-06-01,0.12832311962603604,20.512727272727275
2015-07-01,0.12839964384479186,20.862608695652174
2015-08-01,0.12845453787481478,19.57095238095238
2015-09-01,0.12796049160460823,19.17922727272727
2015-10-01,0.12774091548451644,18.2345
2015-11-01,0.12837219682978038,17.149047619047618
2015-12-01,0.12850943190483774,15.651217391304348
2016-01-01,0.12233856707219234,13.901666666666667
2016-02-01,0.12192765906748967,12.443095238095239
2016-03-01,0.12316038308159763,12.248043478260868
2016-04-01,0.12225638547125184,12.100714285714286
2016-05-01,0.12321517081555802,13.050454545454546
2016-06-01,0.1243109254947651,14.42818181818182
2016-07-01,0.12448267091408996,14.245476190476191
2016-08-01,0.12437306208581028,11.942391304347826
2016-09-01,0.12503071505548832,12.265909090909092
2016-10-01,0.12568836802516634,16.089285714285715
2016-11-01,0.1262364121665647,18.042727272727273
2016-12-01,0.12733250044936142,17.689090909090908
2017-01-01,0.12722790806612677,20.14
2017-02-01,0.12517310777940802,19.55125
2017-03-01,0.124405982339033,15.800434782608693
2017-04-01,0.12646078262575175,16.0405
2017-05-01,0.1267347559973143,15.64608695652174
2017-06-01,0.1265155773000643,15.135227272727274
2017-07-01,0.12647502424403131,15.098095238095238
2017-08-01,0.12699603141547836,15.993913043478262
2017-09-01,0.12696860998540216,17.290952380952383
2017-10-01,0.1273525100064684,17.102954545454544
2017-11-01,0.12801062432829624,19.575227272727272
2017-12-01,0.12836710291928638,20.802142857142858
2018-01-01,0.1287847130178497,18.606739130434782
2018-02-01,0.13020794867621102,21.6755
2018-03-01,0.12966055034607205,23.573863636363637
2018-04-01,0.12897630243339836,19.624285714285715
2018-05-01,0.13135748516950282,21.551304347826086
2018-06-01,0.13119326567046116,21.945476190476192
2018-07-01,0.13301534376510418,22.259545454545453
2018-08-01,0.13370015074371527,23.940434782608694
2018-09-01,0.13446713455975967,27.865
2018-10-01,0.13482323418863743,25.566521739130433
2018-11-01,0.13479584190949295,24.66181818181818
2018-12-01,0.13482323418863743,23.622619047619047
2019-01-01,0.1284364955773997,21.414347826086956
2019-02-01,0.1281073973591783,17.98775
2019-03-01,0.12818967191373368,15.69547619047619
2019-04-01,0.129067267162324,15.094772727272726
2019-05-01,0.1289027180532133,13.294347826086955
2019-06-01,0.1301642612230619,10.525
2019-07-01,0.13068773495100353,10.93391304347826
2019-08-01,0.1300557665886284,10.03659090909091
2019-09-01,0.1295062288822153,9.589285714285714
2019-10-01,0.12936884445561203,10.232608695652173
2019-11-01,0.1289017374051609,14.632142857142856
2019-12-01,0.127775185107014,12.997272727272728
2020-01-01,0.12848580075139623,11.132173913043479
2020-02-01,0.12942076748508216,9.370999999999999
2020-03-01,0.1284583017298172,8.593863636363636
2020-04-01,0.12669836434876136,6.528863636363636
2020-05-01,0.12752333499613133,4.536428571428571
2020-06-01,0.1286507948808702,4.993636363636363
2020-07-01,0.13082778294797223,4.847173913043478
2020-08-01,0.13129827477727504,7.568095238095238
2020-09-01,0.13171341462665992,11.193863636363638
2020-10-01,0.1309384869078082,13.995227272727272
2020-11-01,0.131575034676865,13.805952380952382
2020-12-01,0.13193482254633185,16.34913043478261
2021-01-01,0.13525362127951263,20.407857142857143
2021-02-01,0.13228245034970387,17.42775
2021-03-01,0.13662916337664632,17.781086956521737
2021-04-01,0.1423239076587798,20.76590909090909
2021-05-01,0.1449924593272192,25.23619047619048
2021-06-01,0.14741341341817446,29.232045454545457
2021-07-01,0.14973285968152958,36.2015909090909
2021-08-01,0.15196019222629972,44.43068181818182
2021-09-01,0.1548835661913105,64.63909090909091
2021-10-01,0.1616769304528594,89.56942857142857
2021-11-01,0.1678020949509772,82.18031818181818
2021-12-01,0.17718473329582135,113.89326086956522
2022-01-01,0.22588157683780682,84.56690476190477
2022-02-01,0.2350463401045025,81.939
2022-03-01,0.2547815051757305,131.3604347826087
2022-04-01,0.2470223804468716,101.74680952380952
2022-05-01,0.24949630427346428,89.97045454545454
2022-06-01,0.2553156478201085,106.65795454545454
2022-07-01,0.28266095377803657,172.04857142857142
2022-08-01,0.2942388139567971,234.54152173913045
2022-09-01,0.2971190205529912,189.50931818181817
2022-10-01,0.32095914643832074,71.61857142857143
2022-11-01,0.31625385843463727,97.06931818181819
2022-12-01,0.311862256297866,114.25609090909091
2023-01-01,0.2901256754798373,62.81136363636363
2023-02-01,0.2937073264440496,53.484
2023-03-01,0.28609279289808637,44.51765217391304
2023-04-01,0.28313158540798955,42.6811
2023-05-01,0.282341930077297,31.46834782608696
2023-06-01,0.2776039980931421,32.69136363636364
2023-07-01,0.26483260326834757,29.138333333333332
2023-08-01,0.26474803779331224,33.610217391304346
2023-09-01,0.2634231786844261,36.15857142857143
2023-10-01,0.259927805716301,43.324999999999996
2023-11-01,0.2555022125227877,43.15354545454546
2023-12-01,0.25533308157271717,35.16738095238095
2024-01-01,0.24497037684552186,30.497826086956525
2024-02-01,0.24775239788526737,26.241142857142854
2024-03-01,0.25000583492746126,26.880571428571425
2024-04-01,0.25031185724183325,28.942636363636367
2024-05-01,0.25100736250176964,31.959695652173913
2024-06-01,0.2529547772295915,34.42525
2024-07-01,0.25032840883900276,32.254304347826086
2024-08-01,0.24856873772555443,37.78154545454545
2024-09-01,0.24706044819974166,36.10619047619048
2024-10-01,0.2460549218491998,40.045434782608694
2024-11-01,0.24733976107489214,44.5052380952381
2024-12-01,0.2482056309878588,44.79213636363637
2025-01-01,0.24729538276274685,48.469086956521735
2025-02-01,0.24156558048692242,50.3777
2025-03-01,0.24162094089538447,41.686
2025-04-01,0.2402922910922948,35.298545454545454
2025-05-01,0.24012620986690855,35.24540909090909
2025-06-01,0.23915740271882227,36.39047619047619
2025-07-01,0.2361359463667013,33.420869565217394
2025-08-01,0.23406591081161718,32.309000000000005
2025-09-01,0.23293429137483776,32.0175
2025-10-01,0.23166466956771956,32.043173913043475
2025-11-01,0.2322166790490753,30.657
2025-12-01,0.2326306861600921,27.422478260869564
2026-01-01,0.2317474709899229,34.52431818181818
2026-02-01,0.2319406743083974,32.51375
2026-03-01,0.23276868853043112,52.62690909090909
2026-04-01,0.23417631270788833,45.2645
2026-05-01,0.23428671460415942,47.34128571428572
2026-06-01,0.23994481178805613,44.857727272727274
2026-07-01,,53.97108695652174
2026-08-01,,55.2475
