year,component_weight_sum,component_sum_minus_1000,total_weight,status
1996,,,1000.0,not_testable
1997,,,1000.0,not_testable
1998,,,1000.0,not_testable
1999,,,1000.0,not_testable
2000,,,1000.0,not_testable
2001,999.9899999999999,-0.010000000000104592,1000.0,pass
2002,999.9900000000001,-0.009999999999877218,1000.0,pass
2003,1000.0,0.0,1000.0,pass
2004,1000.01,0.009999999999990905,1000.0,pass
2005,1000.0,0.0,1000.0,pass
2006,999.99,-0.009999999999990905,1000.0,pass
2007,999.99,-0.009999999999990905,1000.0,pass
2008,1000.01,0.009999999999990905,1000.0,pass
2009,1000.0,0.0,1000.0,pass
2010,999.99,-0.009999999999990905,1000.0,pass
2011,1000.0,0.0,1000.0,pass
2012,1000.01,0.009999999999990905,1000.0,pass
2013,999.9999999999999,-1.1368683772161603e-13,1000.0,pass
2014,999.99,-0.009999999999990905,1000.0,pass
2015,1000.0,0.0,1000.0,pass
2016,1000.01,0.009999999999990905,1000.0,pass
2017,1000.0,0.0,1000.0,pass
2018,1000.0,0.0,1000.0,pass
2019,1000.01,0.009999999999990905,1000.0,pass
2020,999.99,-0.009999999999990905,1000.0,pass
2021,1000.0,0.0,1000.0,pass
2022,1000.0,0.0,1000.0,pass
2023,1000.0,0.0,1000.0,pass
2024,1000.01,0.009999999999990905,1000.0,pass
2025,1000.0000000000001,1.1368683772161603e-13,1000.0,pass
2026,1000.0,0.0,1000.0,pass
