year,hicp_total,hicp_energy,hicp_unprocessed_food,hicp_processed_food,hicp_neig,hicp_services
1996,1000.0,90.57,94.44,135.19,,
1997,1000.0,92.66,93.3,135.39,,
1998,1000.0,92.73,93.43,134.55,,
1999,1000.0,87.29,89.67,134.41,,
2000,1000.0,84.34,78.58,121.37,,
2001,1000.0,90.41,77.05,118.51,311.62,402.4
2002,1000.0,81.23,78.3,118.14,314.47,407.85
2003,1000.0,82.49,75.85,117.07,310.99,413.6
2004,1000.0,81.32,76.97,118.29,305.43,418.0
2005,1000.0,85.97,75.46,120.16,305.38,413.03
2006,1000.0,91.99,74.43,118.32,302.55,412.7
2007,1000.0,96.15,76.37,119.2,294.93,413.34
2008,1000.0,98.15,76.13,118.88,292.88,413.97
2009,1000.0,95.71,74.64,118.68,292.02,418.95
2010,1000.0,95.59,73.05,118.62,287.63,425.1
2011,1000.0,103.64,73.62,119.35,284.55,418.84
2012,1000.0,109.87,72.29,118.42,282.24,417.19
2013,1000.0,109.62,73.56,120.14,273.78,422.9
2014,1000.0,108.07,74.95,122.61,266.49,427.87
2015,1000.0,106.06,74.45,122.16,262.86,434.47
2016,1000.0,97.4,74.07,121.26,265.46,441.82
2017,1000.0,94.51,55.61,140.31,263.43,446.14
2018,1000.0,96.19,55.19,140.54,263.67,444.41
2019,1000.0,101.32,54.12,136.03,262.53,446.01
2020,1000.0,98.49,53.82,136.9,260.7,450.08
2021,1000.0,94.97,61.17,156.44,267.71,419.71
2022,1000.0,109.3,59.68,149.18,263.75,418.09
2023,1000.0,102.31,54.79,144.92,260.9,437.08
2024,1000.0,99.12,52.98,141.69,255.47,450.75
2025,1000.0,93.98,51.85,141.37,254.2,458.6
2026,1000.0,90.26,51.4,137.95,252.16,468.23
