date,hicp_total,hicp_energy,hicp_food,hicp_unprocessed_food,hicp_processed_food,hicp_neig,hicp_services
1996-01-01,55.12,36.17,46.49,47.1,46.1,,
1996-02-01,55.37,36.32,46.65,47.34,46.21,,
1996-03-01,55.57,36.46,46.89,47.8,46.31,,
1996-04-01,55.66,36.84,47.06,48.14,46.35,,
1996-05-01,55.79,36.81,47.2,48.47,46.37,,
1996-06-01,55.8,36.59,47.13,48.26,46.39,,
1996-07-01,55.79,36.52,47.07,48.09,46.41,,
1996-08-01,55.76,36.59,46.79,47.33,46.45,,
1996-09-01,55.87,37.05,46.72,47.13,46.47,,
1996-10-01,55.92,37.5,46.68,47.01,46.49,,
1996-11-01,55.93,37.57,46.77,47.08,46.6,,
1996-12-01,56.07,37.68,46.92,47.33,46.68,,
1997-01-01,56.25,38.05,47.42,48.36,46.81,,
1997-02-01,56.38,37.97,47.27,47.95,46.84,,
1997-03-01,56.42,37.8,47.2,47.65,46.92,,
1997-04-01,56.39,37.62,47.32,47.93,46.94,,
1997-05-01,56.55,37.59,47.57,48.5,46.97,,
1997-06-01,56.56,37.5,47.61,48.5,47.04,,
1997-07-01,56.62,37.54,47.58,48.36,47.08,,
1997-08-01,56.72,38.12,47.46,47.98,47.13,,
1997-09-01,56.75,38.0,47.59,48.16,47.23,,
1997-10-01,56.77,38.08,47.6,48.15,47.26,,
1997-11-01,56.84,38.05,47.77,48.53,47.28,,
1997-12-01,56.9,37.93,47.86,48.71,47.31,,
1998-01-01,56.86,37.57,48.1,49.15,47.42,,
1998-02-01,57.01,37.44,48.04,48.93,47.46,,
1998-03-01,57.06,37.17,48.08,48.87,47.58,,
1998-04-01,57.17,37.25,48.29,49.35,47.61,,
1998-05-01,57.29,37.04,48.56,49.76,47.78,,
1998-06-01,57.32,36.86,48.62,49.88,47.8,,
1998-07-01,57.34,36.81,48.5,49.58,47.81,,
1998-08-01,57.36,36.64,48.34,49.12,47.84,,
1998-09-01,57.32,36.53,48.26,48.92,47.85,,
1998-10-01,57.3,36.52,48.16,48.65,47.86,,
1998-11-01,57.3,36.36,48.24,48.83,47.88,,
1998-12-01,57.33,36.09,48.37,49.16,47.86,,
1999-01-01,57.29,35.94,48.67,49.69,48.01,,
1999-02-01,57.43,35.84,48.69,49.66,48.06,,
1999-03-01,57.59,36.13,48.75,49.74,48.12,,
1999-04-01,57.78,37.38,48.85,49.94,48.15,,
1999-05-01,57.83,37.24,48.87,49.97,48.16,,
1999-06-01,57.82,37.39,48.7,49.55,48.16,,
1999-07-01,57.92,37.99,48.45,48.9,48.17,,
1999-08-01,57.99,38.49,48.24,48.35,48.17,,
1999-09-01,58.02,38.87,48.23,48.34,48.17,,
1999-10-01,58.05,38.89,48.35,48.46,48.29,,
1999-11-01,58.13,39.02,48.47,48.71,48.32,,
1999-12-01,58.32,39.75,48.61,49.02,48.36,78.82,57.71
2000-01-01,58.35,40.28,48.87,49.42,48.53,78.32,57.68
2000-02-01,58.54,40.68,48.99,49.65,48.56,78.49,57.87
2000-03-01,58.72,41.64,48.94,49.49,48.59,78.8,57.83
2000-04-01,58.77,41.16,49.17,50.05,48.61,78.83,57.93
2000-05-01,58.84,41.67,49.28,50.26,48.65,78.87,57.85
2000-06-01,59.06,42.75,49.31,50.31,48.67,78.85,58.03
2000-07-01,59.14,43.01,49.26,50.19,48.68,78.22,58.48
2000-08-01,59.19,42.96,49.21,49.95,48.73,78.55,58.46
2000-09-01,59.42,44.75,49.26,49.96,48.81,78.91,58.23
2000-10-01,59.44,44.36,49.35,50.04,48.9,79.12,58.21
2000-11-01,59.55,44.75,49.57,50.43,49.02,79.25,58.18
2000-12-01,59.78,44.03,49.79,50.93,49.06,79.25,58.86
2001-01-01,59.52,43.17,50.23,51.68,49.32,78.43,58.71
2001-02-01,59.69,43.73,50.46,51.94,49.53,78.24,58.96
2001-03-01,60.01,43.67,50.84,52.75,49.64,79.22,58.96
2001-04-01,60.37,44.12,51.29,53.62,49.82,79.64,59.22
2001-05-01,60.66,44.98,51.82,54.75,49.98,79.81,59.24
2001-06-01,60.75,44.86,51.91,54.76,50.12,79.79,59.44
2001-07-01,60.61,44.02,51.87,54.46,50.24,78.88,59.93
2001-08-01,60.56,43.62,51.67,53.71,50.37,78.97,59.98
2001-09-01,60.72,43.96,51.72,53.68,50.49,79.72,59.81
2001-10-01,60.77,43.02,51.83,53.77,50.6,80.23,59.85
2001-11-01,60.73,42.39,51.79,53.53,50.69,80.43,59.85
2001-12-01,61.0,41.94,52.06,54.12,50.75,80.48,60.49
2002-01-01,61.08,42.36,53.04,55.99,51.19,79.7,60.44
2002-02-01,61.17,42.47,52.91,55.62,51.2,79.64,60.75
2002-03-01,61.52,43.0,52.99,55.69,51.29,80.54,60.86
2002-04-01,61.8,43.9,53.15,55.86,51.45,80.99,60.92
2002-05-01,61.91,43.7,53.23,55.88,51.56,81.08,61.18
2002-06-01,61.88,43.27,53.11,55.39,51.67,80.99,61.34
2002-07-01,61.82,43.32,53.0,54.97,51.74,79.94,61.86
2002-08-01,61.86,43.49,52.87,54.45,51.87,79.96,61.95
2002-09-01,62.01,43.9,52.96,54.62,51.91,80.74,61.74
2002-10-01,62.16,44.14,52.99,54.65,51.94,81.21,61.72
2002-11-01,62.11,43.4,52.99,54.55,52.0,81.44,61.7
2002-12-01,62.41,43.53,53.16,54.83,52.09,81.43,62.28
2003-01-01,62.37,44.89,53.79,55.63,52.62,80.19,62.14
2003-02-01,62.62,45.71,53.99,55.79,52.85,80.22,62.39
2003-03-01,62.98,46.21,54.18,56.11,52.96,81.19,62.46
2003-04-01,63.07,44.87,54.4,56.35,53.16,81.64,62.67
2003-05-01,63.03,43.96,54.5,56.49,53.24,81.84,62.68
2003-06-01,63.11,43.94,54.66,56.79,53.32,81.66,62.88
2003-07-01,63.01,44.2,54.57,56.45,53.38,80.49,63.29
2003-08-01,63.11,44.63,54.53,56.23,53.44,80.42,63.49
2003-09-01,63.33,44.61,54.85,56.92,53.55,81.36,63.29
2003-10-01,63.42,44.47,54.91,56.7,53.78,81.87,63.24
2003-11-01,63.45,44.38,55.06,56.63,54.06,82.04,63.17
2003-12-01,63.65,44.3,55.07,56.62,54.08,81.98,63.7
2004-01-01,63.49,44.73,55.49,57.24,54.37,80.67,63.71
2004-02-01,63.64,44.69,55.45,56.88,54.53,80.84,64.01
2004-03-01,64.05,45.28,55.87,57.04,55.12,81.76,64.06
2004-04-01,64.37,45.77,56.0,57.24,55.21,82.4,64.24
2004-05-01,64.57,46.89,56.16,57.46,55.33,82.51,64.29
2004-06-01,64.61,46.54,56.2,57.52,55.35,82.39,64.53
2004-07-01,64.47,46.82,55.98,56.88,55.4,81.03,64.99
2004-08-01,64.6,47.53,55.69,56.11,55.4,81.12,65.19
2004-09-01,64.67,47.47,55.63,56.05,55.34,82.0,64.95
2004-10-01,64.92,48.81,55.59,56.0,55.31,82.52,64.9
2004-11-01,64.88,48.24,55.6,56.05,55.3,82.7,64.85
2004-12-01,65.13,47.37,56.14,56.63,55.82,82.57,65.44
2005-01-01,64.71,47.5,56.29,56.86,55.91,81.01,65.25
2005-02-01,64.95,48.14,56.49,57.28,55.97,80.96,65.55
2005-03-01,65.43,49.26,56.71,57.81,56.0,82.01,65.66
2005-04-01,65.71,50.39,56.72,57.67,56.11,82.63,65.64
2005-05-01,65.85,50.09,56.88,58.02,56.15,82.74,65.9
2005-06-01,65.92,50.91,56.84,57.82,56.2,82.56,65.99
2005-07-01,65.85,52.29,56.58,57.06,56.26,81.01,66.47
2005-08-01,66.01,52.98,56.48,56.69,56.31,81.07,66.66
2005-09-01,66.35,54.58,56.61,56.62,56.58,82.11,66.36
2005-10-01,66.51,54.71,56.65,56.64,56.63,82.74,66.31
2005-11-01,66.37,53.07,56.8,56.88,56.71,82.96,66.22
2005-12-01,66.59,52.69,57.08,57.48,56.8,82.87,66.8
2006-01-01,66.29,53.96,57.37,58.02,56.94,81.16,66.55
2006-02-01,66.48,54.18,57.53,58.26,57.06,81.15,66.85
2006-03-01,66.86,54.44,57.63,58.16,57.27,82.44,66.89
2006-04-01,67.31,55.96,57.75,58.38,57.33,83.14,67.05
2006-05-01,67.49,56.53,58.0,58.91,57.4,83.29,67.12
2006-06-01,67.54,56.49,58.07,59.04,57.44,83.13,67.31
2006-07-01,67.46,57.26,58.08,58.89,57.55,81.46,67.86
2006-08-01,67.52,57.29,58.09,58.9,57.56,81.52,67.96
2006-09-01,67.52,55.43,58.25,59.24,57.61,82.75,67.68
2006-10-01,67.57,54.44,58.34,59.01,57.9,83.36,67.69
2006-11-01,67.6,54.16,58.52,59.37,57.97,83.59,67.6
2006-12-01,67.86,54.22,58.64,59.6,58.01,83.55,68.18
2007-01-01,67.51,54.42,58.95,60.16,58.17,81.83,68.11
2007-02-01,67.71,54.59,58.9,59.86,58.27,82.01,68.46
2007-03-01,68.16,55.42,58.93,59.82,58.35,83.39,68.49
2007-04-01,68.59,56.18,59.32,60.68,58.44,84.0,68.75
2007-05-01,68.75,56.7,59.38,60.73,58.51,84.1,68.9
2007-06-01,68.82,57.0,59.45,60.79,58.59,83.9,69.06
2007-07-01,68.65,57.26,59.4,60.53,58.67,82.13,69.63
2007-08-01,68.7,56.76,59.54,60.32,59.03,82.27,69.73
2007-09-01,68.95,57.11,59.83,60.46,59.41,83.52,69.36
2007-10-01,69.29,57.45,60.41,60.84,60.11,84.19,69.38
2007-11-01,69.66,59.42,60.84,61.15,60.62,84.45,69.32
2007-12-01,69.94,59.22,61.17,61.45,60.96,84.35,69.93
2008-01-01,69.67,60.19,61.83,62.18,61.59,82.38,69.81
2008-02-01,69.92,60.26,61.97,61.81,62.05,82.63,70.15
2008-03-01,70.6,61.65,62.23,62.11,62.29,84.07,70.43
2008-04-01,70.83,62.27,62.54,62.56,62.51,84.6,70.33
2008-05-01,71.27,64.49,62.8,63.13,62.56,84.66,70.61
2008-06-01,71.54,66.2,62.91,63.23,62.68,84.51,70.82
2008-07-01,71.44,67.08,63.02,63.2,62.89,82.47,71.44
2008-08-01,71.33,65.06,62.85,62.54,63.03,82.83,71.64
2008-09-01,71.47,64.83,62.92,62.62,63.09,84.21,71.18
2008-10-01,71.48,62.97,63.07,62.89,63.17,84.96,71.22
2008-11-01,71.14,59.85,63.07,62.88,63.16,85.14,71.16
2008-12-01,71.05,57.04,63.16,63.18,63.12,84.99,71.76
2009-01-01,70.45,57.03,63.48,63.8,63.26,82.72,71.5
2009-02-01,70.74,57.33,63.5,63.83,63.27,83.14,71.85
2009-03-01,71.01,56.66,63.43,63.62,63.28,84.68,71.82
2009-04-01,71.26,56.8,63.39,63.56,63.26,85.23,72.08
2009-05-01,71.3,57.02,63.34,63.56,63.19,85.25,72.12
2009-06-01,71.44,58.45,63.32,63.26,63.34,84.99,72.22
2009-07-01,70.97,57.42,63.05,62.48,63.39,82.81,72.81
2009-08-01,71.21,58.45,62.81,61.77,63.44,83.25,72.97
2009-09-01,71.23,57.72,62.81,61.84,63.4,84.53,72.46
2009-10-01,71.4,57.62,62.82,61.89,63.38,85.17,72.5
2009-11-01,71.48,58.41,62.97,62.09,63.5,85.3,72.33
2009-12-01,71.71,58.1,63.05,62.2,63.56,85.29,72.92
2010-01-01,71.12,59.31,63.44,63.11,63.63,82.55,72.56
2010-02-01,71.34,59.23,63.49,63.22,63.63,82.98,72.84
2010-03-01,72.13,60.74,63.71,63.8,63.63,85.07,72.98
2010-04-01,72.43,61.94,63.92,64.29,63.66,85.54,72.96
2010-05-01,72.51,62.3,63.85,63.99,63.73,85.62,73.05
2010-06-01,72.51,62.06,63.92,63.94,63.88,85.43,73.19
2010-07-01,72.2,62.09,63.88,63.75,63.94,83.09,73.82
2010-08-01,72.34,62.0,63.78,63.33,64.04,83.44,74.03
2010-09-01,72.56,62.19,63.75,63.28,64.03,85.26,73.47
2010-10-01,72.78,62.55,63.85,63.34,64.15,85.85,73.5
2010-11-01,72.85,63.04,64.12,63.72,64.34,85.98,73.31
2010-12-01,73.29,64.49,64.39,64.16,64.52,85.86,73.88
2011-01-01,72.76,66.41,64.67,64.48,64.76,82.93,73.64
2011-02-01,73.07,66.98,64.94,64.91,64.93,82.99,74.04
2011-03-01,74.06,68.66,65.22,65.2,65.2,85.76,74.17
2011-04-01,74.47,69.66,65.36,65.17,65.45,86.4,74.44
2011-05-01,74.48,69.21,65.66,65.5,65.75,86.47,74.37
2011-06-01,74.47,68.85,65.62,65.19,65.87,86.2,74.64
2011-07-01,74.04,69.43,65.56,64.59,66.14,83.04,75.33
2011-08-01,74.18,69.3,65.49,64.05,66.35,83.44,75.51
2011-09-01,74.73,69.91,65.66,64.16,66.57,86.27,74.9
2011-10-01,74.99,70.33,65.99,64.49,66.9,86.93,74.84
2011-11-01,75.05,70.78,66.28,64.93,67.09,87.04,74.66
2011-12-01,75.31,70.73,66.41,65.2,67.15,86.85,75.32
2012-01-01,74.69,72.54,66.69,65.51,67.39,83.73,75.03
2012-02-01,75.07,73.37,67.11,66.3,67.59,83.87,75.39
2012-03-01,76.04,74.53,67.34,66.61,67.76,86.94,75.48
2012-04-01,76.39,75.33,67.38,66.52,67.89,87.53,75.73
2012-05-01,76.29,74.28,67.49,66.66,67.98,87.57,75.69
2012-06-01,76.23,73.04,67.72,67.22,68.01,87.31,75.93
2012-07-01,75.83,73.66,67.47,66.48,68.06,84.31,76.69
2012-08-01,76.12,75.44,67.44,66.3,68.13,84.35,76.88
2012-09-01,76.67,76.27,67.59,66.56,68.21,87.3,76.17
2012-10-01,76.86,75.93,68.04,67.23,68.51,87.87,76.14
2012-11-01,76.7,74.83,68.28,67.6,68.68,88.0,75.88
2012-12-01,76.98,74.43,68.51,68.09,68.74,87.76,76.67
2013-01-01,76.18,75.37,68.85,68.63,68.95,84.4,76.26
2013-02-01,76.46,76.24,68.93,68.58,69.12,84.56,76.55
2013-03-01,77.36,75.77,69.16,68.97,69.25,87.78,76.87
2013-04-01,77.29,75.01,69.32,69.28,69.31,88.26,76.56
2013-05-01,77.37,74.11,69.68,70.08,69.41,88.27,76.8
2013-06-01,77.46,74.2,69.92,70.58,69.47,87.96,77.03
2013-07-01,77.04,74.82,69.83,69.9,69.76,84.71,77.77
2013-08-01,77.14,75.19,69.62,69.24,69.83,84.73,77.99
2013-09-01,77.51,75.55,69.36,68.49,69.87,87.64,77.26
2013-10-01,77.42,74.61,69.31,68.16,69.99,88.15,77.03
2013-11-01,77.36,74.02,69.39,68.21,70.08,88.21,76.97
2013-12-01,77.63,74.44,69.74,69.12,70.1,87.98,77.45
2014-01-01,76.76,74.43,70.05,69.54,70.33,84.57,77.14
2014-02-01,77.0,74.47,69.96,69.23,70.38,84.93,77.53
2014-03-01,77.72,74.21,69.87,68.91,70.43,87.93,77.69
2014-04-01,77.84,74.15,69.82,68.82,70.41,88.32,77.79
2014-05-01,77.76,74.1,69.78,68.63,70.47,88.26,77.66
2014-06-01,77.84,74.27,69.75,68.64,70.41,87.9,78.02
2014-07-01,77.33,74.09,69.59,68.06,70.51,84.67,78.74
2014-08-01,77.42,73.68,69.41,67.56,70.53,84.99,78.97
2014-09-01,77.76,73.79,69.54,67.9,70.53,87.79,78.13
2014-10-01,77.72,73.14,69.66,68.13,70.57,88.09,77.97
2014-11-01,77.58,72.13,69.71,68.37,70.52,88.14,77.85
2014-12-01,77.5,69.75,69.73,68.45,70.48,87.94,78.41
2015-01-01,76.3,67.54,69.99,68.94,70.61,84.52,77.94
2015-02-01,76.78,68.6,70.3,69.5,70.76,84.84,78.41
2015-03-01,77.67,69.79,70.31,69.36,70.86,87.93,78.5
2015-04-01,78.0,69.86,70.49,69.73,70.92,88.44,78.89
2015-05-01,78.22,70.52,70.59,70.07,70.87,88.45,79.16
2015-06-01,78.23,70.44,70.55,69.91,70.91,88.16,79.38
2015-07-01,77.76,69.95,70.22,68.98,70.95,85.03,80.27
2015-08-01,77.76,68.41,70.3,69.15,70.98,85.32,80.5
2015-09-01,77.92,67.25,70.49,69.72,70.94,88.03,79.63
2015-10-01,78.02,66.89,70.74,70.29,70.98,88.61,79.52
2015-11-01,77.68,66.89,70.74,70.2,71.04,88.62,78.72
2015-12-01,77.69,65.68,70.57,69.82,71.0,88.36,79.32
2016-01-01,76.55,63.89,70.69,69.9,71.15,85.14,78.83
2016-02-01,76.68,63.05,70.71,69.92,71.17,85.44,79.18
2016-03-01,77.64,63.71,70.86,70.3,71.17,88.37,79.57
2016-04-01,77.8,63.76,71.05,70.58,71.3,88.9,79.55
2016-05-01,78.13,64.81,71.23,71.1,71.27,88.93,79.92
2016-06-01,78.27,65.92,71.17,70.92,71.28,88.51,80.2
2016-07-01,77.89,65.26,71.18,70.97,71.28,85.35,81.19
2016-08-01,77.93,64.57,71.18,70.89,71.32,85.6,81.36
2016-09-01,78.23,65.24,70.98,70.45,71.27,88.27,80.52
2016-10-01,78.41,66.28,71.01,70.43,71.34,88.84,80.34
2016-11-01,78.13,66.16,71.24,70.7,71.54,88.88,79.59
2016-12-01,78.55,67.35,71.45,71.29,71.51,88.62,80.27
2017-01-01,77.87,69.06,71.96,72.69,71.67,85.55,79.68
2017-02-01,78.18,68.93,72.5,74.38,71.75,85.55,80.15
2017-03-01,78.83,68.4,72.12,72.75,71.87,88.57,80.34
2017-04-01,79.28,68.58,72.1,72.29,72.02,89.1,81.05
2017-05-01,79.21,67.76,72.31,72.35,72.3,89.14,80.98
2017-06-01,79.28,67.15,72.15,71.5,72.41,88.81,81.56
2017-07-01,78.93,66.69,72.15,71.05,72.58,85.67,82.54
2017-08-01,79.13,67.14,72.21,70.91,72.72,85.92,82.74
2017-09-01,79.45,67.81,72.3,71.17,72.75,88.62,81.8
2017-10-01,79.49,68.26,72.68,72.28,72.83,89.06,81.35
2017-11-01,79.33,69.27,72.81,72.26,73.03,89.17,80.61
2017-12-01,79.6,69.34,72.95,72.61,73.08,88.97,81.26
2018-01-01,78.88,70.6,73.36,73.37,73.35,85.96,80.7
2018-02-01,79.05,70.42,73.26,73.09,73.32,85.92,81.22
2018-03-01,79.93,69.81,73.64,73.25,73.79,88.69,81.7
2018-04-01,80.25,70.35,73.83,73.32,74.03,89.29,81.89
2018-05-01,80.76,71.93,74.14,74.38,74.04,89.3,82.49
2018-06-01,80.85,72.57,74.11,74.03,74.15,89.04,82.68
2018-07-01,80.66,73.06,73.95,73.33,74.2,85.98,83.87
2018-08-01,80.78,73.39,73.95,73.12,74.28,86.1,84.0
2018-09-01,81.1,74.3,74.17,74.08,74.21,88.74,82.97
2018-10-01,81.3,75.61,74.25,74.2,74.27,89.26,82.77
2018-11-01,80.85,75.6,74.21,73.86,74.35,89.36,81.71
2018-12-01,80.82,73.13,74.22,74.21,74.23,89.18,82.34
2019-01-01,79.98,72.48,74.69,75.02,74.55,86.24,81.97
2019-02-01,80.23,72.93,74.92,75.45,74.71,86.23,82.33
2019-03-01,81.05,73.55,74.93,74.63,75.05,88.8,82.64
2019-04-01,81.63,74.05,74.94,74.49,75.12,89.47,83.47
2019-05-01,81.74,74.7,75.26,75.32,75.24,89.56,83.36
2019-06-01,81.87,73.8,75.29,75.26,75.31,89.26,84.03
2019-07-01,81.49,73.39,75.38,75.18,75.45,86.27,84.84
2019-08-01,81.6,72.96,75.5,75.35,75.57,86.39,85.09
2019-09-01,81.78,72.95,75.33,74.92,75.49,88.95,84.19
2019-10-01,81.89,73.23,75.39,74.92,75.58,89.51,84.04
2019-11-01,81.63,73.21,75.66,75.18,75.84,89.69,83.23
2019-12-01,81.89,73.29,75.73,75.7,75.74,89.57,83.83
2020-01-01,81.07,73.87,76.24,76.6,76.09,86.52,83.22
2020-02-01,81.21,72.67,76.5,77.16,76.25,86.67,83.65
2020-03-01,81.65,70.26,76.76,76.96,76.67,89.26,83.74
2020-04-01,81.89,66.9,77.61,79.24,76.97,89.77,84.44
2020-05-01,81.81,65.77,77.83,79.51,77.16,89.75,84.45
2020-06-01,82.09,66.92,77.68,78.91,77.2,89.43,85.04
2020-07-01,81.8,67.24,76.88,76.9,76.87,87.68,85.63
2020-08-01,81.46,67.25,76.81,76.57,76.9,86.27,85.65
2020-09-01,81.52,66.95,76.68,76.67,76.69,88.66,84.63
2020-10-01,81.67,67.2,76.92,77.49,76.69,89.42,84.38
2020-11-01,81.4,67.11,77.07,77.67,76.83,89.45,83.69
2020-12-01,81.67,68.21,76.73,76.85,76.68,89.09,84.38
2021-01-01,81.8,70.79,77.35,77.77,77.19,87.81,84.42
2021-02-01,81.97,71.47,77.53,78.02,77.35,87.6,84.67
2021-03-01,82.74,73.31,77.61,77.83,77.52,89.54,84.83
2021-04-01,83.21,73.83,78.07,78.85,77.77,90.15,85.21
2021-05-01,83.43,74.4,78.24,79.36,77.8,90.35,85.37
2021-06-01,83.65,75.34,78.1,78.66,77.88,90.46,85.67
2021-07-01,83.58,76.88,78.11,78.25,78.06,88.3,86.35
2021-08-01,83.87,77.63,78.32,78.73,78.16,88.49,86.62
2021-09-01,84.26,78.69,78.24,78.59,78.1,90.56,86.09
2021-10-01,84.98,83.12,78.42,78.71,78.3,91.23,86.12
2021-11-01,85.36,85.56,78.76,79.28,78.56,91.57,85.96
2021-12-01,85.72,85.87,79.22,80.27,78.8,91.69,86.44
2022-01-01,85.98,91.17,80.08,81.58,79.49,89.67,86.39
2022-02-01,86.79,94.31,80.75,82.52,80.05,90.32,86.77
2022-03-01,88.9,105.8,81.48,83.49,80.69,92.58,87.1
2022-04-01,89.41,101.54,83.02,85.69,81.97,93.59,88.0
2022-05-01,90.15,103.52,84.1,86.18,83.28,94.16,88.34
2022-06-01,90.88,107.0,85.05,86.88,84.33,94.35,88.55
2022-07-01,90.98,107.31,85.78,86.45,85.53,92.24,89.58
2022-08-01,91.53,107.62,86.64,87.04,86.48,93.03,89.89
2022-09-01,92.63,110.74,87.44,88.2,87.14,95.57,89.76
2022-10-01,94.0,117.62,88.72,90.31,88.09,96.78,89.86
2022-11-01,93.94,115.41,89.49,90.02,89.29,97.2,89.6
2022-12-01,93.61,107.79,90.13,90.1,90.15,97.58,90.24
2023-01-01,93.41,108.4,91.36,91.08,91.47,95.7,90.16
2023-02-01,94.17,107.21,92.88,94.01,92.46,96.44,90.95
2023-03-01,95.02,104.83,94.07,95.65,93.47,98.71,91.5
2023-04-01,95.62,103.88,94.24,94.73,94.06,99.4,92.56
2023-05-01,95.65,101.68,94.59,94.94,94.46,99.63,92.77
2023-06-01,95.9,101.0,94.92,95.27,94.78,99.55,93.34
2023-07-01,95.81,100.8,95.05,94.98,95.08,96.88,94.6
2023-08-01,96.33,104.08,95.08,94.55,95.29,97.41,94.81
2023-09-01,96.64,105.67,95.14,94.76,95.29,99.48,94.0
2023-10-01,96.73,104.46,95.33,95.08,95.42,100.12,93.99
2023-11-01,96.19,102.18,95.65,95.82,95.59,99.97,93.19
2023-12-01,96.35,100.59,95.61,96.1,95.43,99.99,93.85
2024-01-01,96.0,101.79,96.51,97.24,96.24,97.58,93.76
2024-02-01,96.6,103.2,96.53,96.5,96.54,97.93,94.56
2024-03-01,97.33,102.95,96.55,96.05,96.73,99.81,95.18
2024-04-01,97.89,103.23,96.84,96.32,97.03,100.26,95.98
2024-05-01,98.1,101.98,97.03,96.88,97.08,100.31,96.6
2024-06-01,98.31,101.19,97.22,96.77,97.39,100.19,97.19
2024-07-01,98.29,102.03,97.23,96.06,97.66,97.53,98.37
2024-08-01,98.42,100.92,97.31,95.62,97.93,97.79,98.71
2024-09-01,98.33,99.23,97.42,96.14,97.89,99.93,97.68
2024-10-01,98.67,99.62,98.07,97.67,98.21,100.62,97.69
2024-11-01,98.35,100.11,98.23,97.86,98.37,100.61,96.83
2024-12-01,98.69,100.73,98.11,97.64,98.28,100.51,97.56
2025-01-01,98.42,103.7,98.73,98.49,98.82,98.09,97.42
2025-02-01,98.84,103.39,99.09,99.07,99.1,98.49,98.02
2025-03-01,99.45,101.94,99.38,99.55,99.32,100.42,98.46
2025-04-01,100.01,99.56,99.71,100.32,99.48,100.81,99.8
2025-05-01,99.96,98.35,100.12,100.46,100.0,100.89,99.71
2025-06-01,100.26,98.58,100.18,100.35,100.11,100.68,100.41
2025-07-01,100.29,99.6,100.38,100.24,100.43,98.25,101.48
2025-08-01,100.43,98.92,100.41,99.84,100.62,98.52,101.77
2025-09-01,100.52,98.85,100.35,99.86,100.53,100.67,100.85
2025-10-01,100.74,98.69,100.51,100.27,100.59,101.21,100.99
2025-11-01,100.45,99.63,100.58,100.46,100.62,101.12,100.19
2025-12-01,100.63,98.78,100.57,101.09,100.38,100.85,100.9
2026-01-01,100.07,99.57,101.32,102.62,100.83,98.47,100.52
2026-02-01,100.71,100.16,101.58,103.6,100.84,99.17,101.3
2026-03-01,101.99,107.14,101.72,103.78,100.96,100.94,101.65
2026-04-01,103.04,110.33,102.12,104.98,101.07,101.61,102.75
2026-05-01,103.13,109.0,101.99,104.51,101.05,101.78,103.16
2026-06-01,103.02,106.99,101.68,103.43,101.04,101.41,103.66
2026-07-01,103.22,109.55,101.63,102.72,101.22,99.17,104.81
