year,hicp_energy,hicp_food,hicp_neig,hicp_services
1996,90.57,229.63,,
1997,92.66,228.69,,
1998,92.73,227.98000000000002,,
1999,87.29,224.07999999999998,,
2000,84.34,199.95,,
2001,90.41,195.56,311.62,402.4
2002,81.23,196.44,314.47,407.85
2003,82.49,192.92,310.99,413.6
2004,81.32,195.26,305.43,418.0
2005,85.97,195.62,305.38,413.03
2006,91.99,192.75,302.55,412.7
2007,96.15,195.57,294.93,413.34
2008,98.15,195.01,292.88,413.97
2009,95.71,193.32,292.02,418.95
2010,95.59,191.67000000000002,287.63,425.1
2011,103.64,192.97,284.55,418.84
2012,109.87,190.71,282.24,417.19
2013,109.62,193.7,273.78,422.9
2014,108.07,197.56,266.49,427.87
2015,106.06,196.61,262.86,434.47
2016,97.4,195.32999999999998,265.46,441.82
2017,94.51,195.92000000000002,263.43,446.14
2018,96.19,195.73,263.67,444.41
2019,101.32,190.15,262.53,446.01
2020,98.49,190.72,260.7,450.08
2021,94.97,217.61,267.71,419.71
2022,109.3,208.86,263.75,418.09
2023,102.31,199.70999999999998,260.9,437.08
2024,99.12,194.67,255.47,450.75
2025,93.98,193.22,254.2,458.6
2026,90.26,189.35,252.16,468.23
