year,energy_weight,food_weight,food_weight_source,neig_weight,services_weight,component_weight_sum,component_sum_minus_1000,status
1996,90.57,229.63,hicp_processed_food + hicp_unprocessed_food,,,,,not_testable
1997,92.66,228.69,hicp_processed_food + hicp_unprocessed_food,,,,,not_testable
1998,92.73,227.98000000000002,hicp_processed_food + hicp_unprocessed_food,,,,,not_testable
1999,87.29,224.07999999999998,hicp_processed_food + hicp_unprocessed_food,,,,,not_testable
2000,84.34,199.95,hicp_processed_food + hicp_unprocessed_food,,,,,not_testable
2001,90.41,195.56,hicp_processed_food + hicp_unprocessed_food,311.62,402.4,999.99,-0.009999999999990905,pass
2002,81.23,196.44,hicp_processed_food + hicp_unprocessed_food,314.47,407.85,999.9900000000001,-0.009999999999877218,pass
2003,82.49,192.92,hicp_processed_food + hicp_unprocessed_food,310.99,413.6,1000.0,0.0,pass
2004,81.32,195.26,hicp_processed_food + hicp_unprocessed_food,305.43,418.0,1000.01,0.009999999999990905,pass
2005,85.97,195.62,hicp_processed_food + hicp_unprocessed_food,305.38,413.03,1000.0,0.0,pass
2006,91.99,192.75,hicp_processed_food + hicp_unprocessed_food,302.55,412.7,999.99,-0.009999999999990905,pass
2007,96.15,195.57,hicp_processed_food + hicp_unprocessed_food,294.93,413.34,999.99,-0.009999999999990905,pass
2008,98.15,195.01,hicp_processed_food + hicp_unprocessed_food,292.88,413.97,1000.01,0.009999999999990905,pass
2009,95.71,193.32,hicp_processed_food + hicp_unprocessed_food,292.02,418.95,1000.0,0.0,pass
2010,95.59,191.67000000000002,hicp_processed_food + hicp_unprocessed_food,287.63,425.1,999.99,-0.009999999999990905,pass
2011,103.64,192.97,hicp_processed_food + hicp_unprocessed_food,284.55,418.84,1000.0,0.0,pass
2012,109.87,190.71,hicp_processed_food + hicp_unprocessed_food,282.24,417.19,1000.01,0.009999999999990905,pass
2013,109.62,193.7,hicp_processed_food + hicp_unprocessed_food,273.78,422.9,999.9999999999999,-1.1368683772161603e-13,pass
2014,108.07,197.56,hicp_processed_food + hicp_unprocessed_food,266.49,427.87,999.99,-0.009999999999990905,pass
2015,106.06,196.61,hicp_processed_food + hicp_unprocessed_food,262.86,434.47,1000.0,0.0,pass
2016,97.4,195.32999999999998,hicp_processed_food + hicp_unprocessed_food,265.46,441.82,1000.01,0.009999999999990905,pass
2017,94.51,195.92000000000002,hicp_processed_food + hicp_unprocessed_food,263.43,446.14,1000.0,0.0,pass
2018,96.19,195.73,hicp_processed_food + hicp_unprocessed_food,263.67,444.41,1000.0,0.0,pass
2019,101.32,190.15,hicp_processed_food + hicp_unprocessed_food,262.53,446.01,1000.01,0.009999999999990905,pass
2020,98.49,190.72,hicp_processed_food + hicp_unprocessed_food,260.7,450.08,999.99,-0.009999999999990905,pass
2021,94.97,217.61,hicp_processed_food + hicp_unprocessed_food,267.71,419.71,1000.0,0.0,pass
2022,109.3,208.86,hicp_processed_food + hicp_unprocessed_food,263.75,418.09,1000.0,0.0,pass
2023,102.31,199.70999999999998,hicp_processed_food + hicp_unprocessed_food,260.9,437.08,1000.0,0.0,pass
2024,99.12,194.67,hicp_processed_food + hicp_unprocessed_food,255.47,450.75,1000.01,0.009999999999990905,pass
2025,93.98,193.22,hicp_processed_food + hicp_unprocessed_food,254.2,458.6,1000.0,0.0,pass
2026,90.26,189.35,hicp_processed_food + hicp_unprocessed_food,252.16,468.23,1000.0,0.0,pass
