year,identity,lhs_per_thousand,rhs_per_thousand,error_per_thousand,abs_error_per_thousand,tolerance_per_thousand,guarded,status
1996,CP045 = CP0451 + CP0452 + CP0453 + CP0454 + CP0455,51.21,51.21,0.0,0.0,0.05,True,pass
1997,CP045 = CP0451 + CP0452 + CP0453 + CP0454 + CP0455,52.17,52.16,0.010000000000005116,0.010000000000005116,0.05,True,pass
1998,CP045 = CP0451 + CP0452 + CP0453 + CP0454 + CP0455,52.58,52.58,0.0,0.0,0.05,True,pass
1999,CP045 = CP0451 + CP0452 + CP0453 + CP0454 + CP0455,50.04,50.05,-0.00999999999999801,0.00999999999999801,0.05,True,pass
2000,CP045 = CP0451 + CP0452 + CP0453 + CP0454 + CP0455,45.58,45.58,0.0,0.0,0.05,True,pass
2001,CP045 = CP0451 + CP0452 + CP0453 + CP0454 + CP0455,49.45,49.46,-0.00999999999999801,0.00999999999999801,0.05,True,pass
2002,CP045 = CP0451 + CP0452 + CP0453 + CP0454 + CP0455,45.96,45.96000000000001,-7.105427357601002e-15,7.105427357601002e-15,0.05,True,pass
2003,CP045 = CP0451 + CP0452 + CP0453 + CP0454 + CP0455,45.12,45.12,0.0,0.0,0.05,True,pass
2004,CP045 = CP0451 + CP0452 + CP0453 + CP0454 + CP0455,44.74,44.75000000000001,-0.010000000000005116,0.010000000000005116,0.05,True,pass
2005,CP045 = CP0451 + CP0452 + CP0453 + CP0454 + CP0455,46.81,46.81999999999999,-0.009999999999990905,0.009999999999990905,0.05,True,pass
2006,CP045 = CP0451 + CP0452 + CP0453 + CP0454 + CP0455,50.19,50.19,0.0,0.0,0.05,True,pass
2007,CP045 = CP0451 + CP0452 + CP0453 + CP0454 + CP0455,52.3,52.29,0.00999999999999801,0.00999999999999801,0.05,True,pass
2008,CP045 = CP0451 + CP0452 + CP0453 + CP0454 + CP0455,52.36,52.36000000000001,-7.105427357601002e-15,7.105427357601002e-15,0.05,True,pass
2009,CP045 = CP0451 + CP0452 + CP0453 + CP0454 + CP0455,55.65,55.650000000000006,-7.105427357601002e-15,7.105427357601002e-15,0.05,True,pass
2010,CP045 = CP0451 + CP0452 + CP0453 + CP0454 + CP0455,53.12,53.13,-0.010000000000005116,0.010000000000005116,0.05,True,pass
2011,CP045 = CP0451 + CP0452 + CP0453 + CP0454 + CP0455,56.66,56.67000000000001,-0.010000000000012221,0.010000000000012221,0.05,True,pass
2012,CP045 = CP0451 + CP0452 + CP0453 + CP0454 + CP0455,61.2,61.2,0.0,0.0,0.05,True,pass
2013,CP045 = CP0451 + CP0452 + CP0453 + CP0454 + CP0455,59.59,59.58,0.010000000000005116,0.010000000000005116,0.05,True,pass
2014,CP045 = CP0451 + CP0452 + CP0453 + CP0454 + CP0455,60.55,60.54,0.00999999999999801,0.00999999999999801,0.05,True,pass
2015,CP045 = CP0451 + CP0452 + CP0453 + CP0454 + CP0455,61.5,61.49,0.00999999999999801,0.00999999999999801,0.05,True,pass
2016,CP045 = CP0451 + CP0452 + CP0453 + CP0454 + CP0455,55.85,55.84,0.00999999999999801,0.00999999999999801,0.05,True,pass
2017,CP045 = CP0451 + CP0452 + CP0453 + CP0454 + CP0455,54.29,54.3,-0.00999999999999801,0.00999999999999801,0.05,True,pass
2018,CP045 = CP0451 + CP0452 + CP0453 + CP0454 + CP0455,54.88,54.88,0.0,0.0,0.05,True,pass
2019,CP045 = CP0451 + CP0452 + CP0453 + CP0454 + CP0455,59.08,59.080000000000005,-7.105427357601002e-15,7.105427357601002e-15,0.05,True,pass
2020,CP045 = CP0451 + CP0452 + CP0453 + CP0454 + CP0455,55.45,55.44,0.010000000000005116,0.010000000000005116,0.05,True,pass
2021,CP045 = CP0451 + CP0452 + CP0453 + CP0454 + CP0455,58.91,58.91,0.0,0.0,0.05,True,pass
2022,CP045 = CP0451 + CP0452 + CP0453 + CP0454 + CP0455,65.87,65.88,-0.009999999999990905,0.009999999999990905,0.05,True,pass
2023,CP045 = CP0451 + CP0452 + CP0453 + CP0454 + CP0455,61.17,61.17000000000001,-7.105427357601002e-15,7.105427357601002e-15,0.05,True,pass
2024,CP045 = CP0451 + CP0452 + CP0453 + CP0454 + CP0455,56.31,56.31,0.0,0.0,0.05,True,pass
2025,CP045 = CP0451 + CP0452 + CP0453 + CP0454 + CP0455,53.99,53.99,0.0,0.0,0.05,True,pass
2026,CP045 = CP0451 + CP0452 + CP0453 + CP0454 + CP0455,52.49,52.489999999999995,7.105427357601002e-15,7.105427357601002e-15,0.05,True,pass
2016,CP0722 = CP07221 + CP07222 + CP07223 + CP07224,41.56,41.559999999999995,7.105427357601002e-15,7.105427357601002e-15,0.05,True,pass
2017,CP0722 = CP07221 + CP07222 + CP07223 + CP07224,41.01,41.02,-0.010000000000005116,0.010000000000005116,0.05,True,pass
2018,CP0722 = CP07221 + CP07222 + CP07223 + CP07224,42.13,42.13,0.0,0.0,0.05,True,pass
2019,CP0722 = CP07221 + CP07222 + CP07223 + CP07224,43.01,43.01,0.0,0.0,0.05,True,pass
2020,CP0722 = CP07221 + CP07222 + CP07223 + CP07224,43.88,43.88,0.0,0.0,0.05,True,pass
2021,CP0722 = CP07221 + CP07222 + CP07223 + CP07224,36.67,36.669999999999995,7.105427357601002e-15,7.105427357601002e-15,0.05,True,pass
2022,CP0722 = CP07221 + CP07222 + CP07223 + CP07224,43.95,43.96,-0.00999999999999801,0.00999999999999801,0.05,True,pass
2023,CP0722 = CP07221 + CP07222 + CP07223 + CP07224,41.69,41.69,0.0,0.0,0.05,True,pass
2024,CP0722 = CP07221 + CP07222 + CP07223 + CP07224,43.41,43.400000000000006,0.009999999999990905,0.009999999999990905,0.05,True,pass
2025,CP0722 = CP07221 + CP07222 + CP07223 + CP07224,40.55,40.56,-0.010000000000005116,0.010000000000005116,0.05,True,pass
2026,CP0722 = CP07221 + CP07222 + CP07223 + CP07224,38.26,38.26,0.0,0.0,0.05,True,pass
2016,FUEL = CP0453 + CP0722 - CP07224,47.9,47.06,0.8399999999999963,0.8399999999999963,0.05,False,transition_not_guarded
2017,FUEL = CP0453 + CP0722 - CP07224,46.59,46.58,0.010000000000005116,0.010000000000005116,0.05,True,pass
2018,FUEL = CP0453 + CP0722 - CP07224,48.0,48.010000000000005,-0.010000000000005116,0.010000000000005116,0.05,True,pass
2019,FUEL = CP0453 + CP0722 - CP07224,49.61,49.61,0.0,0.0,0.05,True,pass
2020,FUEL = CP0453 + CP0722 - CP07224,49.84,49.83,0.010000000000005116,0.010000000000005116,0.05,True,pass
2021,FUEL = CP0453 + CP0722 - CP07224,42.05,42.050000000000004,-7.105427357601002e-15,7.105427357601002e-15,0.05,True,pass
2022,FUEL = CP0453 + CP0722 - CP07224,50.69,50.69,0.0,0.0,0.05,True,pass
2023,FUEL = CP0453 + CP0722 - CP07224,47.07,47.07,0.0,0.0,0.05,True,pass
2024,FUEL = CP0453 + CP0722 - CP07224,46.47,46.46999999999999,7.105427357601002e-15,7.105427357601002e-15,0.05,True,pass
2025,FUEL = CP0453 + CP0722 - CP07224,43.21,43.199999999999996,0.010000000000005116,0.010000000000005116,0.05,True,pass
2026,FUEL = CP0453 + CP0722 - CP07224,40.35,40.349999999999994,7.105427357601002e-15,7.105427357601002e-15,0.05,True,pass
2016,NRG = CP045 + CP0722 - CP07224,97.4,96.57,0.8300000000000125,0.8300000000000125,0.05,False,transition_not_guarded
2017,NRG = CP045 + CP0722 - CP07224,94.51,94.5,0.010000000000005116,0.010000000000005116,0.05,True,pass
2018,NRG = CP045 + CP0722 - CP07224,96.19,96.19000000000001,-1.4210854715202004e-14,1.4210854715202004e-14,0.05,True,pass
2019,NRG = CP045 + CP0722 - CP07224,101.32,101.31,0.009999999999990905,0.009999999999990905,0.05,True,pass
2020,NRG = CP045 + CP0722 - CP07224,98.49,98.49000000000001,-1.4210854715202004e-14,1.4210854715202004e-14,0.05,True,pass
2021,NRG = CP045 + CP0722 - CP07224,94.97,94.97,0.0,0.0,0.05,True,pass
2022,NRG = CP045 + CP0722 - CP07224,109.3,109.29,0.009999999999990905,0.009999999999990905,0.05,True,pass
2023,NRG = CP045 + CP0722 - CP07224,102.31,102.31,0.0,0.0,0.05,True,pass
2024,NRG = CP045 + CP0722 - CP07224,99.12,99.13,-0.009999999999990905,0.009999999999990905,0.05,True,pass
2025,NRG = CP045 + CP0722 - CP07224,93.98,93.97999999999999,1.4210854715202004e-14,1.4210854715202004e-14,0.05,True,pass
2026,NRG = CP045 + CP0722 - CP07224,90.26,90.26,0.0,0.0,0.05,True,pass
1996,NRG = ELC_GAS + FUEL,90.57,90.58,-0.010000000000005116,0.010000000000005116,0.05,True,pass
1997,NRG = ELC_GAS + FUEL,92.66,92.66,0.0,0.0,0.05,True,pass
1998,NRG = ELC_GAS + FUEL,92.73,92.72999999999999,1.4210854715202004e-14,1.4210854715202004e-14,0.05,True,pass
1999,NRG = ELC_GAS + FUEL,87.29,87.28999999999999,1.4210854715202004e-14,1.4210854715202004e-14,0.05,True,pass
2000,NRG = ELC_GAS + FUEL,84.34,84.33,0.010000000000005116,0.010000000000005116,0.05,True,pass
2001,NRG = ELC_GAS + FUEL,90.41,90.41,0.0,0.0,0.05,True,pass
2002,NRG = ELC_GAS + FUEL,81.23,81.22999999999999,1.4210854715202004e-14,1.4210854715202004e-14,0.05,True,pass
2003,NRG = ELC_GAS + FUEL,82.49,82.5,-0.010000000000005116,0.010000000000005116,0.05,True,pass
2004,NRG = ELC_GAS + FUEL,81.32,81.32,0.0,0.0,0.05,True,pass
2005,NRG = ELC_GAS + FUEL,85.97,85.97,0.0,0.0,0.05,True,pass
2006,NRG = ELC_GAS + FUEL,91.99,92.0,-0.010000000000005116,0.010000000000005116,0.05,True,pass
2007,NRG = ELC_GAS + FUEL,96.15,96.15,0.0,0.0,0.05,True,pass
2008,NRG = ELC_GAS + FUEL,98.15,98.15,0.0,0.0,0.05,True,pass
2009,NRG = ELC_GAS + FUEL,95.71,95.71000000000001,-1.4210854715202004e-14,1.4210854715202004e-14,0.05,True,pass
2010,NRG = ELC_GAS + FUEL,95.59,95.59,0.0,0.0,0.05,True,pass
2011,NRG = ELC_GAS + FUEL,103.64,103.64,0.0,0.0,0.05,True,pass
2012,NRG = ELC_GAS + FUEL,109.87,109.87,0.0,0.0,0.05,True,pass
2013,NRG = ELC_GAS + FUEL,109.62,109.63,-0.009999999999990905,0.009999999999990905,0.05,True,pass
2014,NRG = ELC_GAS + FUEL,108.07,108.07,0.0,0.0,0.05,True,pass
2015,NRG = ELC_GAS + FUEL,106.06,106.06,0.0,0.0,0.05,True,pass
2016,NRG = ELC_GAS + FUEL,97.4,97.4,0.0,0.0,0.05,True,pass
2017,NRG = ELC_GAS + FUEL,94.51,94.51,0.0,0.0,0.05,True,pass
2018,NRG = ELC_GAS + FUEL,96.19,96.19,0.0,0.0,0.05,True,pass
2019,NRG = ELC_GAS + FUEL,101.32,101.31,0.009999999999990905,0.009999999999990905,0.05,True,pass
2020,NRG = ELC_GAS + FUEL,98.49,98.49000000000001,-1.4210854715202004e-14,1.4210854715202004e-14,0.05,True,pass
2021,NRG = ELC_GAS + FUEL,94.97,94.97999999999999,-0.009999999999990905,0.009999999999990905,0.05,True,pass
2022,NRG = ELC_GAS + FUEL,109.3,109.3,0.0,0.0,0.05,True,pass
2023,NRG = ELC_GAS + FUEL,102.31,102.31,0.0,0.0,0.05,True,pass
2024,NRG = ELC_GAS + FUEL,99.12,99.13,-0.009999999999990905,0.009999999999990905,0.05,True,pass
2025,NRG = ELC_GAS + FUEL,93.98,93.99000000000001,-0.010000000000005116,0.010000000000005116,0.05,True,pass
2026,NRG = ELC_GAS + FUEL,90.26,90.25999999999999,1.4210854715202004e-14,1.4210854715202004e-14,0.05,True,pass
