year,hicp_total,hicp_energy,hicp_household_energy,hicp_electricity,hicp_gas,hicp_liquid_fuels,hicp_solid_fuels,hicp_heat_cooling_energy,hicp_fuels_lubricants_personal_transport,hicp_diesel,hicp_petrol,hicp_other_transport_fuels,hicp_lubricants,hicp_electricity_gas_solid_heat,hicp_fuel_special_aggregate
1996,1000.0,90.57,51.21,24.86,15.28,8.19,1.35,1.53,39.09,,,,,44.91,45.67
1997,1000.0,92.66,52.17,24.77,15.6,8.99,1.26,1.54,40.24,,,,,45.13,47.53
1998,1000.0,92.73,52.58,24.79,16.43,8.58,1.24,1.54,39.89,,,,,46.0,46.73
1999,1000.0,87.29,50.04,24.39,15.6,7.26,1.32,1.48,36.99,,,,,44.64,42.65
2000,1000.0,84.34,45.58,20.36,14.33,8.76,0.88,1.25,38.38,,,,,38.47,45.86
2001,1000.0,90.41,49.45,20.66,16.38,10.29,0.89,1.24,40.86,,,,,40.78,49.63
2002,1000.0,81.23,45.96,20.12,16.28,7.73,0.78,1.05,35.14,,,,,39.98,41.25
2003,1000.0,82.49,45.12,19.91,15.06,8.39,0.76,1.0,37.25,,,,,38.33,44.17
2004,1000.0,81.32,44.74,20.02,15.07,7.89,0.77,1.0,36.45,,,,,38.46,42.86
2005,1000.0,85.97,46.81,20.31,15.56,9.23,0.73,0.99,39.04,,,,,39.19,46.78
2006,1000.0,91.99,50.19,20.46,17.33,10.61,0.76,1.03,41.66,,,,,41.49,50.51
2007,1000.0,96.15,52.3,21.37,18.84,10.17,0.79,1.12,43.75,,,,,44.07,52.08
2008,1000.0,98.15,52.36,22.18,17.49,10.68,0.95,1.06,45.71,,,,,43.41,54.74
2009,1000.0,95.71,55.65,23.11,20.76,9.26,0.99,1.53,39.95,,,,,48.29,47.42
2010,1000.0,95.59,53.12,23.92,17.4,9.3,1.01,1.5,42.36,,,,,45.51,50.08
2011,1000.0,103.64,56.66,24.5,18.68,11.02,1.02,1.45,46.86,,,,,47.3,56.34
2012,1000.0,109.87,61.2,26.4,21.05,11.03,1.0,1.72,48.55,,,,,52.45,57.42
2013,1000.0,109.62,59.59,25.86,20.32,10.61,1.21,1.58,50.03,,,,,50.74,58.89
2014,1000.0,108.07,60.55,27.21,19.93,10.27,1.45,1.68,47.51,,,,,52.01,56.06
2015,1000.0,106.06,61.5,28.43,20.79,8.67,1.57,2.03,44.58,,,,,52.82,53.24
2016,1000.0,97.4,55.85,27.38,18.65,6.34,1.65,1.82,41.56,17.47,22.24,1.01,0.84,49.5,47.9
2017,1000.0,94.51,54.29,27.05,17.49,6.37,1.59,1.8,41.01,17.35,21.88,0.99,0.8,47.92,46.59
2018,1000.0,96.19,54.88,27.15,17.71,6.7,1.59,1.73,42.13,18.05,22.19,1.07,0.82,48.19,48.0
2019,1000.0,101.32,59.08,26.93,20.04,7.38,1.77,2.96,43.01,18.73,22.49,1.01,0.78,51.7,49.61
2020,1000.0,98.49,55.45,26.33,17.85,6.79,1.67,2.8,43.88,19.12,22.98,0.94,0.84,48.65,49.84
2021,1000.0,94.97,58.91,28.75,19.13,5.99,1.72,3.32,36.67,15.41,19.99,0.66,0.61,52.93,42.05
2022,1000.0,109.3,65.87,31.2,21.99,7.27,1.75,3.67,43.95,17.98,24.49,0.96,0.53,58.61,50.69
2023,1000.0,102.31,61.17,31.36,18.98,5.93,1.95,2.95,41.69,16.94,23.48,0.72,0.55,55.24,47.07
2024,1000.0,99.12,56.31,30.41,17.07,3.65,1.94,3.24,43.41,17.72,24.37,0.72,0.59,52.66,46.47
2025,1000.0,93.98,53.99,29.61,16.56,3.21,1.6,3.01,40.55,16.15,23.11,0.74,0.56,50.78,43.21
2026,1000.0,90.26,52.49,28.89,16.3,2.58,1.81,2.91,38.26,14.86,22.25,0.66,0.49,49.91,40.35
