date,hicp_total,hicp_energy,hicp_household_energy,hicp_electricity,hicp_gas,hicp_liquid_fuels,hicp_solid_fuels,hicp_heat_cooling_energy,hicp_fuels_lubricants_personal_transport,hicp_diesel,hicp_petrol,hicp_other_transport_fuels,hicp_lubricants,hicp_electricity_gas_solid_heat,hicp_fuel_special_aggregate
1996-01-01,55.12,36.17,32.61,39.15,29.5,29.99,43.83,29.71,43.35,,,,,34.17,39.91
1996-02-01,55.37,36.32,32.74,39.16,29.53,30.6,43.81,29.89,43.56,,,,,34.19,40.21
1996-03-01,55.57,36.46,32.76,39.14,29.55,30.72,43.79,29.94,43.92,,,,,34.2,40.52
1996-04-01,55.66,36.84,32.89,39.14,29.52,31.52,43.54,29.98,44.75,,,,,34.2,41.37
1996-05-01,55.79,36.81,32.69,39.14,29.56,30.37,43.24,30.09,45.01,,,,,34.21,41.28
1996-06-01,55.8,36.59,32.67,39.23,29.63,29.89,43.15,30.23,44.43,,,,,34.28,40.71
1996-07-01,55.79,36.52,32.76,39.21,29.75,30.2,43.21,30.25,44.36,,,,,34.09,40.77
1996-08-01,55.76,36.59,32.79,39.22,29.77,30.28,43.31,30.3,44.5,,,,,34.13,40.9
1996-09-01,55.87,37.05,33.29,39.24,29.87,32.79,43.51,30.44,45.03,,,,,34.18,41.86
1996-10-01,55.92,37.5,33.71,39.24,29.99,34.85,43.86,30.54,45.59,,,,,34.26,42.76
1996-11-01,55.93,37.57,33.66,39.39,30.24,33.75,44.07,30.71,45.79,,,,,34.46,42.67
1996-12-01,56.07,37.68,33.8,39.4,30.39,34.12,44.31,30.83,45.9,,,,,34.54,42.83
1997-01-01,56.25,38.05,34.17,39.18,31.07,35.49,44.48,30.95,46.09,,,,,34.83,43.3
1997-02-01,56.38,37.97,33.99,39.21,31.26,33.97,44.57,31.12,46.2,,,,,34.94,42.99
1997-03-01,56.42,37.8,33.74,39.2,31.41,32.17,44.52,31.19,46.17,,,,,35.01,42.53
1997-04-01,56.39,37.62,33.66,39.11,31.46,31.9,44.13,31.22,45.78,,,,,34.99,42.17
1997-05-01,56.55,37.59,33.66,38.96,31.59,32.07,43.58,31.25,45.68,,,,,34.95,42.14
1997-06-01,56.56,37.5,33.63,38.96,31.64,31.78,43.45,31.32,45.5,,,,,34.98,41.92
1997-07-01,56.62,37.54,33.65,38.93,31.78,31.7,43.53,31.39,45.57,,,,,35.02,41.95
1997-08-01,56.72,38.12,33.85,38.93,31.85,32.7,43.51,31.4,46.83,,,,,35.07,43.18
1997-09-01,56.75,38.0,33.73,38.91,31.8,32.14,43.66,31.47,46.61,,,,,35.07,42.91
1997-10-01,56.77,38.08,33.97,38.92,31.97,33.11,44.25,31.45,46.47,,,,,35.15,42.99
1997-11-01,56.84,38.05,34.04,38.96,32.09,33.15,44.43,31.43,46.21,,,,,35.22,42.84
1997-12-01,56.9,37.93,33.97,38.96,32.1,32.73,44.46,31.43,46.01,,,,,35.23,42.57
1998-01-01,56.86,37.57,33.73,38.94,32.06,31.36,44.64,31.71,45.44,,,,,35.21,41.79
1998-02-01,57.01,37.44,33.66,39.02,32.0,30.89,44.68,31.63,45.19,,,,,35.21,41.49
1998-03-01,57.06,37.17,33.48,39.0,31.96,29.99,44.66,31.55,44.75,,,,,35.18,40.94
1998-04-01,57.17,37.25,33.6,39.18,31.91,30.35,44.51,31.51,44.76,,,,,35.23,41.04
1998-05-01,57.29,37.04,33.39,39.03,31.72,29.95,44.01,31.54,44.55,,,,,35.07,40.77
1998-06-01,57.32,36.86,33.21,39.02,31.7,28.95,43.82,31.52,44.32,,,,,35.06,40.38
1998-07-01,57.34,36.81,33.04,39.02,31.33,28.67,43.87,31.46,44.52,,,,,34.9,40.46
1998-08-01,57.36,36.64,32.95,39.03,31.31,28.12,43.9,31.4,44.26,,,,,34.89,40.12
1998-09-01,57.32,36.53,32.9,39.02,31.15,28.19,44.2,31.29,43.96,,,,,34.82,39.94
1998-10-01,57.3,36.52,32.9,39.03,31.09,28.29,44.39,31.21,43.94,,,,,34.79,39.95
1998-11-01,57.3,36.36,32.78,39.02,30.92,27.88,44.72,31.07,43.73,,,,,34.71,39.7
1998-12-01,57.33,36.09,32.64,39.01,30.87,27.26,44.79,30.95,43.2,,,,,34.67,39.14
1999-01-01,57.29,35.94,32.35,38.5,30.57,27.36,44.92,30.77,43.21,,,,,34.31,39.23
1999-02-01,57.43,35.84,32.26,38.48,30.45,27.08,45.03,30.67,43.09,,,,,34.24,39.07
1999-03-01,57.59,36.13,32.52,38.48,30.42,28.65,45.13,30.58,43.48,,,,,34.21,39.78
1999-04-01,57.78,37.38,33.26,39.59,30.51,30.2,44.91,30.54,45.63,,,,,34.79,41.87
1999-05-01,57.83,37.24,33.12,39.45,30.31,30.12,44.53,30.6,45.5,,,,,34.64,41.73
1999-06-01,57.82,37.39,33.08,39.44,30.35,29.8,44.4,30.64,45.96,,,,,34.65,42.03
1999-07-01,57.92,37.99,33.41,39.45,30.33,31.68,44.55,30.7,47.08,,,,,34.66,43.36
1999-08-01,57.99,38.49,33.62,39.43,30.57,32.48,44.61,30.79,48.13,,,,,34.75,44.36
1999-09-01,58.02,38.87,33.89,39.23,30.81,34.0,44.8,30.93,48.73,,,,,34.77,45.19
1999-10-01,58.05,38.89,33.71,38.65,30.75,34.37,45.29,31.1,49.08,,,,,34.5,45.56
1999-11-01,58.13,39.02,33.89,38.48,31.05,35.15,45.63,31.28,49.12,,,,,34.57,45.75
1999-12-01,58.32,39.75,34.29,38.36,31.17,37.48,45.8,31.5,50.47,,,,,34.58,47.37
2000-01-01,58.35,40.28,34.72,38.38,32.1,37.96,46.02,31.78,51.21,,,,,35.02,48.03
2000-02-01,58.54,40.68,35.01,38.39,32.26,39.25,46.19,31.98,51.78,,,,,35.13,48.76
2000-03-01,58.72,41.64,35.42,38.46,32.6,40.69,46.36,32.18,53.79,,,,,35.33,50.65
2000-04-01,58.77,41.16,35.28,38.36,33.12,39.06,46.12,32.4,52.66,,,,,35.53,49.37
2000-05-01,58.84,41.67,35.76,38.38,33.77,40.45,46.19,32.65,53.25,,,,,35.84,50.13
2000-06-01,59.06,42.75,35.94,38.44,33.97,40.91,46.0,32.94,55.9,,,,,35.98,52.33
2000-07-01,59.14,43.01,36.35,38.47,34.55,41.97,46.06,33.17,55.9,,,,,36.28,52.56
2000-08-01,59.19,42.96,36.73,38.48,34.83,43.55,46.2,33.38,55.07,,,,,36.43,52.29
2000-09-01,59.42,44.75,38.37,38.57,35.2,51.8,46.71,33.64,57.24,,,,,36.66,55.94
2000-10-01,59.44,44.36,38.29,38.68,35.73,49.93,47.55,34.07,56.27,,,,,37.0,54.69
2000-11-01,59.55,44.75,38.67,38.85,36.89,49.37,47.84,34.43,56.71,,,,,37.62,54.83
2000-12-01,59.78,44.03,38.39,38.83,37.12,47.29,47.94,34.74,55.04,,,,,37.79,53.05
2001-01-01,59.52,43.17,38.33,39.27,38.92,42.13,47.87,35.05,52.78,,,,,38.79,50.03
2001-02-01,59.69,43.73,38.49,39.32,39.2,42.36,47.96,35.32,54.04,,,,,38.96,51.06
2001-03-01,60.01,43.67,38.45,39.34,39.33,41.76,47.91,35.49,53.97,,,,,39.04,50.83
2001-04-01,60.37,44.12,38.53,39.2,39.56,42.11,47.92,35.69,55.04,,,,,39.09,51.75
2001-05-01,60.66,44.98,38.66,39.08,39.74,42.75,47.72,35.93,57.22,,,,,39.13,53.6
2001-06-01,60.75,44.86,38.87,39.11,39.77,43.88,47.62,36.17,56.53,,,,,39.17,53.28
2001-07-01,60.61,44.02,38.81,39.27,39.77,43.08,47.4,36.32,54.28,,,,,39.28,51.33
2001-08-01,60.56,43.62,38.75,39.28,39.74,42.64,47.45,37.21,53.27,,,,,39.31,50.4
2001-09-01,60.72,43.96,39.0,39.3,39.79,43.94,47.69,37.31,53.84,,,,,39.35,51.11
2001-10-01,60.77,43.02,38.54,39.26,39.51,41.85,48.29,37.31,51.99,,,,,39.22,49.19
2001-11-01,60.73,42.39,38.36,39.32,39.7,40.2,48.41,37.28,50.59,,,,,39.33,47.68
2001-12-01,61.0,41.94,38.03,39.38,39.67,38.2,48.35,37.22,49.9,,,,,39.34,46.68
2002-01-01,61.08,42.36,38.24,39.84,39.58,38.44,48.64,37.16,50.71,,,,,39.53,47.37
2002-02-01,61.17,42.47,38.16,39.84,39.43,38.27,48.72,37.09,51.14,,,,,39.47,47.7
2002-03-01,61.52,43.0,38.27,39.83,39.22,39.4,48.68,36.99,52.41,,,,,39.36,48.97
2002-04-01,61.8,43.9,38.34,39.81,38.78,40.79,48.57,36.92,54.77,,,,,39.16,51.19
2002-05-01,61.91,43.7,38.18,39.85,38.42,40.5,48.49,36.84,54.49,,,,,39.03,50.9
2002-06-01,61.88,43.27,37.96,39.83,38.38,39.3,48.48,36.74,53.67,,,,,39.0,49.99
2002-07-01,61.82,43.32,38.1,40.09,38.44,39.4,48.41,36.61,53.54,,,,,39.14,49.95
2002-08-01,61.86,43.49,38.18,40.1,38.42,39.87,48.44,36.51,53.9,,,,,39.12,50.33
2002-09-01,62.01,43.9,38.43,40.08,38.41,41.43,48.57,36.41,54.61,,,,,39.1,51.26
2002-10-01,62.16,44.14,38.54,40.1,38.4,42.08,48.86,36.3,55.04,,,,,39.09,51.77
2002-11-01,62.11,43.4,38.22,40.09,38.54,39.92,49.24,36.27,53.55,,,,,39.15,50.1
2002-12-01,62.41,43.53,38.45,40.08,38.56,41.24,49.35,36.23,53.55,,,,,39.14,50.39
2003-01-01,62.37,44.89,39.39,40.82,39.49,43.05,49.6,36.38,55.69,,,,,39.9,52.49
2003-02-01,62.62,45.71,39.88,40.87,39.65,45.41,49.62,36.48,57.07,,,,,40.0,54.15
2003-03-01,62.98,46.21,40.29,40.91,39.75,47.47,49.64,36.46,57.78,,,,,40.07,55.14
2003-04-01,63.07,44.87,39.43,41.02,40.18,41.42,49.55,36.51,55.6,,,,,40.31,52.0
2003-05-01,63.03,43.96,39.08,41.02,40.34,39.09,49.61,36.55,53.7,,,,,40.38,49.95
2003-06-01,63.11,43.94,39.1,41.03,40.39,39.09,49.55,36.57,53.59,,,,,40.4,49.86
2003-07-01,63.01,44.2,39.32,41.24,40.56,39.54,49.62,36.66,53.92,,,,,40.59,50.22
2003-08-01,63.11,44.63,39.44,41.27,40.55,40.17,49.63,36.66,54.9,,,,,40.61,51.14
2003-09-01,63.33,44.61,39.47,41.32,40.65,40.0,49.88,36.66,54.8,,,,,40.68,51.01
2003-10-01,63.42,44.47,39.66,41.28,40.68,41.11,50.1,36.63,54.12,,,,,40.67,50.72
2003-11-01,63.45,44.38,39.57,41.3,40.29,41.28,50.25,36.63,54.0,,,,,40.54,50.68
2003-12-01,63.65,44.3,39.49,41.3,40.33,40.73,50.28,36.63,53.9,,,,,40.57,50.46
2004-01-01,63.49,44.73,39.86,41.9,40.33,41.37,50.55,36.66,54.41,,,,,40.88,51.04
2004-02-01,63.64,44.69,39.6,41.94,40.21,39.99,50.61,36.61,54.74,,,,,40.85,50.99
2004-03-01,64.05,45.28,39.91,41.96,40.17,41.84,50.75,36.61,55.85,,,,,40.84,52.27
2004-04-01,64.37,45.77,39.96,41.89,40.03,42.54,50.69,36.62,57.13,,,,,40.74,53.46
2004-05-01,64.57,46.89,40.26,41.85,40.04,44.38,50.74,36.71,59.63,,,,,40.73,55.88
2004-06-01,64.61,46.54,40.2,41.86,40.08,43.95,50.65,36.69,58.76,,,,,40.76,55.1
2004-07-01,64.47,46.82,40.42,41.93,40.2,44.82,50.8,36.76,59.14,,,,,40.85,55.6
2004-08-01,64.6,47.53,40.87,41.94,40.27,47.3,50.78,36.74,60.34,,,,,40.88,57.09
2004-09-01,64.67,47.47,41.04,41.96,40.4,47.94,50.94,36.89,59.88,,,,,40.97,56.86
2004-10-01,64.92,48.81,42.12,42.04,40.84,53.13,51.49,37.15,61.72,,,,,41.21,59.49
2004-11-01,64.88,48.24,41.9,42.09,41.23,50.96,51.74,37.16,60.54,,,,,41.41,58.04
2004-12-01,65.13,47.37,41.67,42.13,41.48,49.01,51.83,37.16,58.59,,,,,41.54,56.01
2005-01-01,64.71,47.5,42.34,42.96,42.74,48.26,52.02,37.67,57.77,,,,,42.5,55.22
2005-02-01,64.95,48.14,42.6,43.02,42.91,49.33,52.04,37.71,59.06,,,,,42.62,56.46
2005-03-01,65.43,49.26,43.34,42.96,43.04,53.63,52.07,37.72,60.93,,,,,42.67,58.86
2005-04-01,65.71,50.39,43.78,43.04,43.49,55.09,52.12,38.02,63.22,,,,,42.94,61.0
2005-05-01,65.85,50.09,43.54,43.07,43.66,53.26,52.02,38.1,62.83,,,,,43.05,60.23
2005-06-01,65.92,50.91,44.19,43.05,43.77,56.98,51.94,38.15,63.96,,,,,43.12,61.92
2005-07-01,65.85,52.29,44.96,43.12,44.61,59.68,52.05,38.39,66.38,,,,,43.53,64.45
2005-08-01,66.01,52.98,45.36,43.14,45.08,61.06,51.99,38.41,67.6,,,,,43.77,65.7
2005-09-01,66.35,54.58,46.1,43.17,45.62,64.27,52.32,38.6,70.73,,,,,44.07,68.83
2005-10-01,66.51,54.71,46.68,43.36,46.71,64.93,53.32,39.15,70.09,,,,,44.65,68.44
2005-11-01,66.37,53.07,46.4,43.37,47.38,61.83,53.72,39.23,66.13,,,,,44.95,64.55
2005-12-01,66.59,52.69,46.36,43.38,47.55,61.23,53.76,39.31,65.13,,,,,45.06,63.59
2006-01-01,66.29,53.96,47.54,44.4,49.35,61.86,54.05,40.29,66.6,,,,,46.35,64.88
2006-02-01,66.48,54.18,47.8,44.42,49.62,62.79,54.18,40.53,66.79,,,,,46.49,65.22
2006-03-01,66.86,54.44,48.02,44.44,49.87,63.57,54.25,40.63,67.11,,,,,46.63,65.62
2006-04-01,67.31,55.96,48.79,44.71,50.73,65.5,54.01,43.09,69.96,,,,,47.18,68.33
2006-05-01,67.49,56.53,48.98,44.77,51.08,66.15,53.95,40.97,71.19,,,,,47.3,69.45
2006-06-01,67.54,56.49,48.95,44.77,51.14,65.82,53.94,41.0,71.14,,,,,47.34,69.31
2006-07-01,67.46,57.26,49.38,45.18,51.53,66.56,54.19,40.64,72.5,,,,,47.71,70.56
2006-08-01,67.52,57.29,49.54,45.3,51.63,67.06,54.32,40.73,72.3,,,,,47.82,70.51
2006-09-01,67.52,55.43,49.25,45.4,51.65,64.89,54.72,40.79,67.72,,,,,47.87,66.36
2006-10-01,67.57,54.44,49.22,45.47,52.16,62.69,55.69,44.83,65.07,,,,,48.26,63.73
2006-11-01,67.6,54.16,49.03,45.51,52.3,61.05,56.11,45.07,64.62,,,,,48.36,63.01
2006-12-01,67.86,54.22,49.01,45.57,52.37,60.63,56.27,45.06,64.84,,,,,48.42,63.08
2007-01-01,67.51,54.42,49.48,46.76,53.25,58.24,56.68,45.85,64.6,,,,,49.42,62.38
2007-02-01,67.71,54.59,49.66,46.87,53.2,59.13,56.85,46.05,64.77,,,,,49.47,62.7
2007-03-01,68.16,55.42,49.68,46.88,52.94,59.81,56.95,46.14,66.92,,,,,49.38,64.59
2007-04-01,68.59,56.18,49.71,46.87,52.09,61.85,56.91,45.96,68.88,,,,,49.04,66.6
2007-05-01,68.75,56.7,49.55,46.86,51.87,61.8,56.86,42.82,70.5,,,,,48.86,67.92
2007-06-01,68.82,57.0,49.65,46.86,51.78,62.64,56.72,42.77,71.13,,,,,48.82,68.6
2007-07-01,68.65,57.26,49.74,46.95,51.35,63.89,56.87,42.61,71.68,,,,,48.69,69.31
2007-08-01,68.7,56.76,49.77,47.08,51.35,63.75,56.88,42.6,70.29,,,,,48.75,68.15
2007-09-01,68.95,57.11,50.11,47.22,51.29,65.63,57.07,42.57,70.68,,,,,48.8,68.86
2007-10-01,69.29,57.45,50.55,47.39,51.69,66.48,57.57,46.46,70.87,,,,,49.17,69.18
2007-11-01,69.66,59.42,51.62,47.43,51.99,72.52,57.82,46.43,74.37,,,,,49.31,73.27
2007-12-01,69.94,59.22,51.69,47.48,52.19,72.39,57.84,46.41,73.71,,,,,49.43,72.69
2008-01-01,69.67,60.19,52.92,48.3,54.47,72.93,58.06,46.89,74.32,,,,,50.76,73.27
2008-02-01,69.92,60.26,53.23,48.51,54.79,73.7,58.03,46.9,74.01,,,,,51.0,73.15
2008-03-01,70.6,61.65,53.9,48.6,54.91,77.76,58.1,46.91,76.63,,,,,51.11,76.08
2008-04-01,70.83,62.27,54.61,48.86,55.79,79.7,58.02,47.37,77.16,,,,,51.61,76.87
2008-05-01,71.27,64.49,55.73,48.9,56.4,86.47,58.01,43.71,81.25,,,,,51.8,81.54
2008-06-01,71.54,66.2,56.53,48.95,56.75,90.99,58.02,43.76,84.52,,,,,51.99,85.07
2008-07-01,71.44,67.08,57.52,49.82,57.93,92.18,58.57,44.43,85.23,,,,,52.97,85.85
2008-08-01,71.33,65.06,56.94,50.12,58.62,85.64,58.88,44.51,80.78,,,,,53.45,80.86
2008-09-01,71.47,64.83,57.13,50.29,59.64,84.05,58.97,44.87,79.85,,,,,53.96,79.75
2008-10-01,71.48,62.97,57.19,50.38,61.34,78.79,59.79,54.14,74.77,,,,,54.95,74.5
2008-11-01,71.14,59.85,56.31,50.46,61.79,71.38,59.83,54.64,67.88,,,,,55.21,67.35
2008-12-01,71.05,57.04,55.07,50.46,62.25,61.64,59.97,55.73,62.35,,,,,55.44,60.89
2009-01-01,70.45,57.03,55.55,51.44,62.59,61.18,60.21,55.23,61.57,,,,,56.08,60.15
2009-02-01,70.74,57.33,55.22,51.5,62.37,59.25,60.35,55.34,62.87,,,,,56.04,60.85
2009-03-01,71.01,56.66,54.62,51.57,61.85,56.09,60.36,55.34,62.07,,,,,55.88,59.57
2009-04-01,71.26,56.8,53.6,51.51,58.13,57.84,60.5,54.67,64.03,,,,,54.4,61.54
2009-05-01,71.3,57.02,53.22,51.41,57.46,57.91,60.33,50.15,65.22,,,,,53.92,62.54
2009-06-01,71.44,58.45,53.44,51.38,56.85,60.82,60.36,50.1,68.6,,,,,53.65,65.92
2009-07-01,70.97,57.42,52.38,51.47,54.3,59.22,60.38,49.57,67.57,,,,,52.67,64.8
2009-08-01,71.21,58.45,52.71,51.61,53.97,61.74,60.29,49.54,69.77,,,,,52.57,67.13
2009-09-01,71.23,57.72,52.41,51.72,53.63,60.12,60.67,49.57,68.33,,,,,52.48,65.67
2009-10-01,71.4,57.62,52.55,51.73,52.94,61.78,60.93,53.51,67.85,,,,,52.32,65.63
2009-11-01,71.48,58.41,52.65,51.76,52.6,63.07,61.21,53.56,69.77,,,,,52.19,67.49
2009-12-01,71.71,58.1,52.48,51.78,52.38,62.31,61.44,53.46,69.21,,,,,52.09,66.91
2010-01-01,71.12,59.31,53.03,51.86,52.61,65.43,61.38,52.95,71.53,,,,,52.19,69.46
2010-02-01,71.34,59.23,52.97,51.96,52.68,64.57,61.55,52.78,71.42,,,,,52.25,69.21
2010-03-01,72.13,60.74,53.53,52.09,52.69,67.89,61.62,52.82,74.58,,,,,52.31,72.47
2010-04-01,72.43,61.94,54.32,52.04,53.88,70.84,61.42,52.79,76.5,,,,,52.72,74.63
2010-05-01,72.51,62.3,54.48,52.18,53.92,72.2,61.41,48.36,77.19,,,,,52.68,75.45
2010-06-01,72.51,62.06,54.46,52.19,54.03,71.77,61.6,48.42,76.59,,,,,52.74,74.87
2010-07-01,72.2,62.09,54.78,52.38,55.36,70.37,61.54,48.58,76.13,,,,,53.36,74.21
2010-08-01,72.34,62.0,54.9,52.62,55.52,70.12,61.5,48.6,75.69,,,,,53.55,73.79
2010-09-01,72.56,62.19,55.14,52.77,55.69,70.83,61.6,48.6,75.8,,,,,53.7,74.02
2010-10-01,72.78,62.55,55.64,53.16,55.92,71.61,62.01,53.19,75.94,,,,,54.16,74.28
2010-11-01,72.85,63.04,55.84,53.17,56.01,72.72,62.28,53.33,76.92,,,,,54.22,75.29
2010-12-01,73.29,64.49,56.45,53.18,56.2,76.36,62.5,53.35,79.81,,,,,54.31,78.36
2011-01-01,72.76,66.41,58.11,55.33,56.84,79.25,63.04,54.5,82.23,,,,,55.76,80.91
2011-02-01,73.07,66.98,58.62,55.53,57.09,81.55,63.56,54.71,82.91,,,,,55.99,81.9
2011-03-01,74.06,68.66,59.46,55.66,57.27,86.52,63.62,54.73,86.09,,,,,56.15,85.47
2011-04-01,74.47,69.66,60.13,55.97,58.33,87.73,63.57,54.94,87.67,,,,,56.74,86.98
2011-05-01,74.48,69.21,59.78,56.2,58.5,84.8,63.55,51.64,87.03,,,,,56.85,85.85
2011-06-01,74.47,68.85,59.9,56.23,58.76,84.8,63.54,52.13,85.84,,,,,56.99,84.87
2011-07-01,74.04,69.43,60.59,56.63,59.95,85.53,63.56,52.58,86.24,,,,,57.68,85.32
2011-08-01,74.18,69.3,60.62,56.82,60.17,84.59,63.74,52.72,85.82,,,,,57.9,84.77
2011-09-01,74.73,69.91,60.98,56.82,60.45,86.27,63.58,53.44,86.9,,,,,58.04,85.98
2011-10-01,74.99,70.33,61.8,57.14,61.59,87.43,64.09,58.13,86.63,,,,,58.82,85.97
2011-11-01,75.05,70.78,62.31,57.15,61.78,90.43,64.39,58.26,87.01,,,,,58.92,86.86
2011-12-01,75.31,70.73,62.29,57.13,61.94,89.97,64.4,58.31,86.91,,,,,58.99,86.65
2012-01-01,74.69,72.54,63.46,57.98,63.08,92.66,64.51,59.84,89.87,,,,,59.94,89.62
2012-02-01,75.07,73.37,63.86,58.04,63.31,94.85,63.98,60.52,91.49,,,,,60.1,91.36
2012-03-01,76.04,74.53,64.05,58.1,63.39,95.86,64.57,60.61,94.36,,,,,60.19,93.94
2012-04-01,76.39,75.33,64.57,59.08,63.81,95.08,64.82,60.84,95.69,,,,,60.89,94.89
2012-05-01,76.29,74.28,64.48,59.39,64.01,93.49,64.83,57.32,92.9,,,,,61.03,92.23
2012-06-01,76.23,73.04,64.12,59.44,64.02,90.35,64.84,57.49,90.11,,,,,61.07,89.29
2012-07-01,75.83,73.66,64.85,60.04,64.78,91.74,64.93,57.71,90.55,,,,,61.7,89.9
2012-08-01,76.12,75.44,65.45,60.23,64.93,95.38,64.98,57.88,94.43,,,,,61.87,93.84
2012-09-01,76.67,76.27,65.81,60.47,65.23,96.46,65.17,58.04,96.09,,,,,62.14,95.42
2012-10-01,76.86,75.93,66.37,60.5,65.68,98.62,65.46,62.06,94.16,,,,,62.48,94.16
2012-11-01,76.7,74.83,66.23,60.54,65.78,96.96,65.56,62.55,91.37,,,,,62.56,91.48
2012-12-01,76.98,74.43,66.02,60.57,65.82,94.93,65.82,62.57,90.62,,,,,62.61,90.46
2013-01-01,76.18,75.37,67.22,62.66,66.38,95.03,65.94,62.86,91.11,,,,,63.96,90.92
2013-02-01,76.46,76.24,67.46,62.75,66.24,96.95,65.75,63.02,93.07,,,,,63.95,92.91
2013-03-01,77.36,75.77,67.3,62.84,66.26,95.15,66.07,63.62,92.05,,,,,64.03,91.73
2013-04-01,77.29,75.01,66.56,62.22,65.71,92.99,66.21,63.66,91.24,,,,,63.5,90.68
2013-05-01,77.37,74.11,66.21,62.28,65.59,91.31,66.62,59.12,89.39,,,,,63.35,88.82
2013-06-01,77.46,74.2,66.19,62.3,65.56,91.17,66.5,59.07,89.67,,,,,63.34,89.03
2013-07-01,77.04,74.82,66.48,62.49,65.51,92.81,66.65,59.07,90.87,,,,,63.43,90.33
2013-08-01,77.14,75.19,66.83,63.31,65.45,92.69,66.68,59.16,91.29,,,,,63.84,90.66
2013-09-01,77.51,75.55,67.06,63.28,65.42,94.7,66.74,59.19,91.87,,,,,63.81,91.5
2013-10-01,77.42,74.61,66.98,63.5,65.25,92.69,66.99,63.61,89.48,,,,,64.01,89.13
2013-11-01,77.36,74.02,66.81,63.49,65.26,91.24,67.34,63.56,88.2,,,,,64.01,87.81
2013-12-01,77.63,74.44,66.87,63.49,65.18,91.93,67.35,63.53,89.22,,,,,63.97,88.8
2014-01-01,76.76,74.43,67.18,64.34,65.3,90.83,67.37,63.58,88.65,,,,,64.47,88.13
2014-02-01,77.0,74.47,67.27,64.47,65.33,90.97,67.54,63.62,88.61,,,,,64.55,88.13
2014-03-01,77.72,74.21,67.06,64.46,65.18,89.82,67.2,63.58,88.26,,,,,64.47,87.63
2014-04-01,77.84,74.15,66.67,64.16,64.55,89.62,66.9,63.53,88.75,,,,,64.06,88.01
2014-05-01,77.76,74.1,66.48,64.13,64.4,89.57,66.88,59.23,88.95,,,,,63.85,88.17
2014-06-01,77.84,74.27,66.36,63.93,64.22,89.84,67.14,59.27,89.6,,,,,63.68,88.77
2014-07-01,77.33,74.09,65.96,63.79,63.31,89.54,66.99,59.76,89.81,,,,,63.28,88.89
2014-08-01,77.42,73.68,65.98,64.0,63.13,89.42,66.99,59.75,88.65,,,,,63.32,87.9
2014-09-01,77.76,73.79,66.2,64.51,63.03,89.37,67.28,60.04,88.58,,,,,63.56,87.83
2014-10-01,77.72,73.14,66.17,64.6,64.11,84.78,67.15,64.54,86.85,,,,,64.16,85.56
2014-11-01,77.58,72.13,65.96,64.44,64.28,83.11,67.36,64.62,84.47,,,,,64.14,83.27
2014-12-01,77.5,69.75,65.04,64.49,64.1,76.03,67.31,64.55,79.55,,,,,64.09,77.87
2015-01-01,76.3,67.54,64.36,65.03,63.88,68.95,67.59,64.25,74.68,,,,,64.29,72.7
2015-02-01,76.78,68.6,64.64,64.54,63.7,73.68,67.74,64.07,77.09,,,,,63.95,75.46
2015-03-01,77.67,69.79,64.65,64.47,63.33,75.05,67.78,64.15,80.31,,,,,63.77,78.34
2015-04-01,78.0,69.86,64.26,64.43,62.52,74.39,67.72,63.79,81.15,,,,,63.42,78.91
2015-05-01,78.22,70.52,64.22,64.32,62.28,76.24,67.59,60.16,82.99,,,,,63.12,80.73
2015-06-01,78.23,70.44,64.17,64.72,62.13,74.79,67.61,59.87,82.88,,,,,63.26,80.4
2015-07-01,77.76,69.95,63.72,64.92,61.58,71.91,67.49,59.67,82.31,,,,,63.14,79.45
2015-08-01,77.76,68.41,63.25,65.07,61.52,67.72,67.17,59.53,78.91,,,,,63.19,75.97
2015-09-01,77.92,67.25,63.1,65.03,61.38,67.03,67.26,59.44,76.02,,,,,63.11,73.48
2015-10-01,78.02,66.89,63.09,65.18,61.38,65.44,67.3,62.72,75.08,,,,,63.32,72.44
2015-11-01,77.68,66.89,63.07,65.38,61.33,64.67,67.28,62.74,75.09,,,,,63.41,72.32
2015-12-01,77.69,65.68,62.4,65.41,61.17,59.33,67.35,62.92,72.94,,,,,63.37,69.67
2016-01-01,76.55,63.89,61.15,64.54,60.76,53.52,67.59,62.6,70.25,,,,,62.74,66.54
2016-02-01,76.68,63.05,60.67,64.0,60.5,52.42,67.36,62.42,68.83,,,,,62.33,65.19
2016-03-01,77.64,63.71,60.95,64.23,60.09,55.13,67.24,62.08,70.1,,,,,62.28,66.66
2016-04-01,77.8,63.76,60.01,63.59,58.3,55.07,67.15,61.48,71.69,,,,,61.22,67.97
2016-05-01,78.13,64.81,60.37,63.79,58.0,58.28,67.15,61.21,73.87,,,,,61.19,70.28
2016-06-01,78.27,65.92,60.91,64.41,57.89,60.8,66.88,60.84,75.9,,,,,61.46,72.36
2016-07-01,77.89,65.26,60.66,64.45,57.76,59.09,66.78,60.51,74.57,,,,,61.41,70.99
2016-08-01,77.93,64.57,60.48,64.47,57.85,57.16,66.79,60.57,73.08,,,,,61.47,69.46
2016-09-01,78.23,65.24,60.86,64.85,57.94,58.49,67.06,60.83,74.21,,,,,61.72,70.6
2016-10-01,78.41,66.28,61.56,65.4,57.93,62.31,67.15,60.52,75.81,,,,,62.0,72.52
2016-11-01,78.13,66.16,61.6,65.6,58.11,61.18,67.31,60.82,75.46,,,,,62.2,72.05
2016-12-01,78.55,67.35,62.4,65.99,58.56,65.01,67.3,61.09,77.3,74.97,79.86,66.67,83.37,62.59,74.17
2017-01-01,77.87,69.06,63.46,67.06,59.37,67.63,67.54,60.52,80.07,78.31,82.33,68.32,83.02,63.47,76.92
2017-02-01,78.18,68.93,63.11,65.9,59.73,68.13,67.81,60.78,80.31,78.22,82.74,70.4,83.39,63.0,77.2
2017-03-01,78.83,68.4,62.87,65.46,60.08,66.61,67.86,61.25,79.31,77.43,81.41,71.33,83.41,62.92,76.11
2017-04-01,79.28,68.58,62.89,65.6,59.91,66.72,67.73,61.3,79.75,77.37,82.37,70.59,83.42,62.93,76.51
2017-05-01,79.21,67.76,62.5,65.67,59.55,64.3,67.65,60.75,78.21,75.72,80.85,69.44,83.37,62.8,74.83
2017-06-01,79.28,67.15,62.36,65.83,59.53,62.5,67.52,60.63,76.82,74.02,79.64,68.66,83.21,62.87,73.38
2017-07-01,78.93,66.69,62.09,66.01,58.67,61.99,67.49,60.58,76.06,73.37,78.74,67.99,83.28,62.63,72.65
2017-08-01,79.13,67.14,62.29,66.24,58.63,62.98,67.56,60.42,76.9,74.52,79.4,68.04,83.19,62.74,73.52
2017-09-01,79.45,67.81,62.52,66.27,58.62,64.82,67.65,60.56,78.31,75.79,80.99,69.15,83.4,62.76,74.99
2017-10-01,79.49,68.26,63.09,66.83,59.03,66.27,67.9,60.48,78.57,77.12,80.25,71.29,83.27,63.22,75.44
2017-11-01,79.33,69.27,63.62,67.12,59.31,68.7,68.09,61.06,80.37,78.72,82.3,72.77,83.55,63.51,77.34
2017-12-01,79.6,69.34,63.78,67.17,59.42,69.45,68.24,61.32,80.29,79.06,81.81,73.48,83.65,63.59,77.38
2018-01-01,78.88,70.6,64.76,67.32,60.98,72.41,68.95,61.86,82.02,81.82,82.8,74.22,83.55,64.33,79.31
2018-02-01,79.05,70.42,64.71,67.62,61.07,70.31,69.26,62.02,81.61,81.14,82.62,73.52,83.4,64.54,78.63
2018-03-01,79.93,69.81,64.29,66.91,60.78,70.42,69.3,61.97,80.7,80.56,81.42,72.41,83.41,64.05,77.89
2018-04-01,80.25,70.35,63.93,66.37,59.75,72.69,69.26,61.8,82.72,82.42,83.78,71.9,83.43,63.35,79.95
2018-05-01,80.76,71.93,64.62,66.97,59.74,76.41,69.34,61.59,85.78,85.63,86.97,72.28,83.36,63.66,83.11
2018-06-01,80.85,72.57,64.85,67.17,59.86,77.38,69.39,61.25,87.07,87.07,88.21,73.16,83.45,63.8,84.35
2018-07-01,80.66,73.06,65.91,67.97,61.88,77.18,69.61,61.26,86.64,86.44,87.86,74.09,83.59,65.03,83.96
2018-08-01,80.78,73.39,66.18,68.27,61.98,77.92,69.75,61.39,87.07,86.62,88.53,74.3,83.57,65.24,84.43
2018-09-01,81.1,74.3,66.86,68.6,62.13,81.89,70.05,62.04,88.36,88.2,89.63,75.43,83.74,65.51,86.14
2018-10-01,81.3,75.61,68.25,69.18,63.87,86.19,70.6,62.66,89.55,90.48,89.92,77.32,83.46,66.54,87.82
2018-11-01,80.85,75.6,68.69,69.25,64.53,87.53,71.12,63.01,88.8,90.08,88.79,77.53,83.38,66.87,87.39
2018-12-01,80.82,73.13,67.66,69.17,64.33,79.05,71.24,63.82,83.95,85.08,83.74,75.51,83.37,66.78,81.98
2019-01-01,79.98,72.48,68.1,70.12,64.97,76.4,71.39,65.05,81.44,82.86,80.84,74.14,83.41,67.59,79.45
2019-02-01,80.23,72.93,68.12,69.7,65.0,78.11,71.66,65.16,82.62,84.8,81.49,73.86,83.51,67.41,80.7
2019-03-01,81.05,73.55,68.11,69.38,65.02,79.29,71.75,65.1,84.31,86.42,83.38,74.14,83.38,67.26,82.31
2019-04-01,81.63,74.05,67.41,69.06,63.26,80.09,71.3,65.02,86.88,87.09,87.73,74.24,83.67,66.37,84.61
2019-05-01,81.74,74.7,67.36,68.74,63.18,81.38,71.15,64.84,88.7,88.25,90.27,74.06,83.61,66.16,86.36
2019-06-01,81.87,73.8,67.27,69.5,63.12,77.8,71.16,64.4,86.44,85.44,88.29,73.1,83.63,66.49,83.88
2019-07-01,81.49,73.39,66.88,69.73,61.65,78.33,70.89,64.12,85.98,85.13,87.73,71.96,83.73,65.99,83.58
2019-08-01,81.6,72.96,66.74,69.64,61.6,77.55,70.65,64.21,85.05,84.55,86.5,70.57,83.87,65.92,82.67
2019-09-01,81.78,72.95,66.81,69.51,61.55,78.91,70.71,64.07,84.91,85.26,85.69,69.89,83.78,65.83,82.76
2019-10-01,81.89,73.23,67.18,70.03,61.85,79.14,70.88,64.18,85.06,85.75,85.54,70.08,83.96,66.23,82.92
2019-11-01,81.63,73.21,67.16,69.95,62.19,77.9,70.99,64.62,85.04,85.67,85.54,70.66,83.98,66.35,82.71
2019-12-01,81.89,73.29,67.06,69.52,62.35,78.06,71.33,64.76,85.42,86.3,85.7,71.61,84.14,66.22,83.05
2020-01-01,81.07,73.87,67.28,69.51,62.76,78.78,71.35,64.86,86.58,87.73,86.68,73.08,83.8,66.38,84.16
2020-02-01,81.21,72.67,66.69,69.51,62.55,73.95,71.15,64.9,84.4,84.5,85.14,73.31,84.13,66.29,81.58
2020-03-01,81.65,70.26,65.58,68.78,62.2,67.93,70.95,64.57,79.88,79.43,80.77,71.53,84.14,65.75,76.84
2020-04-01,81.89,66.9,63.7,67.42,60.24,62.64,71.31,63.92,74.13,74.12,74.22,69.58,84.4,64.26,71.15
2020-05-01,81.81,65.77,63.14,67.26,60.09,58.87,70.82,63.53,72.07,71.26,72.71,68.08,84.33,64.08,68.84
2020-06-01,82.09,66.92,63.5,67.89,59.96,60.26,70.52,63.06,74.48,73.14,75.79,68.29,83.7,64.32,71.11
2020-07-01,81.8,67.24,62.94,67.88,58.57,60.3,70.17,61.81,76.21,74.85,77.68,68.47,83.97,63.69,72.6
2020-08-01,81.46,67.25,63.05,68.41,58.59,59.06,70.02,61.65,76.07,74.8,77.46,68.21,83.82,63.95,72.3
2020-09-01,81.52,66.95,62.98,68.79,58.58,56.77,70.14,61.62,75.39,73.35,77.38,67.94,84.19,64.15,71.38
2020-10-01,81.67,67.2,63.51,69.17,59.7,56.6,70.03,61.46,75.2,72.81,77.43,68.18,84.28,64.77,71.19
2020-11-01,81.4,67.11,63.8,69.54,59.95,56.58,70.12,62.03,74.5,72.91,75.99,68.38,84.36,65.09,70.59
2020-12-01,81.67,68.21,64.4,69.77,60.12,60.64,70.2,62.28,76.4,75.46,77.51,69.11,84.08,65.3,72.81
2021-01-01,81.8,70.79,66.32,71.62,61.77,65.02,70.54,62.75,80.26,78.89,81.8,73.22,84.86,66.92,76.75
2021-02-01,81.97,71.47,66.05,69.98,62.17,67.79,70.81,63.03,82.74,81.41,84.32,75.78,84.68,66.28,79.29
2021-03-01,82.74,73.31,67.06,71.04,62.67,71.04,70.59,63.33,86.15,84.53,88.13,77.66,84.69,67.03,82.68
2021-04-01,83.21,73.83,67.67,72.46,62.9,69.99,70.6,63.41,86.49,84.34,88.89,78.55,84.39,67.84,82.79
2021-05-01,83.43,74.4,68.0,72.71,63.05,71.74,70.29,63.24,87.5,85.52,89.85,78.33,84.41,68.01,83.93
2021-06-01,83.65,75.34,68.79,73.58,63.6,73.51,70.38,63.36,88.75,87.08,90.91,78.14,85.3,68.67,85.26
2021-07-01,83.58,76.88,70.01,73.29,66.63,75.79,70.98,63.86,90.89,89.01,93.31,79.95,85.07,69.77,87.43
2021-08-01,83.87,77.63,70.91,74.81,67.42,74.89,71.26,64.38,91.35,88.98,94.11,81.73,85.71,70.9,87.65
2021-09-01,84.26,78.69,72.22,76.3,68.48,76.96,71.66,65.08,91.95,89.79,94.52,83.35,86.03,72.13,88.5
2021-10-01,84.98,83.12,76.59,79.6,73.45,86.53,72.09,66.93,96.45,95.17,98.32,92.07,86.2,75.89,93.88
2021-11-01,85.36,85.56,79.0,81.9,76.25,88.83,72.71,69.24,98.94,97.46,100.86,99.37,86.48,78.33,96.34
2021-12-01,85.72,85.87,80.79,85.55,77.23,85.21,74.9,71.76,96.43,95.41,97.75,100.54,86.92,80.8,93.62
2022-01-01,85.98,91.17,87.58,91.19,86.85,90.21,78.14,76.37,99.1,98.58,100.17,101.79,87.16,87.84,96.65
2022-02-01,86.79,94.31,90.01,93.98,87.89,96.74,79.58,77.81,103.53,103.64,104.39,102.27,87.62,89.8,101.41
2022-03-01,88.9,105.8,98.93,100.2,94.04,134.31,80.66,78.28,119.67,123.17,118.73,111.13,88.04,95.41,120.91
2022-04-01,89.41,101.54,96.63,95.76,95.44,124.41,83.59,80.61,111.9,115.22,110.39,115.64,88.25,93.99,112.81
2022-05-01,90.15,103.52,97.59,95.94,96.42,127.3,86.25,83.26,115.71,117.58,115.56,114.53,89.15,94.73,116.46
2022-06-01,90.88,107.0,99.66,97.68,96.4,138.53,88.51,84.19,121.73,125.48,120.74,109.89,89.33,95.74,123.29
2022-07-01,90.98,107.31,102.59,99.27,101.89,138.89,95.33,85.27,117.35,122.69,114.91,108.52,89.66,98.99,119.65
2022-08-01,91.53,107.62,107.73,104.63,109.96,134.43,105.94,86.62,109.05,114.77,105.74,109.23,89.79,105.29,111.96
2022-09-01,92.63,110.74,112.31,106.52,117.95,138.35,114.88,91.17,109.57,115.58,105.82,114.99,91.27,109.98,113.0
2022-10-01,94.0,117.62,121.92,115.93,130.44,144.54,123.36,93.37,111.61,119.77,106.35,115.17,92.65,120.05,115.68
2022-11-01,93.94,115.41,119.21,114.41,127.31,134.61,124.0,94.71,110.3,117.6,105.8,109.49,93.38,118.17,113.01
2022-12-01,93.61,107.79,111.82,113.21,114.99,121.74,121.18,76.88,102.23,107.69,98.56,109.91,93.43,111.38,104.19
2023-01-01,93.41,108.4,109.43,107.94,112.08,122.19,119.9,93.29,106.89,112.57,103.27,110.09,94.74,108.7,108.42
2023-02-01,94.17,107.21,107.34,108.82,105.86,117.11,117.62,91.33,106.93,109.94,105.08,109.37,95.5,106.89,107.9
2023-03-01,95.02,104.83,103.87,104.72,101.72,115.9,115.11,91.88,106.03,107.64,105.07,108.28,96.12,103.19,106.96
2023-04-01,95.62,103.88,101.9,101.86,100.86,113.22,113.02,92.36,106.49,105.47,107.36,105.34,96.48,101.27,107.07
2023-05-01,95.65,101.68,101.02,101.09,101.45,105.36,113.06,92.86,102.55,99.64,104.55,101.95,96.89,101.07,102.67
2023-06-01,95.9,101.0,99.42,99.04,99.84,105.21,112.65,92.06,103.12,100.17,105.25,98.92,96.74,99.32,103.16
2023-07-01,95.81,100.8,98.17,98.77,96.59,105.54,111.99,90.13,104.32,102.16,106.06,96.63,96.82,97.92,104.28
2023-08-01,96.33,104.08,99.64,100.04,95.99,117.08,111.35,90.12,109.98,110.2,110.46,96.0,96.98,98.4,110.63
2023-09-01,96.64,105.67,100.08,100.38,95.68,121.19,109.74,90.66,113.11,114.97,112.62,97.0,97.81,98.48,113.89
2023-10-01,96.73,104.46,99.71,99.7,95.97,121.41,108.52,89.23,110.79,114.71,108.77,98.47,97.8,98.05,111.82
2023-11-01,96.19,102.18,98.48,98.12,95.91,116.78,106.98,89.96,107.15,110.31,105.43,98.82,97.93,97.15,108.03
2023-12-01,96.35,100.59,98.49,98.38,97.17,111.17,106.25,90.21,103.43,105.9,101.98,98.59,98.56,97.72,104.07
2024-01-01,96.0,101.79,100.69,99.68,101.2,109.84,105.52,95.87,103.25,105.06,102.24,98.38,98.78,100.13,103.79
2024-02-01,96.6,103.2,100.8,100.48,99.56,113.83,103.89,95.94,106.43,109.2,104.92,98.36,98.74,100.0,107.07
2024-03-01,97.33,102.95,99.95,99.97,98.16,111.89,103.4,95.74,107.0,108.38,106.51,97.92,99.16,99.22,107.46
2024-04-01,97.89,103.23,98.91,98.3,96.97,112.78,102.83,98.91,109.07,108.42,110.12,97.44,99.58,98.07,109.47
2024-05-01,98.1,101.98,98.49,98.12,96.69,109.01,102.74,98.57,106.7,104.76,108.55,96.8,99.51,97.84,106.97
2024-06-01,98.31,101.19,98.87,98.67,97.27,108.0,102.44,98.11,104.35,103.01,105.67,95.88,99.22,98.31,104.68
2024-07-01,98.29,102.03,99.71,99.46,98.16,109.39,102.18,99.15,105.16,104.51,106.04,96.58,98.73,99.12,105.56
2024-08-01,98.42,100.92,99.74,99.76,98.37,106.16,101.64,99.36,102.5,101.34,103.57,97.23,98.64,99.35,102.82
2024-09-01,98.33,99.23,99.59,99.78,98.64,102.37,100.12,99.63,98.74,97.87,99.38,97.68,99.17,99.41,99.0
2024-10-01,98.67,99.62,99.88,99.72,99.81,102.65,99.17,99.35,99.26,98.36,99.89,99.29,99.44,99.71,99.51
2024-11-01,98.35,100.11,100.38,100.24,100.66,102.29,98.23,99.48,99.75,99.42,99.96,100.77,99.66,100.26,99.94
2024-12-01,98.69,100.73,100.99,100.8,101.38,102.64,98.71,100.25,100.37,100.53,100.24,101.69,99.63,100.88,100.55
2025-01-01,98.42,103.7,103.88,104.76,102.76,106.99,99.35,100.5,103.41,103.95,103.15,103.33,99.15,103.68,103.73
2025-02-01,98.84,103.39,102.69,102.34,103.18,106.84,99.65,100.8,104.26,104.58,104.15,104.22,99.66,102.43,104.51
2025-03-01,99.45,101.94,102.4,101.57,104.48,102.41,99.72,100.73,101.3,101.58,101.06,103.98,99.7,102.4,101.4
2025-04-01,100.01,99.56,99.76,98.8,101.64,98.63,99.36,100.44,99.28,98.3,99.85,102.41,100.11,99.84,99.23
2025-05-01,99.96,98.35,98.92,98.68,99.79,95.68,99.33,99.66,97.62,96.02,98.57,100.55,100.48,99.12,97.44
2025-06-01,100.26,98.58,98.63,98.41,99.1,97.49,99.39,99.0,98.54,97.56,99.16,99.08,100.27,98.7,98.44
2025-07-01,100.29,99.6,99.42,99.44,99.14,100.85,99.32,99.26,99.84,100.53,99.39,98.7,99.82,99.33,99.91
2025-08-01,100.43,98.92,98.93,99.28,98.34,98.03,99.34,99.44,98.93,99.01,98.88,97.82,100.01,98.99,98.85
2025-09-01,100.52,98.85,98.81,99.12,98.24,97.87,99.65,99.3,98.93,98.83,99.03,97.49,99.94,98.86,98.84
2025-10-01,100.74,98.69,98.69,98.96,98.07,97.29,100.78,99.72,98.71,98.49,98.88,97.51,100.02,98.78,98.59
2025-11-01,100.45,99.63,98.98,99.13,97.79,101.07,101.72,100.44,100.49,101.72,99.75,97.38,100.19,98.85,100.54
2025-12-01,100.63,98.78,98.89,99.51,97.48,96.86,102.38,100.73,98.67,99.44,98.12,97.53,100.66,99.01,98.51
2026-01-01,100.07,99.57,99.46,100.12,97.76,96.71,103.47,102.95,99.75,100.31,99.39,97.91,100.71,99.62,99.53
2026-02-01,100.71,100.16,99.4,99.78,97.56,99.13,105.16,103.15,101.21,102.46,100.43,98.68,100.75,99.43,101.06
2026-03-01,101.99,107.14,101.45,99.43,99.45,130.86,105.84,103.64,114.86,121.84,110.89,102.34,100.87,99.91,116.05
2026-04-01,103.04,110.33,102.39,98.18,102.26,145.76,106.04,103.27,121.1,132.42,114.31,111.42,101.39,100.11,122.92
2026-05-01,103.13,109.0,102.24,97.85,103.66,137.26,106.03,103.67,118.18,124.3,114.6,112.78,103.09,100.4,119.58
2026-06-01,103.02,106.99,103.04,100.12,103.82,126.46,106.44,104.25,112.38,116.51,109.92,108.24,104.1,101.82,113.38
2026-07-01,103.22,109.55,,,,,,,,,,,,,
