date,wob_heating_oil_pre_tax,crude_oil_eur,refined_diesel_eur
2005-01-03,325.04697573378064,29.251411923855215,36.83820204403786
2005-01-10,319.56402962850746,31.14101696855924,37.60643183611419
2005-01-17,324.00592900805566,33.80400994656632,39.89270015063927
2005-01-24,329.4843043400924,34.62367060292012,40.81785510828248
2005-01-31,342.937347715446,35.308229423144155,42.478506981554084
2005-02-07,334.8267155478226,34.05842185031356,40.89694308719124
2005-02-14,334.34542095631326,34.09099191551883,40.48066351413514
2005-02-21,338.90178254006526,34.75359729013201,41.25394946084807
2005-02-28,359.7912117128109,36.47578372294495,45.149738931295836
2005-03-07,383.3943094525889,38.93188138552982,48.48126994359202
2005-03-14,384.2934473344939,39.58207841567086,48.6260903782513
2005-03-21,389.56736639627485,40.95151748870376,49.03258950692314
2005-03-28,,41.153288483821825,50.504460766916694
2005-04-04,398.3168118526175,40.748758973790075,51.81677716012896
2005-04-11,407.9388091574897,41.551375391384056,53.75608454177397
2005-04-18,389.78691115714855,39.124156617547534,49.358796626037034
2005-04-25,387.0452246757624,39.34335771839973,49.34106506457248
2005-05-02,388.15068210036515,39.72165456846657,49.41274042726151
2005-05-09,380.69540244329073,38.576434427812764,48.13516725753974
2005-05-16,376.51573251495034,38.28411763431404,47.13240204640591
2005-05-23,368.14854907061715,37.2535106441793,46.13253742919534
2005-05-30,373.5224044027881,38.588237144378844,48.04017329902301
2005-06-06,402.3052545005231,41.53572103268684,51.785106506393504
2005-06-13,415.7014508207083,42.24692120503615,55.80303813904834
2005-06-20,429.6735110545151,44.71013561719185,57.88298247279878
2005-06-27,432.91967460294245,46.98907700404489,57.998382020803476
2005-07-04,434.7341060202962,46.74499276176697,58.84476020588009
2005-07-11,463.24793295485824,48.49991478463653,61.95128181497303
2005-07-18,455.3483981249172,47.34206034837977,58.43545583256672
2005-07-25,441.4117228186268,46.923699012579306,57.28570289916844
2005-08-01,442.96200725658065,48.418903660155976,57.927081073596774
2005-08-08,444.8237548641832,49.24129374511401,57.97572285541469
2005-08-15,451.5896029017373,51.83751633555782,61.81030613866572
2005-08-22,474.66502682582365,52.75646293444688,63.663083365012845
2005-08-29,493.0784974102704,53.512513835770996,64.95534631750438
2005-09-05,525.3386799259159,53.658264332367764,68.45470133076977
2005-09-12,505.78589887325296,50.686720493241566,66.29094008856882
2005-09-19,495.80109800890716,50.21011137550833,64.24906740463504
2005-09-26,509.5612931643572,52.12771533779947,67.82922087923954
2005-10-03,524.9727959091077,52.07357523840901,69.75188841869571
2005-10-10,512.9442238202703,49.119101236993,67.93111332362876
2005-10-17,507.5485962832998,48.60235396942706,66.81718061294426
2005-10-24,495.53765026368745,48.07963911357963,64.9857987645201
2005-10-31,,48.80762305953505,63.61742005611696
2005-11-07,473.09235951222405,49.58253398019285,60.74829261176906
2005-11-14,467.0153859407464,48.2640433691749,59.99295629482884
2005-11-21,460.95729829890826,46.31737375465851,59.651283345279964
2005-11-28,455.22658158091684,45.66983769621513,58.08824267945452
2005-12-05,454.3907375435436,45.8298202621918,56.81092532047326
2005-12-12,457.0965927919712,47.69011847385717,57.96228101862928
2005-12-19,462.50501678461836,48.64763492266934,59.48904399132829
2005-12-26,,46.83422914191606,57.52417250781592
2006-01-02,,48.42015875940526,57.16317095203171
2006-01-09,460.68077258216823,50.98864004672696,59.443479421331666
2006-01-16,457.17903069385335,51.680241476791956,57.67398870123284
2006-01-23,464.42746599118993,53.19741106764512,60.94915909204011
2006-01-30,472.2106806874071,52.50017289281866,61.218474034428915
2006-02-06,476.2629610516296,53.08483840840364,61.35708314660511
2006-02-13,467.82309762701124,50.812374617643236,59.60855268731964
2006-02-20,463.0013054348186,48.3622816972545,58.66306373742193
2006-02-27,465.436076223589,49.99825943622211,60.134998349636135
2006-03-06,478.7460222335681,51.0378895719159,61.459321403765976
2006-03-13,472.8587009038044,50.507963045296165,60.98830892449862
2006-03-20,478.75294151491005,52.009839317583385,62.02136053365412
2006-03-27,476.7227502679005,51.0689522169519,61.94884310840338
2006-04-03,487.3692303886092,53.44236304641079,63.988305619412664
2006-04-10,486.2226223990828,54.891083256054515,64.3986989615814
2006-04-17,,57.45506331960917,66.39713471794379
2006-04-24,511.587107871049,59.091651604198134,68.84633663675314
2006-05-01,508.03319327704077,57.89324050553928,68.35598197293059
2006-05-08,508.42258933793147,56.946390536366245,66.72978511913661
2006-05-15,510.7316481159196,56.033300191960414,65.65901226051908
2006-05-22,497.62883818329885,53.696026473675985,64.463326037113
2006-05-29,499.7416596276818,53.907412249028155,65.30417094181311
2006-06-05,499.2304233116644,54.070112506606506,65.84650520334536
2006-06-12,500.0810135398645,53.88991380067519,66.07831708057147
2006-06-19,498.6647128152071,52.98059192347737,65.94977185023836
2006-06-26,498.5821685340661,54.027263942817285,65.96247580818991
2006-07-03,503.76945567899145,56.853065150558315,67.65669237280889
2006-07-10,506.6105009971716,57.243602444305544,67.36399245068223
2006-07-17,510.9066893129499,58.2719594590302,68.18346325999755
2006-07-24,506.90670230206325,58.84743431018957,68.00170150359932
2006-07-31,504.0760845282622,58.40766839051946,66.63454628192402
2006-08-07,514.7040571270203,59.48628317131035,67.84152256774068
2006-08-14,518.4545238750511,60.222666104893186,69.76090872710081
2006-08-21,508.73969225446956,56.78188749905373,67.43174038913575
2006-08-28,512.3951104798031,56.29406859017412,68.26755494087537
2006-09-04,513.7410600997268,54.08428659817558,66.24085401053449
2006-09-11,499.392245023546,51.67982819614438,64.15302079864705
2006-09-18,475.3485914046151,49.502645112075655,59.42782814121267
2006-09-25,466.76149023710605,47.56162806486585,57.59485369331649
2006-10-02,469.1190407925674,47.61374742478533,57.249842139632186
2006-10-09,461.5879163372501,46.261156564158256,56.35841440562403
2006-10-16,462.48275197834806,46.84291025668966,58.247646872023815
2006-10-23,460.898728163259,46.53116567998726,58.21136221442852
2006-10-30,457.1497238993575,46.11462959804483,57.317374038064614
2006-11-06,443.57844737496134,44.343960163870875,54.67336689339741
2006-11-13,448.333556806633,45.05726679319326,56.547215495008274
2006-11-20,441.9814008678271,44.49939232339343,55.49523973438578
2006-11-27,437.2378541566932,45.73803545082893,55.22002890911203
2006-12-04,445.9431673277504,47.46962456198308,56.37673793215538
2006-12-11,440.8024841020006,47.678562750810215,55.92125344683416
2006-12-18,437.22432900620106,47.210568292187084,55.69124576987925
2006-12-25,,47.09445444540165,55.28900554578168
2007-01-01,,46.38622520763449,53.59255995307636
2007-01-08,419.1285141436511,43.73348515064599,51.47927365824954
2007-01-15,409.71170630741585,41.137339055203924,50.072310283441915
2007-01-22,399.4831962661029,40.3125547502688,48.886709629015805
2007-01-29,410.7817835917408,42.114970011919276,50.93319296784336
2007-02-05,416.6372939390081,43.38730958185987,52.20087604249862
2007-02-12,424.1704964031647,44.27449755295161,53.851717796821575
2007-02-19,419.00917190274987,42.93641103776427,52.64236947528684
2007-02-26,421.57999637957516,44.290612206533694,53.15452667841346
2007-03-05,431.1781766524313,45.950476872750144,55.21441313248805
2007-03-12,432.70618217702145,46.22588883984883,55.02713148525893
2007-03-19,426.8200992012589,45.75471323614746,54.24960038287825
2007-03-26,425.52395075817316,46.020921392236616,53.89996999346779
2007-04-02,444.5015421531444,49.74169098558062,57.503591476653966
2007-04-09,,51.275716792636025,58.524338942012584
2007-04-16,454.6327441523963,50.63175559090858,59.127886669175226
2007-04-23,447.37364084738186,48.523788775573564,57.32653457280098
2007-04-30,450.81171760200715,49.59338349747701,58.360285285623334
2007-05-07,456.2483216293855,48.226569952715224,58.20874484017211
2007-05-14,452.68813904698993,47.62374825730767,56.996945374937624
2007-05-21,457.97879756135626,50.24811630568323,59.109490078379835
2007-05-28,463.09601140352805,52.58106434901818,60.616799961730045
2007-06-04,457.9697318800067,51.29160589734694,59.201334980402535
2007-06-11,463.6110091083652,52.8139332979134,61.071669130172
2007-06-18,467.7159674299458,52.827928132082775,61.49837024940449
2007-06-25,473.24438196534396,53.76546913215647,62.803765764232104
2007-07-02,472.99408860564444,53.36414257731165,62.26004533345671
2007-07-09,476.784256295297,55.06156234081162,62.68165280319981
2007-07-16,483.7990044844267,56.5996223735768,63.6881311211926
2007-07-23,481.6906680999878,57.22961698214816,63.64192562267063
2007-07-30,481.6509995288184,56.07381809699564,63.06546537312289
2007-08-06,484.9377843749512,55.776187563146365,63.627296734848414
2007-08-13,474.83275728352316,51.59504630111635,60.51568523576357
2007-08-20,477.6852943589611,51.81976063320137,62.20235391492686
2007-08-27,473.0094165001062,50.6764040918186,61.03502209012032
2007-09-03,478.5612383634627,51.83889974341306,62.219941201555706
2007-09-10,490.1931490912391,54.765467214612706,64.53753532248527
2007-09-17,505.119346782631,55.680389381474036,66.50078129837286
2007-09-24,511.0051863637956,55.9306081091958,67.4990880555415
2007-10-01,507.4447924178424,55.26317791256427,66.66922404686527
2007-10-08,500.9248542262688,55.50259653542948,64.84938746873755
2007-10-15,502.8724245911886,55.84424968851779,65.04211871901242
2007-10-22,511.84038723561326,59.39938064159027,68.40533193057006
2007-10-29,523.5639970562789,59.74621210659758,69.11774034581386
2007-11-05,540.4463947291638,62.35524757577017,72.83947543163998
2007-11-12,566.7938607517402,63.74185698232943,76.1095732317453
2007-11-19,566.1200258086881,62.355344123298096,74.6409932781837
2007-11-26,581.0143505802298,63.846809052357514,76.58979120292706
2007-12-03,577.5868814029428,62.13679145077757,75.21725710971666
2007-12-10,556.8035360453986,60.94179169845044,72.17647347293679
2007-12-17,562.8070396001172,62.09829125137553,73.64935956596752
2007-12-24,,63.62479475043582,76.23981776560137
2007-12-31,,64.66876485529568,77.62785689194223
2008-01-07,583.0784567663186,65.36423351078523,77.66146443789384
2008-01-14,569.4782866754958,63.30482402028215,75.59617429003445
2008-01-21,553.8899874703397,61.33157385215363,72.38200071795578
2008-01-28,547.5273915331734,60.59255043855793,71.61872135577195
2008-02-04,552.2482233325063,62.00383089681327,72.81366234272441
2008-02-11,547.5033357487699,61.32366943766236,73.11067296391826
2008-02-18,581.4522590717,64.43363815565472,77.91937061105853
2008-02-25,603.0926832600594,65.87826769288196,80.1246242658087
2008-03-03,598.5446348913725,66.00953257211226,80.59068226604977
2008-03-10,612.5558672003447,66.17911599517481,83.47117733955865
2008-03-17,621.0573202839382,68.7148140135662,85.14653899056611
2008-03-24,,65.81042186182171,81.73077490184453
2008-03-31,604.7030554851156,65.53924780690352,80.64509039406795
2008-04-07,605.2031682004567,65.18913711128195,81.14153968710279
2008-04-14,636.1239280685029,68.19130041597796,86.39647124836058
2008-04-21,644.900589848132,70.50316695014509,87.98939425550431
2008-04-28,656.4850534695721,72.80680065513204,91.0145554155551
2008-05-05,667.8163039724225,72.57056549862327,92.768695637015
2008-05-12,696.8064297144823,77.85963777751616,98.83724670476813
2008-05-19,727.9997671871597,78.78339995274574,103.87724340793048
2008-05-26,748.7494647973905,81.5097886606206,106.87926677327451
2008-06-02,749.056056971306,81.97980050354765,106.58440743856417
2008-06-09,724.0746320157356,81.75602348494738,102.34026863209597
2008-06-16,771.2654003004254,86.58648495776274,109.44502339699753
2008-06-23,757.4860473629162,85.41659935054956,106.80145924966091
2008-06-30,750.543951992944,87.4217649377307,106.59481750090258
2008-07-07,773.8115204367487,90.47307984400422,109.77522090399302
2008-07-14,762.063450367395,88.69658405381878,107.1833967616501
2008-07-21,756.1459177732182,85.1165879815632,106.06703055880459
2008-07-28,728.0795991961977,80.47154976414961,100.5061193733205
2008-08-04,716.3245311553756,79.40514453724657,97.88299400865722
2008-08-11,682.7541209429196,75.67635508252577,92.71617544276855
2008-08-18,678.679593278887,74.93183162319093,91.64611302186685
2008-08-25,688.0138971789272,76.45222940750328,93.05284033435917
2008-09-01,691.5265583960659,76.85057331381397,94.33560451878813
2008-09-08,675.7910634983554,72.94603937803775,90.56519634585257
2008-09-15,667.5289146809257,69.31920530411102,89.19853449803031
2008-09-22,648.6117704353094,64.8319434079297,83.98208182247075
2008-09-29,673.5241237279905,69.8348578601101,89.01374670237783
2008-10-06,668.6497552682914,65.8219290766565,86.84376449779523
2008-10-13,619.5305877208908,59.91634699223787,79.66769288609557
2008-10-20,571.2107219375137,52.98258583732049,70.5616129925866
2008-10-27,571.1510507398236,50.50599829026333,69.21569723311386
2008-11-03,561.8167844821207,48.71882626268074,66.90597840275662
2008-11-10,554.9032133780012,47.059927901362734,67.5038533651397
2008-11-17,519.3895865647388,42.52076476681417,63.98834114914547
2008-11-24,482.58657803759144,38.30835990702949,58.501232791663256
2008-12-01,463.25295153814983,39.447652059399864,56.24508151488766
2008-12-08,431.727652973553,34.174035118608984,50.52234055500899
2008-12-15,410.1784021130736,33.41569900010383,45.13127134839756
2008-12-22,,30.49730787311763,44.48787307245086
2008-12-29,,25.79648660578324,39.76582976839826
2009-01-05,381.0856340011498,29.652864832535535,40.13348204965725
2009-01-12,429.0840572309412,34.05874328718119,47.97129773393142
2009-01-19,427.1289590454643,33.45680681190858,46.97328389788674
2009-01-26,414.3717101387493,33.90234210222503,44.5053380408102
2009-02-02,410.1279653173337,33.900971548254894,45.63898629092434
2009-02-09,403.1602873149891,34.87941866880193,43.93448398069658
2009-02-16,397.0685643720142,34.39759442044071,43.67000139965056
2009-02-23,369.9040933965511,32.01179925144253,39.78923175453796
2009-03-02,369.61207800118865,33.76250919522265,40.35589258429986
2009-03-09,361.46412955983374,35.04645048199205,39.26424068375614
2009-03-16,356.1846229414988,34.22209672277991,39.58152661709964
2009-03-23,368.5773804868336,35.60910419728896,41.217707391473496
2009-03-30,394.4401653287794,38.2540562019182,46.198989674357655
2009-04-06,389.73023450126806,37.64505500153433,43.71876701478419
2009-04-13,,39.70329103723809,45.09825560589304
2009-04-20,389.83175441955206,39.31533271698031,45.78681218452289
2009-04-27,376.8345056334616,37.91651504330473,44.04300039464804
2009-05-04,372.0509292384687,37.47594168059406,43.48442559875716
2009-05-11,392.7166987970466,41.288250290961955,46.3826197003291
2009-05-18,391.1200513010671,41.809747651014916,46.968759764605
2009-05-25,387.49887545661045,42.83173247739003,46.33431636818496
2009-06-01,388.92435103443876,44.112068620379226,47.58839791341601
2009-06-08,408.9661967986857,47.54671838757306,52.055778742575924
2009-06-15,427.85991996879125,50.05588382730343,53.93664258431522
2009-06-22,442.3043104846544,49.82575167292461,56.28042560568581
2009-06-29,433.22815205520465,48.380946856670114,53.60366281048531
2009-07-06,426.82158656289573,47.934593054950184,52.58509792771322
2009-07-13,403.8196751679031,43.69513718868866,47.7526830636623
2009-07-20,407.9608477960317,44.28436712486994,48.16450872507145
2009-07-27,422.14470701323825,47.21662499398625,52.39544494137546
2009-08-03,428.55538128113193,48.44207628282733,53.50890614835633
2009-08-10,443.8686888205527,51.53703000409538,56.440328617707486
2009-08-17,449.05757010669777,51.058572413265985,56.66790499846395
2009-08-24,449.6930898829087,50.97392538336637,55.97011295835493
2009-08-31,440.51994364143326,50.297358309524746,55.86891692704609
2009-09-07,429.16753894738963,47.22640873014499,52.204197051737154
2009-09-14,426.68986448504245,47.30752210010868,52.23538112157614
2009-09-21,426.2190119561503,47.2145925918736,51.8292061569721
2009-09-28,418.7799364974414,45.29739916088541,50.473764988002586
2009-10-05,426.2826876752799,45.63047493266161,50.63238786194596
2009-10-12,426.6118783516549,46.45019647997351,51.35590172322562
2009-10-19,443.089050417503,49.32585040830385,54.50071283688286
2009-10-26,463.6784069848605,51.53213932210692,57.69455647972306
2009-11-02,459.49527840245304,51.3844729849097,57.646770670204816
2009-11-09,457.8581934334579,51.93730707282862,56.981633160693505
2009-11-16,452.82371902524056,51.339569374510674,56.07822130984274
2009-11-23,452.92151063505094,52.041444886041816,56.44962522526902
2009-11-30,443.9139730164693,51.049127491197034,54.699668322621946
2009-12-07,444.4689311771476,51.86130304588892,55.655825713786854
2009-12-14,440.1596669365461,49.74914637301246,54.49322825286346
2009-12-21,449.1080560943952,50.04761028979847,55.11810020369679
2009-12-28,,51.64043916710732,56.52647932610854
2010-01-04,472.3660658181543,53.752643598173016,59.308954005011415
2010-01-11,490.30091730483423,56.213538969894444,61.52431753207353
2010-01-18,482.02570317456536,53.86298011207025,59.71172102540858
2010-01-25,472.9461198844097,52.678287767643894,57.984004426170735
2010-02-01,463.4184662639073,51.26316951163691,56.72702313663907
2010-02-08,471.9626317170426,52.800291926743554,57.68294061386824
2010-02-15,470.6832948102808,52.47851872098643,56.4466656866649
2010-02-22,481.9608421488566,55.390180592601986,60.41949072915698
2010-03-01,496.32424850651626,56.63088331915792,62.195153617490426
2010-03-08,499.10316297703145,57.35425780466568,63.40909995496554
2010-03-15,508.5543942101348,58.1828113044284,64.79589148541012
2010-03-22,515.29582467482,58.31065353256334,65.5086261848551
2010-03-29,517.3220453008397,58.828171834357704,66.50614496601625
2010-04-05,,60.75899408555269,68.61022864609275
2010-04-12,542.7316491899164,63.441852399873184,71.74572660838498
2010-04-19,539.6988467504091,62.661995262044684,70.14282761558191
2010-04-26,541.7631918883657,63.16927522589399,70.48610686951386
2010-05-03,554.1439305041315,64.27779697484654,73.15407101175406
2010-05-10,554.3915255721604,64.02618512226142,73.21305765578099
2010-05-17,550.923576408083,63.14484998524777,71.98044027988131
2010-05-24,526.4958096836716,58.04764083049762,67.26222136873238
2010-05-31,524.1234791309638,58.09307295912763,67.16931487830865
2010-06-07,531.7638195144284,60.12965814344501,70.15868401400196
2010-06-14,541.4793673358583,60.90139654169718,70.77357765971396
2010-06-21,550.4800061542059,61.96522102834534,72.73198376685266
2010-06-28,546.9514059736638,61.82718694736061,73.1627405754146
2010-07-05,529.8104636778963,59.523195556015864,69.56103007094202
2010-07-12,521.5479791961909,57.80262890451901,66.88552854898315
2010-07-19,523.0701786328548,58.59251359747899,67.8069857900571
2010-07-26,515.393701885146,58.83514340508607,67.58653315575569
2010-08-02,513.3495768709715,58.83244777328569,66.75421523837
2010-08-09,533.2667387663791,61.86292946430702,69.83656211843417
2010-08-16,522.3708550961628,59.57446034994744,68.20198039587157
2010-08-23,519.3602839643871,58.43054206207732,66.8677456216045
2010-08-30,516.2495712236555,58.0106056617593,66.68516267637958
2010-09-06,520.9374453740335,59.15577256716638,67.59399812108936
2010-09-13,532.3844373642034,60.37153498152678,69.15831078265356
2010-09-20,535.4706766447415,60.20682427532129,69.48621990752137
2010-09-27,527.4958203153728,58.62413049919661,68.54040032164828
2010-10-04,532.5386326577451,58.880567954025445,68.4375684618731
2010-10-11,540.5239747423439,60.36250139936317,70.33083103669864
2010-10-18,543.2111134415771,59.66227844413462,69.42651196980002
2010-10-25,539.6257738303685,58.952760835824996,68.26159732727717
2010-11-01,,59.4750600985318,68.20571155560745
2010-11-08,541.2351201581108,61.38299423577723,69.27280269537724
2010-11-15,557.8734363913237,63.67883403568042,72.92186132963268
2010-11-22,546.5604989295223,62.00069947758694,71.18985700371124
2010-11-29,555.2640544762256,63.05939614985944,71.71515115010581
2010-12-06,575.6830857799254,67.01539437768152,75.71446779389953
2010-12-13,587.073089104658,68.32099000167426,77.14232864359565
2010-12-20,589.4864206889789,68.5869583709575,77.64043498516713
2010-12-27,,71.03299135353645,79.65099290563629
2011-01-03,604.4586524729541,70.63178640475263,78.52565775396963
2011-01-10,602.6064977907051,71.51405354503734,79.39647790363838
2011-01-17,618.7757041421343,73.65085965902986,81.55597421728321
2011-01-24,619.5399320478672,72.0493460782296,81.34183130412177
2011-01-31,611.4249757275837,70.6847461681979,79.99633514535509
2011-02-07,627.8064080353058,73.49261917522612,83.21328326555704
2011-02-14,634.39957737231,73.84167914360144,83.91509244099926
2011-02-21,646.3322604685168,75.44629496697802,85.99174555422816
2011-02-28,664.4233093282793,79.907431042027,88.58910942442228
2011-03-07,690.3258108719929,82.71901483652053,92.24611870848005
2011-03-14,693.5845651003092,82.06193275199966,93.12299053185725
2011-03-21,687.7241122691073,79.97057434782418,92.4375895882891
2011-03-28,692.5318845192899,81.4797372757816,93.34728088801428
2011-04-04,691.6687816080679,82.1882249371937,93.71787354233861
2011-04-11,703.9129712966645,85.70120174767933,96.40363223254892
2011-04-18,697.0472813742289,84.89595495530602,95.82664892587499
2011-04-25,,85.32597952228684,94.0717496853853
2011-05-02,690.6121303821199,84.79385149220487,93.49992092676791
2011-05-09,669.3160016674258,80.0651225823722,90.20533083055803
2011-05-16,654.6894822872387,80.23775239387831,87.48505162189417
2011-05-23,643.8718537488539,78.56768246528927,86.11826325532937
2011-05-30,645.5910456358074,80.34288954170798,88.1569589019437
2011-06-06,659.1231006378708,80.06484961098083,88.68040855063535
2011-06-13,656.5361367556923,80.56391280614847,89.28177667215553
2011-06-20,670.7821171817985,81.0330371867574,91.0570184687936
2011-06-27,640.2962862806085,77.184268688931,85.38797405696548
2011-07-04,638.9993357032681,76.32868961113778,84.30051284079988
2011-07-11,652.7511891894729,79.94919974613006,87.80253040407068
2011-07-18,684.5173994522919,83.07928302410055,92.50492268848568
2011-07-25,684.8755160969381,82.46667021446014,92.17398394878008
2011-08-01,676.1112432295756,81.4382536025869,91.14725033197239
2011-08-08,671.9214678209984,78.9338579785632,89.52585545988175
2011-08-15,,74.1310667480719,84.52059736100725
2011-08-22,652.3382827551385,75.88167509790826,86.16504268697713
2011-08-29,658.1133879232419,76.67478858530203,87.25262387989933
2011-09-05,671.0948386673001,79.98647237844798,90.41014275236344
2011-09-12,675.3033638943587,82.51238680227985,91.49976036478571
2011-09-19,677.1953716763722,83.02468322679566,91.62316708949888
2011-09-26,680.4234638794978,82.43888609110495,91.38316640500533
2011-10-03,668.6146231717696,79.29478734772519,89.14423144876382
2011-10-10,669.4041132647304,78.12553475362101,88.32070355203338
2011-10-17,682.5207013248213,80.8590751655404,90.36725247941425
2011-10-24,697.4340170390248,80.26395268075397,92.12110962147237
2011-10-31,699.7019943204008,79.8162086446294,91.97808105307872
2011-11-07,702.3266275572174,80.02107392683294,93.14314450762569
2011-11-14,713.9774443132507,82.99498400915905,97.62979612764684
2011-11-21,728.5174654029981,81.57242357213832,98.06072323276643
2011-11-28,717.6816866830068,80.22339737361732,95.11680561085048
2011-12-05,718.9502967780652,82.43415010642461,95.87649890603312
2011-12-12,713.063906559008,81.45017455505278,95.5774935718517
2011-12-19,703.8210685846851,80.9168896737984,93.93743872514061
2011-12-26,,82.64052254581983,93.45209813795665
2012-01-02,,83.58254306745391,95.18603725935209
2012-01-09,722.744032228516,86.60393628332966,99.50654499232925
2012-01-16,740.2248741902603,87.64392174653287,101.79070649349663
2012-01-23,727.0146463713573,86.21968854240886,99.11716165081639
2012-01-30,714.4627439282594,84.1199063255261,96.86962587360824
2012-02-06,720.8452401942009,84.95336812650064,97.48505869972631
2012-02-13,752.0739803272254,88.81436134747392,101.00958760451496
2012-02-20,762.3690755328005,91.17418101203154,102.38043836053704
2012-02-27,762.6341143658238,93.13783541915771,103.24963424121597
2012-03-05,750.8009755537734,93.25477560768027,102.32824315853013
2012-03-12,753.2100693978563,94.50517581082262,103.91880951956482
2012-03-19,769.2271769168873,95.60776735191396,106.01932879524342
2012-03-26,759.7946236895034,94.31227897956293,104.5394650529903
2012-04-02,752.2056518973212,93.75813229528202,103.11000410546735
2012-04-09,,94.0376798048095,103.77282317819031
2012-04-16,746.1366599686095,92.44264136939151,102.36458008825363
2012-04-23,742.3517613453141,89.94397547884648,101.64056112509607
2012-04-30,743.0013723889153,90.23644753852388,101.90837349585118
2012-05-07,743.5080360498914,89.02081070933211,101.31006324421493
2012-05-14,723.1032145110132,86.78705725451634,98.75993954749929
2012-05-21,718.3120515808256,86.10442148956844,97.49824988851559
2012-05-28,713.4671227638702,85.95154447208466,96.79335499387965
2012-06-04,709.261367057191,83.55262017443383,95.53341516195701
2012-06-11,683.1317111465545,79.38315302081013,91.46509620908799
2012-06-18,682.5951536659901,77.18044206256526,90.86526527346705
2012-06-25,673.4646668346447,73.30102809204405,88.67726758048677
2012-07-02,671.1846566136509,74.2013789447064,88.62302436900765
2012-07-09,699.5317795333968,79.17328719084995,94.02592427971112
2012-07-16,710.2598540124628,81.89611419953553,96.04461236402344
2012-07-23,731.0896135623013,86.7724303683273,99.46940091604435
2012-07-30,729.1227311650874,86.71024259034401,98.94000115624618
2012-08-06,725.7851456865569,87.19899616298544,99.88803779038683
2012-08-13,742.8148051077861,90.9118663133128,103.41770323705774
2012-08-20,763.047049682603,93.46826080381591,105.56462689181595
2012-08-27,769.9824985384836,92.65240937053599,106.31832549540263
2012-09-03,761.9071169720223,90.80834410020255,105.4935540629385
2012-09-10,762.2139773517902,90.26415526244526,105.42302402908513
2012-09-17,759.5400604352443,89.60813303544978,103.96240378638117
2012-09-24,741.5269929699808,85.85021680541745,100.96941175252503
2012-10-01,748.4812057650297,86.63171487740814,101.46996130191982
2012-10-08,754.8053686195791,85.8349414309529,101.45565599685449
2012-10-15,777.5920100982783,88.42378684464147,105.01136145741543
2012-10-22,761.8977545368853,87.3550113181629,102.86481491928025
2012-10-29,749.0942208519358,84.53954627702316,99.73973374332655
2012-11-05,752.0398895915802,84.28393109383286,99.01811688901748
2012-11-12,745.3150869942648,84.78740710901859,97.71925638174889
2012-11-19,732.5280583309221,85.34742565569177,97.80812382444017
2012-11-26,740.2321872396601,86.83874180295734,99.20970775367019
2012-12-03,729.0514882595205,85.71832989856728,97.83660740278407
2012-12-10,715.9803908385254,83.38151910766115,95.59067541227117
2012-12-17,707.8375990481901,82.93437873239871,93.79264672967656
2012-12-24,,83.67412441314254,94.8506431812718
2012-12-31,,83.82670914424855,94.97420907879602
2013-01-07,706.1110349295118,85.14778725549711,95.35062350125186
2013-01-14,715.3697765343492,84.69967230122113,96.31994706095642
2013-01-21,712.265104648562,83.82281189992656,96.33134892197228
2013-01-28,713.0450106199042,85.44205084478656,97.58731031465962
2013-02-04,717.1671280574058,85.46909567188122,98.15345002607164
2013-02-11,724.8066659040492,86.64870644557368,101.16884597381403
2013-02-18,736.0961441994582,88.7439240858838,101.81083535025031
2013-02-25,733.2142106902708,87.60538266363031,100.44555600165813
2013-03-04,722.007457090029,86.05892889859618,97.4704478551776
2013-03-11,710.5712840743561,84.92794285906915,95.43289532705225
2013-03-18,707.6540670873948,83.87253697129725,94.74019716925028
2013-03-25,698.7637930622783,83.41175441635947,93.7184510066712
2013-04-01,713.3115148458937,84.96721217346911,95.25018696468035
2013-04-08,715.5522007041661,83.32023400214457,94.4739108669292
2013-04-15,681.4275201420431,79.70005773471648,90.16257926386344
2013-04-22,649.9923529595759,75.4494756221417,85.74967575065031
2013-04-29,662.9891044484349,77.82232011901036,87.51763525786313
2013-05-06,658.5790248734445,77.94079372644183,86.40676159618994
2013-05-13,663.5667897779266,79.86545886283045,88.99069769246839
2013-05-20,661.5761380749574,80.13428850516644,89.93761799379575
2013-05-27,668.2828243441609,79.7517197660552,90.20090314845015
2013-06-03,669.3880215387003,78.81148619338077,89.2909388593092
2013-06-10,658.5304258030491,78.33037582798869,88.44134112850386
2013-06-17,653.6421101383012,77.85586453409469,88.0024847321238
2013-06-24,662.2150030629714,78.28141180618634,89.44576572315877
2013-07-01,660.8249779906021,77.98744747008327,89.76393726739289
2013-07-08,673.9153281659031,81.0858175635578,92.94629631222696
2013-07-15,691.1148952718588,83.1985670178847,94.68372044884704
2013-07-22,683.893877298563,83.01155604757133,94.54583919770322
2013-07-29,680.4541081360217,82.13964369650648,92.97287504118532
2013-08-05,672.8084831203341,81.9477437054247,92.8978083405418
2013-08-12,668.9461066275685,80.73387684328559,91.50111326398215
2013-08-19,679.6378624387273,82.72146802440764,93.70974958586568
2013-08-26,684.5087932300925,83.24478011858908,94.45910066526254
2013-09-02,708.5775697730007,86.92060211314295,97.33933210364305
2013-09-09,711.9091662098656,87.3996312799377,98.24061094521795
2013-09-16,700.8548249285778,84.53536034954173,95.81904651291816
2013-09-23,684.7067349709315,81.93259922654104,92.99834330266336
2013-09-30,672.953004609171,80.95709981319199,91.30719669973581
2013-10-07,674.2347772697989,80.25966035427862,90.97528238038456
2013-10-14,679.4669939350761,81.44776252583475,92.5800667184105
2013-10-21,678.6170923052673,81.04201873414766,92.68248209463071
2013-10-28,666.6728136583814,78.86730760496462,90.19275800092333
2013-11-04,667.4418798819415,79.47866925690042,91.28409399461546
2013-11-11,661.2106904247953,77.6954506417956,89.75873620962548
2013-11-18,658.5436664824556,79.68440875670386,90.44384096703457
2013-11-25,663.1287169551294,80.92332927176399,91.42563338942034
2013-12-02,676.5653123423136,82.29944047981823,93.18869857733367
2013-12-09,677.7774098373221,82.01832031445,93.17102756657525
2013-12-16,667.2758228093575,79.15987076668114,90.75079944945644
2013-12-23,,79.99420968771867,91.38576779243621
2013-12-30,,81.83152730389796,93.0104850802521
2014-01-06,683.1278543848043,79.76664693483515,91.49361082049614
2014-01-13,665.668387259298,78.40229406774972,89.75582734517543
2014-01-20,662.1990605182569,77.93815692824708,89.68145437849981
2014-01-27,667.4114278223248,79.87830152060917,90.68095834086373
2014-02-03,667.3411137844168,79.51087899420065,90.79819285360699
2014-02-10,666.1406159738343,78.79499054041902,89.86985933869897
2014-02-17,669.5608590004177,79.60754682915771,90.64405556353266
2014-02-24,671.1548746027198,80.1771395750307,91.31166327951708
2014-03-03,667.1055581958013,79.80961437992809,90.51479066115505
2014-03-10,662.5552327803837,78.91719987652259,89.50909758919688
2014-03-17,651.0453444672813,77.64533670269523,87.478339341348
2014-03-24,648.6282578958068,76.74930212348458,86.49898786428878
2014-03-31,655.4159942131192,77.44039737712271,87.56702875688605
2014-04-07,652.378680211435,76.6118329163465,86.71094901662967
2014-04-14,652.6631721298577,77.05192045660156,87.19932953735535
2014-04-21,,79.04869268666573,89.66876952434775
2014-04-28,659.9418246306825,79.3371121723053,89.7454157443386
2014-05-05,656.1464151268297,78.34887994447072,88.22571181798106
2014-05-12,648.0811156457557,77.58826038899228,87.46096946099769
2014-05-19,658.1588210390762,79.70049537175943,89.3319479084648
2014-05-26,661.3220623539745,81.45530552965305,89.667903265862
2014-06-02,659.636037251633,81.52680246718276,89.2486587671022
2014-06-09,649.3472197211993,79.98297593786495,87.32657649723068
2014-06-16,656.3088085266942,81.97359551408309,88.93373900368343
2014-06-23,670.7025915046501,83.89909597014778,92.29629556431678
2014-06-30,673.2433929044479,83.24135578319088,91.55892177139212
2014-07-07,661.0352790049193,81.07635743070541,89.33232097106448
2014-07-14,649.8549257797108,79.02949792370953,87.54478791355992
2014-07-21,649.3803133749965,78.17412545893895,87.35089499837589
2014-07-28,652.606040997396,78.85347150065664,88.35239661234873
2014-08-04,659.4873972962502,78.1710899948686,89.12773294443085
2014-08-11,656.9532432155672,77.7212265043178,88.07669532305391
2014-08-18,654.4536421508848,76.52350886331364,87.93937262644457
2014-08-25,648.7559656591922,75.40039389559539,86.67892392128174
2014-09-01,654.2016304095999,76.43758425051877,88.1253106676755
2014-09-08,655.3503452825258,77.07550262400147,88.42117736096175
2014-09-15,654.1692007017967,75.6700151572411,87.09803155952822
2014-09-22,648.9802219108874,75.09928499558103,86.42109879680547
2014-09-29,641.3965916288532,74.46017074073471,85.38087377063012
2014-10-06,643.7294476112288,73.88233416064597,85.01414251010667
2014-10-13,623.6648829979829,71.34345851462221,81.80993917467352
2014-10-20,601.1114141249099,66.99041965123153,77.9475657751075
2014-10-27,599.9952664754369,66.88094806662409,78.04588337263428
2014-11-03,600.6681901477394,67.27674342478208,79.17362980020931
2014-11-10,598.8334497099164,66.24155608738084,79.07481090900617
2014-11-17,597.6726510754796,63.36566407801172,77.53108934221129
2014-11-24,579.6699507789677,62.22617471489425,75.16298054804206
2014-12-01,570.78393890721,59.68857464374754,73.21274523439197
2014-12-08,541.8400523583189,56.576208153288135,68.7441353116695
2014-12-15,517.6222633384064,51.48319061136107,63.621826862096235
2014-12-22,,48.44102495951005,59.75777430094403
2014-12-29,,48.11191772545216,60.03747137937711
2015-01-05,489.33615933179243,46.15827113558224,57.85552334649846
2015-01-12,455.8375348863242,42.560322479507704,54.60829423577151
2015-01-19,437.4783123800829,40.01913043426231,53.477180353432324
2015-01-26,446.9316981366641,40.329721961297636,55.560021554720514
2015-02-02,456.562908858314,41.699006813165546,56.62016599228732
2015-02-09,495.49958608988345,48.45891575780198,63.31219152901356
2015-02-16,511.3800986575163,50.04102761652546,66.54241528714647
2015-02-23,524.3127054725953,52.496586117684686,68.24744702923654
2015-03-02,523.7123558178587,53.111892457565,69.52145497114995
2015-03-09,530.2910910488024,54.50627419834509,70.7269974863775
2015-03-16,527.0659868223225,52.857227131333914,70.08001584121072
2015-03-23,505.742236961515,49.30813053630347,64.90082346862184
2015-03-30,505.9322553848239,49.91167421215541,65.51825366951269
2015-04-06,,50.289480000153006,64.90603142774516
2015-04-13,510.3170479670244,52.691312302852204,66.59987135957128
2015-04-20,529.5702271825274,55.69237963546482,70.35259471956998
2015-04-27,533.6335223379301,57.010032116352626,72.01344424202837
2015-05-04,519.1468985077178,57.58471901724049,71.88223154637822
2015-05-11,528.210557088324,58.13606396218802,72.90251181491827
2015-05-18,520.0360677456121,57.88498115202189,71.72650922642988
2015-05-25,521.3299010521524,57.93085123451026,72.50607632147023
2015-06-01,521.8554660969172,57.39551494924531,72.0378278788559
2015-06-08,511.0591779112208,56.45227328109537,70.10673108892207
2015-06-15,510.1283297837402,56.14088805294705,69.90593491849279
2015-06-22,504.6261403521321,54.71768800874061,68.85070497931375
2015-06-29,504.46043933490307,55.09991774865362,68.99400740080209
2015-07-06,501.6138347092949,54.475765413532244,68.61041700474986
2015-07-13,478.6595246830451,51.32909376883216,64.40813936091982
2015-07-20,479.8075839399804,51.95682182949779,64.43957275544494
2015-07-27,468.46540761183235,50.414716904557416,62.66787588340069
2015-08-03,453.3054860336362,47.248864353606315,60.16437943592238
2015-08-10,447.3876375196158,44.728462183400204,57.88772536271669
2015-08-17,444.0011599841293,43.88867746066247,57.389826903827085
2015-08-24,437.49339143131,41.152832822640065,55.68675759550306
2015-08-31,412.8095669601674,38.37203604361274,52.17915888618461
2015-09-07,440.90323048785865,44.12596223904316,58.04507984533492
2015-09-14,444.93721811584294,42.19392224279663,56.66124057669722
2015-09-21,431.6409427072285,41.22071809705032,55.30478871528305
2015-09-28,436.6295799342498,41.725983243543645,55.99031382547074
2015-10-05,429.5781453122944,41.735462863687104,55.20847246498225
2015-10-12,443.25981434208103,45.42777572207787,57.43246370867657
2015-10-19,437.5612872754427,42.78756773156324,54.22538096737374
2015-10-26,433.26354795692276,41.441267626467706,53.201140791552234
2015-11-02,435.2588599995343,42.16328260823023,54.523163630935336
2015-11-09,454.73942809053995,43.65303041826229,56.161817454327846
2015-11-16,449.16715534145857,41.37959057464756,55.008376464969174
2015-11-23,435.117577616687,39.48647535961153,53.20414457384953
2015-11-30,434.68028308201707,41.19833813637473,54.02830740897033
2015-12-07,414.13701523506006,39.75962289210029,50.29748510961226
2015-12-14,384.4003134737285,35.782155800771704,44.534257190175936
2015-12-21,,33.117307696811146,41.757520565008335
2015-12-28,,32.68287222971469,41.25669935129336
2016-01-04,359.3608599519772,32.6976139828616,40.933108506312806
2016-01-11,355.4756875464234,31.230908694477943,39.297803276244245
2016-01-18,329.9935833207072,26.557404450763066,35.299466627805096
2016-01-25,307.6819046281155,25.849582942970926,32.95065986256953
2016-02-01,324.46812326639764,28.788724925736325,36.17521850338904
2016-02-08,330.101104046076,30.475800292518066,36.74759664929318
2016-02-15,318.87578001565004,27.94114056927553,34.72480720613627
2016-02-22,329.6885062203436,29.76769310004162,37.86169476410474
2016-02-29,332.3536546817248,30.82765654706832,37.969051248261756
2016-03-07,344.68385348624145,33.69309360537909,40.54578883397769
2016-03-14,370.4243855205219,35.752367374134785,43.88064165425071
2016-03-21,367.1163787864136,35.16761301305746,43.68765614654809
2016-03-28,,35.783325432036726,43.90733163048169
2016-04-04,358.23272299321155,34.15770342943864,41.219118797648264
2016-04-11,342.8436158568633,33.81636092770213,38.95225563859266
2016-04-18,369.8337179234194,37.55677991842348,43.64304265991657
2016-04-25,374.7949730796606,38.39405500302568,45.80391062842108
2016-05-02,393.76057230554113,40.08864761970756,47.90753628223155
2016-05-09,373.82480801788927,39.04729822843776,46.82825225084573
2016-05-16,376.33787612813285,40.3659772529716,47.716270111389555
2016-05-23,403.7217639889769,42.957196673775584,52.09763784147788
2016-05-30,416.6077962055795,43.76990565360403,53.698919260999844
2016-06-06,412.7458316594721,43.67613934215278,53.847002980607996
2016-06-13,412.74893867635035,44.04089857312188,54.185547502124564
2016-06-20,406.2682027502176,41.97295337426833,52.39628155226884
2016-06-27,407.1582132766296,43.16183752542364,53.1320396745442
2016-07-04,406.3951272641494,43.230295717574556,52.741759063844164
2016-07-11,398.09850213342463,41.81152850732131,50.81496723630444
2016-07-18,391.8299216354868,41.240695999357214,49.64143148502472
2016-07-25,387.1981758149444,40.99810047782801,49.4392277022805
2016-08-01,373.5804028207687,38.186956741095536,46.23740783350543
2016-08-08,357.28556734912956,37.68535093151205,43.81408696942652
2016-08-15,376.69788073845825,39.7488248824245,46.84806936174958
2016-08-22,396.5638324830035,43.29711763165005,51.563456352628705
2016-08-29,404.4998475736348,43.15764235968466,52.05025802711126
2016-09-05,399.7143834295063,41.77271247934922,50.1787120482678
2016-09-12,393.06608476572933,42.15367135077717,49.804136296800664
2016-09-19,390.2977287856234,40.63510286956748,49.633369077413576
2016-09-26,392.92638757616044,40.54035945499807,50.51416478178826
2016-10-03,396.02956756168186,41.63325615509411,51.30963503461135
2016-10-10,423.32488077977985,44.81105064228683,55.37050163132341
2016-10-17,452.69115412634864,45.8760960909331,56.93531072428048
2016-10-24,456.67660525172306,45.78413055141787,56.88825707137346
2016-10-31,454.29766193836946,44.49498103807402,57.03002600761696
2016-11-07,434.25519594579026,42.14427037860512,51.93856700958315
2016-11-14,422.08917111690135,41.127696164127045,51.09228726638192
2016-11-21,427.1916013363245,42.45670834609211,52.583883728177284
2016-11-28,447.32108525651336,45.301106690509144,56.21647490289945
2016-12-05,452.52491085694095,47.05976033962209,57.1826770217731
2016-12-12,467.1580709295335,49.614584928568924,59.291204249152486
2016-12-19,481.83715438587706,51.22836507470944,61.67399670841752
2016-12-26,,52.14916043656414,62.84335524635994
2017-01-02,498.02607246263926,52.761417808432135,63.939977550308605
2017-01-09,496.4248739032269,53.282260729971334,63.17216718068814
2017-01-16,490.21628821404903,51.37266339977988,61.08637651704239
2017-01-23,487.36957054663225,51.044084016728405,61.328828636428625
2017-01-30,487.6786317285967,51.208500236682895,61.18372109711358
2017-02-06,488.22684558303774,51.68893142969233,61.81493018892296
2017-02-13,489.75103615334586,51.493786761718695,61.69017121670926
2017-02-20,492.10039613751866,51.90471528415721,62.39064095494541
2017-02-27,494.44734292225866,52.83399175249458,63.151032229663485
2017-03-06,494.4954606670678,52.260647774873426,62.354144296623964
2017-03-13,485.91651115718213,50.06424980681173,60.3305559547798
2017-03-20,463.32593348185696,47.808951890739486,57.03490685943702
2017-03-27,455.1383145855413,46.72799235941524,56.27888343771828
2017-04-03,458.3915052353203,47.89432062230076,57.85873121675017
2017-04-10,475.19443292231654,50.17272876145813,60.59611837245906
2017-04-17,,51.724801629011594,62.6394355006684
2017-04-24,477.88039661046895,49.37245882531028,60.79326065556982
2017-05-01,463.4002151942029,46.86217927614618,56.80737159746367
2017-05-08,430.27375311171863,45.340346200731155,53.94147820123161
2017-05-15,426.39865630587207,45.38196312110763,54.3052878259002
2017-05-22,430.5101513047955,46.60928904278679,56.13975439817416
2017-05-29,437.50843597937876,46.928381382530176,56.94641708755266
2017-06-05,426.6462281349603,44.96285041097828,54.10519382677809
2017-06-12,406.81374127797653,42.72536139797276,50.92020066077664
2017-06-19,406.3285449854968,41.76645579853914,50.755785682194706
2017-06-26,399.0035341800035,40.43986915308141,49.9487605416967
2017-07-03,401.3950207535986,41.06581155946124,50.48064216967036
2017-07-10,413.4677404387024,42.23194924035786,52.37825143378866
2017-07-17,407.6405043363035,41.55243183586943,51.53849529336817
2017-07-24,409.4601013816639,41.68034121041639,52.679570829054924
2017-07-31,411.4919692302154,43.035738916958984,53.89139666269798
2017-08-07,420.8023179587845,43.68765421048047,55.547936834357145
2017-08-14,419.89912645704896,43.95344831526147,54.98565834912277
2017-08-21,415.9616874019657,43.15253511850552,54.028155665707786
2017-08-28,414.18540707629523,43.553587629774796,54.263438388743076
2017-09-04,421.0826498196695,43.252642424190654,55.92320733064416
2017-09-11,437.3051580495501,44.56602716065838,58.388123952258084
2017-09-18,440.30345980935715,45.77846649601501,59.2998017314507
2017-09-25,446.1321726969508,46.578935664771045,60.15470438431375
2017-10-02,462.3212018412948,48.85699979252674,62.560692578562715
2017-10-09,452.95444733893737,47.78416482461182,60.611297343325624
2017-10-16,465.6858042110905,47.77212102443987,60.03763029788769
2017-10-23,471.05001207300614,49.22011566181108,60.89916643899329
2017-10-30,471.3465635061295,50.052951437795315,61.32983742598138
2017-11-06,485.274458028028,52.37251227840873,63.38498034902094
2017-11-13,500.7134396838635,54.801703868766346,65.51620778561905
2017-11-20,494.19001725050697,52.49528090047509,63.76674901190556
2017-11-27,501.6258925800125,53.21132116716615,63.84078072865535
2017-12-04,498.1461006209507,53.16321610512286,63.736252653889764
2017-12-11,494.00916379576546,52.90254534374176,63.0509473682803
2017-12-18,504.68552815277724,54.547331010717,64.68342840289687
2017-12-25,,54.204419596849846,65.02086050324759
2018-01-01,515.2141559652738,55.46081880832601,66.93382926347263
2018-01-08,519.4482100457717,56.18875262141859,67.35752470026839
2018-01-15,525.8270559125674,57.643741232582784,68.07221444727467
2018-01-22,519.7233659454096,56.71719587501025,67.34689170884094
2018-01-29,520.212431107982,56.49895866183541,67.60910381909153
2018-02-05,514.2456634425577,55.32878741975266,66.31130179330246
2018-02-12,506.4672460428118,53.01036824666612,63.39779605034046
2018-02-19,482.7007118261447,51.28889099877931,60.16348275470226
2018-02-26,498.3637323197895,53.254095033532415,63.32187223101155
2018-03-05,504.8444855756475,53.249463300550886,63.46006772822858
2018-03-12,493.38187886671915,52.46920995030619,62.14041402544075
2018-03-19,492.84828989152425,52.48218723206755,62.53561429700621
2018-03-26,509.32285597837887,55.20276087401678,65.64280009861223
2018-04-02,,55.94693845260772,67.19701304853179
2018-04-09,516.8932982747763,55.11145925930218,66.71047456813908
2018-04-16,526.4899065375191,57.819432211761026,69.21654187880242
2018-04-23,528.9448813510719,59.08466144354777,69.48890762536715
2018-04-30,539.1346495101304,60.72992637488902,72.08248659874859
2018-05-07,521.7328110605176,61.68552636876084,72.61087018729545
2018-05-14,540.4654314307055,64.19274028521535,75.61901683433611
2018-05-21,553.9408413586397,66.09131355073926,78.5158915426363
2018-05-28,565.49472962495,66.70553599113751,79.55466206578083
2018-06-04,557.2231707784715,65.32935801549306,78.2033960135662
2018-06-11,551.9677307065798,64.0813850402649,75.89678730430657
2018-06-18,545.5509354690133,63.921371878254014,76.06164998215742
2018-06-25,542.8046949501319,63.758778301208814,74.63845106959961
2018-07-02,542.5051607497406,65.73162279296034,76.11382969521523
2018-07-09,548.0418002095021,65.9962013512056,76.46274340627251
2018-07-16,547.7948018662705,64.43358025282548,76.53729433680891
2018-07-23,531.6170035542857,61.64977001243595,73.28606406872659
2018-07-30,546.1153893098224,62.95087476468692,75.77442675355714
2018-08-06,541.9739119093861,62.678030033343056,75.06042118388307
2018-08-13,552.0936104635404,62.50781166334491,75.83225715095641
2018-08-20,552.7748935939284,62.27797870366766,76.39817423939967
2018-08-27,556.3046518175828,63.48417896874018,76.85881179214458
2018-09-03,571.75640843731,65.55591220035123,78.89789396999029
2018-09-10,589.7484624540222,66.2977886221029,79.6098632825987
2018-09-17,592.4772613673932,67.51870508940648,79.0458544496519
2018-09-24,584.8938557791502,67.02396960043237,78.75316895040565
2018-10-01,595.3284726365413,69.69174460122872,81.87578421125117
2018-10-08,628.5418820704339,73.7653424586811,86.27743039230234
2018-10-15,655.8337203005282,71.63922345297608,85.66296479815608
2018-10-22,647.8430160286399,69.87585263102878,83.29920818728813
2018-10-29,665.5081201827658,67.26275128703219,83.29820818869361
2018-11-05,674.7581814763887,65.09790063873528,82.4689326101895
2018-11-12,662.7349049580841,62.049425964887675,80.30685755146733
2018-11-19,637.4133851266164,58.160354725396346,76.62322665867904
2018-11-26,609.480599070816,54.70492344987798,71.37908552714201
2018-12-03,578.6859200605446,52.183107278397166,67.35138245836293
2018-12-10,570.2808232703209,53.09413592528669,68.52584690846507
2018-12-17,553.3905574852446,52.452129211728106,66.94451282914308
2018-12-24,,48.39379447613361,62.75110942836072
2018-12-31,,45.28340212305194,59.63397245110858
2019-01-07,533.0485122257086,47.49459536966533,60.753252577011516
2019-01-14,535.8564799127231,51.45269636299955,65.07120206623354
2019-01-21,540.0135182247573,52.846192946223915,66.70944800505737
2019-01-28,541.3618869745943,53.86724284398899,67.25088807344191
2019-02-04,543.5296604339596,53.29477138099876,67.3676369849925
2019-02-11,545.7339932164765,54.483916684996395,68.52274156128388
2019-02-18,554.6431391955908,56.23523845779859,70.76538854554161
2019-02-25,566.9252769882702,58.542850867712524,73.24634106965115
2019-03-04,568.8648226716884,57.23514312285543,72.95726000480823
2019-03-11,569.4807756223628,57.75019701200036,73.76916083745017
2019-03-18,567.3336457747508,58.911038255461584,72.58855974310265
2019-03-25,562.2583898785147,59.22448070789661,71.96890587333594
2019-04-01,565.6531785013292,59.66603174101317,72.36348053895821
2019-04-08,570.9367127405701,61.729181880801114,73.45666492856338
2019-04-15,576.3819338325324,62.863699633078625,74.77449254643916
2019-04-22,,63.202600114881385,75.63491366747417
2019-04-29,589.6259361282277,65.48988487987572,77.16953082742778
2019-05-06,554.8384537228945,63.90341825180661,76.70597503075972
2019-05-13,552.7535800615444,63.24794415927971,76.23658599616908
2019-05-20,560.4734019237683,64.81721068076142,78.02257376673612
2019-05-27,558.9520586114237,63.0904728670389,75.5855014317744
2019-06-03,548.9345090346459,60.66518548830377,72.79602704132034
2019-06-10,508.6279535572771,55.62055605477275,65.97052067423594
2019-06-17,505.6907872621331,55.321646861851356,66.71268083819756
2019-06-24,511.84592559557666,56.05789486975321,67.96900316522007
2019-07-01,522.3386388427906,57.13067477026232,69.87896189186617
2019-07-08,513.6350702305895,56.50122268923824,69.00006772221025
2019-07-15,524.2725726001132,58.46165188140135,70.5419631156792
2019-07-22,519.1367149190662,56.5841089439293,70.05107103639261
2019-07-29,526.2882668110625,56.433275767593344,70.7160887285252
2019-08-05,529.9728048840118,56.60217493861144,71.23393661543773
2019-08-12,504.1637171710297,52.008410813119994,66.17025001006797
2019-08-19,517.021749992461,52.88506479859753,67.83104119101483
2019-08-26,515.5862221557697,53.63732075931193,68.25081644226081
2019-09-02,513.6155546553495,53.838562982543536,68.3796115689825
2019-09-09,516.8255683591796,54.75260206258622,69.40081522641135
2019-09-16,528.8455632467874,56.0573785442812,71.7567281637653
2019-09-23,547.7622324246465,59.14989503078861,75.56705319626674
2019-09-30,539.8267676426937,56.87435164862045,73.80233111320561
2019-10-07,531.2046390427688,53.68411676245826,71.06840981504081
2019-10-14,527.0760736726311,53.658148579777745,72.05781377324976
2019-10-21,524.5481737061151,53.159867166733406,70.9039698821741
2019-10-28,554.7943269516686,54.05959696479188,71.6319971234461
2019-11-04,554.821718358765,54.46252792722347,70.24700677013811
2019-11-11,554.4454668631327,56.59611750815316,71.16556550203047
2019-11-18,547.9802244031076,57.154772470963074,70.96267254696252
2019-11-25,545.2839165266897,56.43368751355678,69.84497138207118
2019-12-02,561.2195710360293,57.322153065158,71.2310770376727
2019-12-09,552.9234919266194,56.712186336519764,70.22738659529634
2019-12-16,558.072507958884,59.24852952309006,70.90569442664751
2019-12-23,,60.55476998605094,73.91340965892508
2019-12-30,,60.35702890466136,74.81850728183588
2020-01-06,575.8431904042782,59.94749173363565,74.27071146229298
2020-01-13,577.0145254882043,60.017718743974285,73.12516612699648
2020-01-20,550.9747063246085,58.18428483189685,69.49759352354064
2020-01-27,535.7564421237489,56.43444019611926,67.49247670941364
2020-02-03,516.8585391301739,52.67589200961176,62.601862680832184
2020-02-10,499.0936889760592,49.00088323745905,60.9296767211266
2020-02-17,507.58089992772574,50.91250322295492,62.0012740587326
2020-02-24,511.7951286685897,53.65467882879716,63.61279604836765
2020-03-02,480.4619240199417,48.242088288639934,57.23592294007617
2020-03-09,472.81563374125915,44.90402001388577,53.958698890364815
2020-03-16,426.742231734747,29.878553789346995,43.37660822062592
2020-03-23,406.49053530390916,24.190507882677757,36.18055826452324
2020-03-30,409.34745650095886,23.997924828228076,36.92943324209222
2020-04-06,389.0455055822938,21.728534406861886,34.96240855703052
2020-04-13,,24.910716109934945,36.923648970975265
2020-04-20,371.310953370872,22.20357018995763,34.15026634730343
2020-04-27,342.9934937942272,18.517597591864888,27.863700328875836
2020-05-04,329.98115567668276,19.23809540049724,25.842775914031854
2020-05-11,351.738480104928,25.142117615940823,28.774100660243143
2020-05-18,350.445373126876,26.700603828142665,31.06351548498976
2020-05-25,369.45653000429326,31.455618348253118,36.30797475416043
2020-06-01,358.14009630631546,31.847494460085535,35.35804066529111
2020-06-08,364.85249081651943,34.51516448239461,37.04047496662113
2020-06-15,366.55197087549294,34.74008750550925,39.433881302918046
2020-06-22,371.91947381162646,35.958960789731485,41.71192865240191
2020-06-29,371.3245968987147,36.228809219306086,42.08235143173035
2020-07-06,376.7113160306388,37.074286322038176,42.67353793179014
2020-07-13,378.86767413586665,37.69839845980819,43.76769314293315
2020-07-20,369.90862596545736,37.788900158976354,43.47168454923771
2020-07-27,369.9135189555333,37.361636500541906,43.93033412268561
2020-08-03,360.0779391713803,36.369599446615624,42.08082054547624
2020-08-10,360.66339600792276,37.119382229488444,42.58405462814436
2020-08-17,360.2577703781987,37.452521527948534,42.67701398768319
2020-08-24,358.6579870300351,37.19964835497827,42.221876749039815
2020-08-31,354.5906168895674,37.92305502112647,41.97944860772413
2020-09-07,348.50041794647086,36.442912772232035,39.66748108593198
2020-09-14,342.0207042193767,33.571657897371004,36.321411854705175
2020-09-21,329.63564563229716,34.66501703300405,37.332247221835345
2020-09-28,328.7148379359843,35.11923978940545,37.161234030104985
2020-10-05,329.25268605306604,34.21102171373589,37.0928129798974
2020-10-12,337.44646875487825,34.940959861705714,38.668142023646666
2020-10-19,353.9870186278578,35.31694072785089,39.25985503206651
2020-10-26,350.2916305462173,35.08128585687401,38.13278700310284
2020-11-02,343.89707351690845,32.78679709170459,36.04144605977358
2020-11-09,344.2070981714304,33.39305906811872,36.61110986604722
2020-11-16,365.34434257652674,35.908744131192734,39.98550063856122
2020-11-23,361.9211528189588,36.587518816108414,40.36861866650948
2020-11-30,383.05610487583994,39.52197548189176,43.54872268640142
2020-12-07,384.17772976909754,39.54344824006043,43.58132450844309
2020-12-14,384.63631398062984,40.493978811752626,44.677857127691176
2020-12-21,422.95049346806155,41.69977999205904,46.458096654337034
2020-12-28,,41.392856883567745,46.43009171330123
2021-01-04,,41.59268505665238,46.52598800445021
2021-01-11,447.8710080928428,43.36446625509144,47.45003072280281
2021-01-18,460.84333362881523,45.64681347566217,50.0734950319153
2021-01-25,458.06707889690074,45.40832641214136,50.4537281479727
2021-02-01,458.28835535246236,45.42079437340552,50.003665452921254
2021-02-08,473.3081544562149,48.23605147887439,52.876530689147636
2021-02-15,491.25691283389733,50.62303064858884,55.38427140851434
2021-02-22,509.7558935105938,52.42058238748767,57.833652792097425
2021-03-01,511.8284861772755,53.62469125460732,59.182394768555525
2021-03-08,509.0296914538821,54.22315710701548,59.224630145797526
2021-03-15,526.8294190781894,57.17140711489158,60.830584166051736
2021-03-22,518.9791510059443,55.4992555167036,59.522931999706465
2021-03-29,502.9644563014032,52.674963821814174,57.20144434034002
2021-04-05,,54.20881294699516,57.41538058562601
2021-04-12,504.49228303021385,52.409589495041246,56.59220411731197
2021-04-19,511.8335256699052,54.45066324856568,58.514313106490285
2021-04-26,513.3393359010929,54.44893348350131,58.35457289340693
2021-05-03,516.062825248897,54.93338762122353,59.26088173798877
2021-05-10,511.0801967924111,56.782062472502716,61.408189169073225
2021-05-17,509.43228615316485,56.37009620031118,61.48921350155261
2021-05-24,506.47484069695105,54.985022378492694,60.987993940065984
2021-05-31,509.7758972731595,55.878927708986694,61.72793701741175
2021-06-07,519.104456574706,57.71307875931832,63.41799562162872
2021-06-14,525.1341349064705,58.904106271063924,64.52925132816586
2021-06-21,533.5403512364632,61.06713946216505,66.78078039607797
2021-06-28,542.8520079687117,62.903112461124906,67.87794218948717
2021-07-05,543.6971787404669,63.496795679113504,68.20091813510244
2021-07-12,548.1657579237277,63.93685157879916,68.15671848381285
2021-07-19,552.4894272815696,63.676124795294314,69.004769825227
2021-07-26,535.2697226590657,60.51346239681427,66.1937304314624
2021-08-02,547.2868948102137,62.92022798106542,68.63096523566608
2021-08-09,541.2418349257521,60.415267259544386,66.66707319258497
2021-08-16,539.1486553031319,60.04877158890573,65.80429274885796
2021-08-23,529.9304043230512,57.5435825852976,64.38280177177717
2021-08-30,542.5030798262738,59.57398712686877,66.95172032427088
2021-09-06,552.5548498554606,60.64802897385822,68.79799726898959
2021-09-13,550.1663716383115,60.89464155176809,68.72083356613555
2021-09-20,564.8516166490128,63.22618311221233,71.2516553064119
2021-09-27,578.2308005650646,64.52611658292416,73.1015223196923
2021-10-04,600.8476409930053,67.69168245916462,77.42653207095158
2021-10-11,636.9897533684407,71.11238366443627,82.24161679109295
2021-10-18,681.9320394858328,72.5852033145712,84.82660609762067
2021-10-25,697.1148802979717,72.69205546891507,84.73334465194536
2021-11-01,692.2088640207082,72.79323594708941,84.44483540095426
2021-11-08,685.7792389357928,71.49005908116925,83.1036331189141
2021-11-15,694.2339474542943,72.68799369984454,84.87542946289467
2021-11-22,680.3749230369679,71.74091606142034,81.1990878603648
2021-11-29,673.6855417683057,70.32895956625265,80.04789392263167
2021-12-06,625.3160890302147,62.05388790108539,72.9380816170109
2021-12-13,642.0384135230574,65.82300544702748,76.80704598179156
2021-12-20,643.1404794412888,64.99292644720745,76.7573801116315
2021-12-27,,65.61423706342387,76.28736490796715
2022-01-03,664.2838311825296,69.02956433306812,79.95462782070018
2022-01-10,686.1368694238492,71.14031374954943,82.91171111101535
2022-01-17,705.8068875160036,73.7828484210738,86.05864189082722
2022-01-24,730.3082805381255,77.25844453994793,91.1206764988355
2022-01-31,736.909537426585,79.05785643823182,93.20837023848993
2022-02-07,769.360326228475,81.40423336514542,96.44456069323417
2022-02-14,761.7258057794061,83.3942913529053,97.79637577184235
2022-02-21,773.717791598193,84.48085695097322,97.54570174459948
2022-02-28,801.110956372006,86.65924097477782,100.48100374714716
2022-03-07,1006.6722115121746,103.89144815321049,125.34418451892873
2022-03-14,1351.93966491891,112.01396074362978,168.09491991670743
2022-03-21,1150.5678115986098,97.40208019232318,119.77441175244914
2022-03-28,1188.1862873894868,107.87606167540244,146.413170349111
2022-04-04,1079.9070107389653,98.72172054928839,131.9680452602381
2022-04-11,1021.7893986802844,95.31871320730667,129.9007649914056
2022-04-18,,98.75634656030095,133.2403256386336
2022-04-25,1069.9020398248285,99.31440524498788,140.1326410754227
2022-05-02,1090.869055147757,98.88440951916277,146.81846923707957
2022-05-09,1120.0718284883021,104.33473097963488,152.03747037964632
2022-05-16,1062.4492425273218,102.27148170424303,143.51010172019477
2022-05-23,1026.0945202947971,107.6360078234864,136.5962848573162
2022-05-30,1034.7377946013196,108.05532615641525,140.56870908519105
2022-06-06,1140.1990245396662,113.36552633391094,157.58880473588016
2022-06-13,1220.0516607432496,117.71216751404404,171.87098510094395
2022-06-20,1225.5115884319946,117.33660774648118,166.7889395857169
2022-06-27,1237.0730384326446,107.43139653598553,166.18289153253096
2022-07-04,1172.7143881764666,111.86505021416205,156.01517587283382
2022-07-11,1135.6589412975864,109.43828331597317,150.5435686819006
2022-07-18,1167.4003377375504,107.35900357893254,151.44974506472107
2022-07-25,1144.9382375958028,106.04868363284213,141.00868583303273
2022-08-01,1129.9898551676379,103.65794396045874,143.4183931797732
2022-08-08,1102.5858334335385,97.75982618226801,133.7435012334513
2022-08-15,1050.9541560136547,97.27287974220133,130.52600474810146
2022-08-22,1119.39712794356,93.3390942399386,139.19627683324669
2022-08-29,1178.5438883082033,99.89405794388168,155.16227294373334
2022-09-05,1190.2756179840571,97.27851099404585,149.24790078443812
2022-09-12,1136.453398643587,91.44975422797867,147.70168708000784
2022-09-19,1115.7590291396623,92.41402341234644,134.42546632346705
2022-09-26,1126.2538467699999,90.24221488300513,132.80119875187438
2022-10-03,1119.4545630354628,89.13745781010161,136.042771972716
2022-10-10,1198.9904001038215,95.43224394381272,157.31959085212225
2022-10-17,1233.2544605433025,96.33475603964396,162.23960892233524
2022-10-24,1217.0158194479252,92.65136787385626,148.2065107041485
2022-10-31,1173.30093789257,94.17399767715997,148.39600225968724
2022-11-07,1149.557730506354,98.41904173589049,147.93812984215896
2022-11-14,1105.4160720739687,94.31022137645262,138.2570046859417
2022-11-21,1043.441199984038,88.32553271048101,126.6153609573822
2022-11-28,988.7801797361813,81.95054961070666,120.10192985456547
2022-12-05,973.4549431110773,81.27660429466832,117.85568523299567
2022-12-12,888.8406394201246,73.90630397943632,106.15739017841413
2022-12-19,951.2085467877961,75.41283144725766,112.32181450509916
2022-12-26,934.6567315565039,75.89989254386859,112.52722926365341
2023-01-02,904.946029924402,78.40464447883792,117.04621202739
2023-01-09,890.218036863787,74.93097868879272,111.7194769264449
2023-01-16,895.5471762002259,75.36299371001382,112.39603875357105
2023-01-23,901.6556348494923,78.56180604109908,117.80582389206593
2023-01-30,904.7579531023371,79.11701422359377,119.97142712214661
2023-02-06,851.9510680968665,75.730572892643,107.9756033115287
2023-02-13,823.3344465954424,78.08831542718572,102.28363394298424
2023-02-20,822.3184621045173,78.43299002923068,103.78122487973128
2023-02-27,803.537120165202,77.06667788483831,101.00584419390329
2023-03-06,822.8833809566722,78.781634498328,106.44308443893007
2023-03-13,812.6641257589889,78.10355881657999,103.52011233488406
2023-03-20,788.4548377042888,70.73071659520542,97.44713449027111
2023-03-27,783.9300680127787,68.83407891655256,96.5137558266829
2023-04-03,778.9795573095896,71.82612885012313,95.00132973370197
2023-04-10,784.4570213139315,78.3539099289132,96.2717093413798
2023-04-17,782.2580114353779,79.31349861204167,95.08718554858173
2023-04-24,745.330026860348,76.40552617074778,90.8238531128429
2023-05-01,690.4049340099491,72.7774388969312,86.26947267251838
2023-05-08,687.2846566890295,68.15969334948011,80.74630830792697
2023-05-15,702.3539777901552,69.56411065866165,84.11867179038046
2023-05-22,703.9360134517992,69.88021310180372,85.28213252019458
2023-05-29,706.18407423063,71.48549438646805,86.01695820018593
2023-06-05,696.7323088368122,69.50335718384318,85.28112144265333
2023-06-12,701.7272211900151,70.61518669617286,88.4668787414341
2023-06-19,705.8184492345521,68.4145039897602,87.89340167219758
2023-06-26,707.6517622630223,68.82762058075474,88.3188292798658
2023-07-03,693.6682659427079,67.99152845914118,86.88410425661854
2023-07-10,710.1938450733003,70.27665193976375,89.46614020273984
2023-07-17,718.3888835462736,71.82695902466364,91.63389075274492
2023-07-24,723.9260040073461,71.10516684909418,92.4082487351023
2023-07-31,768.169535705301,75.56565459185813,102.04379595131941
2023-08-07,826.778785962549,77.76068906435447,109.64144604412556
2023-08-14,839.4231242379885,79.37969613139417,112.1649491960837
2023-08-21,833.2625416353167,78.22268153259787,110.68115539381093
2023-08-28,845.5191502347222,77.36502393543444,114.09839471520306
2023-09-04,850.5525706662247,79.40731034841932,113.60800913535972
2023-09-11,874.80868617542,84.63327479637897,118.74063890610003
2023-09-18,910.3117573904218,87.40972558485761,125.82514073855131
2023-09-25,910.330305007283,88.19884491403911,123.39683721440261
2023-10-02,909.1165856563237,87.74724303749119,124.41411337416962
2023-10-09,879.758174637738,84.68798621681766,117.00863744101567
2023-10-16,878.5305189379055,84.4752872830842,114.44912187898115
2023-10-23,898.4261225319526,88.1637442191039,116.57637821511155
2023-10-30,874.8952343583445,84.41037354947193,112.91324586366049
2023-11-06,876.2832457959937,81.0399110888903,112.3057569572612
2023-11-13,833.3771679826715,76.83507184081758,105.75717058800265
2023-11-20,824.4460837981569,75.00563134751977,100.52937190195662
2023-11-27,824.9901694868761,74.45036557978287,101.73648589054055
2023-12-04,816.7545407163651,73.49780905657556,100.2473511629421
2023-12-11,802.3328421423155,70.38558834899986,97.06652263561185
2023-12-18,776.6029835805531,69.39963588001967,94.15117503213956
2023-12-25,800.6802969932156,72.07308398448914,96.93964744855553
2024-01-01,778.6801634687608,70.93360721165858,94.37707945973104
2024-01-08,765.4831351329976,70.52262985263454,93.10180112339818
2024-01-15,768.1058935040086,71.3254661290419,94.70813133202493
2024-01-22,772.7707268999649,72.99524743305182,97.14714285528123
2024-01-29,785.5036909359522,74.7385256952398,101.1780067332821
2024-02-05,806.4383710152916,74.02200067106449,104.8624289961979
2024-02-12,815.554498059687,75.08676971487989,108.0003421326328
2024-02-19,830.8273072930891,78.04747163106961,109.03786519500561
2024-02-26,803.4543417680666,77.08713213943669,104.40139466571206
2024-03-04,792.1863895593922,76.40077995421379,103.82942093523161
2024-03-11,782.5212740744959,76.99546507804044,102.60772865681433
2024-03-18,781.7959679019802,77.16307463041312,102.200367855091
2024-03-25,796.8815936296871,79.24846368648033,103.43271066131436
2024-04-01,789.6002868322108,79.51876800106842,101.79117047644829
2024-04-08,813.6037963924894,83.96825011477475,105.79635620212127
2024-04-15,800.2342187274877,84.99628491720644,104.72026772337549
2024-04-22,790.6685659920483,83.39819073433493,100.98221885858268
2024-04-29,775.7181929554638,82.752859017733,98.1595252195239
2024-05-06,766.1646964264752,79.23926330281185,95.27634305466582
2024-05-13,746.1178274122495,77.64049169708446,94.3480377030838
2024-05-20,736.5921672775013,76.32678624103828,92.97674517517241
2024-05-27,732.5637928075497,75.30197174531358,93.16206982949595
2024-06-03,736.5038320389901,75.89016093821338,92.61602441538767
2024-06-10,711.983095876586,71.85121761005317,87.8866224506338
2024-06-17,741.973666343279,76.44613888145118,93.89341084222262
2024-06-24,762.0030992536176,79.66377204669283,97.89316972141837
2024-07-01,760.5325604632375,78.87934702084229,98.59465910831315
2024-07-08,764.8779616205471,81.2274535082976,100.08520772907688
2024-07-15,750.3221571187112,79.36146982637584,96.7277890305971
2024-07-22,733.1991582183337,77.97989408345074,94.04251264379451
2024-07-29,730.0442661847774,75.09519450480657,92.14709118073642
2024-08-05,720.9193468524352,73.28133476845915,90.53702605086502
2024-08-12,707.1547025084816,72.16894218582729,87.9038655125801
2024-08-19,716.2609861417267,74.95140529616476,89.04181039583378
2024-08-26,686.3590027748289,69.99815873491357,84.68064578620707
2024-09-02,685.7280473504536,70.47999138582489,85.28790411159358
2024-09-09,677.3602380220659,66.82497540384941,81.41087305501915
2024-09-16,654.2978610238456,64.93418594575355,77.47506368314681
2024-09-23,661.1993247874442,66.59440441150471,79.3007581832197
2024-09-30,672.03609649524,65.51066045288783,79.97014598259054
2024-10-07,681.2638810493565,68.58864819066177,83.14497760202242
2024-10-14,706.9885903722509,72.08072003749814,86.34511933520065
2024-10-21,711.2880873011893,68.23690747690816,81.97259236746977
2024-10-28,711.2627807042053,69.29550270442408,83.14780376974734
2024-11-04,700.0291542991934,66.89075024996777,81.34202280415784
2024-11-11,711.5866969419301,69.71990888519066,85.0055357857167
2024-11-18,711.8831721199225,68.52751564513966,84.44944540937979
2024-11-25,725.4798737961653,70.32887641055834,88.02556258727263
2024-12-02,721.9645146594715,68.86924400356493,86.5042031829778
2024-12-09,718.0533415654099,69.12391709577817,84.6219445644642
2024-12-16,714.4632477303737,69.87238692925703,86.4546484689586
2024-12-23,726.6783465492649,70.26854009603792,87.74613914741944
2024-12-30,727.1154700762652,70.6965942166757,86.98887983068306
2025-01-06,730.8994867466073,73.26365960509902,90.91171201905058
2025-01-13,741.6485271922749,75.9819772010517,91.6937823768686
2025-01-20,779.8390726004036,80.54725284754676,98.30561790117078
2025-01-27,763.6769938233009,75.90891903479425,94.01608661937362
2025-02-03,743.6660430298481,73.17708001643625,91.16149845030264
2025-02-10,745.0907818427022,72.81935171552959,91.61586695656693
2025-02-17,754.9446346530542,72.79779467725787,93.27886970488731
2025-02-24,755.7166460199771,72.04280571218501,92.67704072523509
2025-03-03,736.9171837751941,70.04698279028716,89.39085884256174
2025-03-10,712.8895593724583,66.27380627925695,84.1045268447895
2025-03-17,701.3709288100274,64.93219365844949,81.4460123093393
2025-03-24,696.3886522281842,65.49479145812197,81.43792079590278
2025-03-31,676.0773682728866,67.57639760437715,83.95852019346076
2025-04-07,666.6981178680396,67.13677725975211,81.9471609163068
2025-04-14,623.8215531996137,58.91773119819885,72.11428069117791
2025-04-21,626.1343643896364,58.83640321948509,73.43857944630159
2025-04-28,593.3497665503555,57.74820699173633,73.51729601862048
2025-05-05,576.5462600120715,54.82804677742151,71.50874014249658
2025-05-12,575.2422752207683,55.26241786736978,70.37412864042149
2025-05-19,589.0019680506906,58.78817707778495,74.63650884027601
2025-05-26,584.8989537366085,57.367257310598845,72.78826838673783
2025-06-02,572.7283516427863,56.15353306867409,72.04074917520093
2025-06-09,574.5989232227704,58.30112787132845,73.38534393138391
2025-06-16,586.1556895931501,61.32646814423297,76.52133631785894
2025-06-23,662.4408787798708,66.14657454797718,86.61221195431294
2025-06-30,625.9180293624407,57.56530224296737,79.88412551413447
2025-07-07,630.0481075697871,58.74286953204487,81.07218167723197
2025-07-14,637.0733670338985,60.69980337991384,86.80417716435042
2025-07-21,630.5923114994681,60.19177160548459,81.74654116689673
2025-07-28,623.6239689868906,58.483314054732844,81.95574626396615
2025-08-04,627.8532066655043,62.25853930496377,82.08782589767273
2025-08-11,604.755713162056,58.61168005103012,78.29847387138258
2025-08-18,590.8575334896249,57.68820154693375,75.99393651335826
2025-08-25,598.0265684530883,57.443379285960226,76.89145311581277
2025-09-01,596.8216070374244,57.778210199425224,78.16504644706353
2025-09-08,611.7016459805521,58.21792321904064,80.0731840987909
2025-09-15,606.6137569424272,57.105814513991525,79.8197195570453
2025-09-22,612.6720054286454,57.49264946713212,80.00545557713473
2025-09-29,616.9288794553411,57.9855154267676,81.54095498811589
2025-10-06,609.2367431560181,56.13638553263485,78.71441180321874
2025-10-13,606.867975878951,56.57190598403506,78.14853635686835
2025-10-20,587.210127176217,53.48323625622372,74.29496907098653
2025-10-27,604.6462688101453,54.48233825447075,77.94076793727746
2025-11-03,629.7278737199567,55.53471397920233,83.56733735406854
2025-11-10,644.313396828921,55.67998560970874,87.1881003703593
2025-11-17,650.2056624382642,54.960584352862554,87.75027766603155
2025-11-24,672.9662461199821,54.87266271064336,87.2664172277477
2025-12-01,625.4033916013927,54.04330566867227,79.25950253210928
2025-12-08,606.1904322957605,54.337637410054086,78.28508777539669
2025-12-15,601.3653361532735,53.33092995153375,74.7737758680001
2025-12-22,585.5510075757526,51.395099651951796,70.24153916898001
2025-12-29,588.2919344475201,52.4228340825,71.53789859100361
2026-01-05,590.1843526699532,52.043290719672356,71.10920714893652
2026-01-12,579.2476751181271,53.59088996710045,70.90242866965019
2026-01-19,598.4551165237991,56.45095548085196,74.93003794465724
2026-01-26,613.9673957184191,55.681707925809064,76.78587937180535
2026-02-02,615.5126640188503,57.28802295934063,79.1844615917371
2026-02-09,617.7866860581174,57.67384953621843,78.58270715028615
2026-02-16,604.4052155517127,58.101161069585274,77.93187710292418
2026-02-23,625.6451921146904,59.36842971630216,79.92485741614139
2026-03-02,654.1387238022267,61.187246290172425,84.60337282413084
2026-03-09,855.6351876928856,71.89869928586478,119.26742197475444
2026-03-16,903.9397129178659,82.36025775451854,128.86621372683072
2026-03-23,978.0554484297902,90.11450893366262,145.9825330757351
2026-03-30,969.2828538970857,85.39461418071463,150.57675385758492
2026-04-06,1136.1486824950528,90.30891499274526,165.3183831396934
2026-04-13,1045.9102253933543,83.82575148484956,163.94641797307872
2026-04-20,980.5061769149831,78.83417398578779,130.46026219461697
2026-04-27,943.8256218151292,81.72286728065407,134.54854103820426
2026-05-04,1034.1521349295374,91.57226139805266,147.51632325052415
2026-05-11,980.5545068379566,89.98527074932056,140.3961081438997
2026-05-18,975.7543158313982,90.36837711625674,135.47648752727383
2026-05-25,933.7180222152446,88.7611488937551,136.98493329297835
2026-06-01,897.3404389056208,79.93790760222888,120.92995511189865
2026-06-08,916.355710402214,81.78844309610065,125.90219914165496
2026-06-15,858.9505896821116,78.66466431451522,119.73284803294291
2026-06-22,802.3586032269761,69.32089572382965,105.08477054038437
2026-06-29,805.3934068979966,66.18928223424352,104.76377446156138
2026-07-06,810.3128135216301,64.06865344674783,109.2587900848824
2026-07-13,887.7023863896027,66.33830972584144,120.74149372761119
2026-07-20,973.4453767491925,74.33934150775818,133.77366886776153
2026-07-27,1002.0056264600078,79.49593730326947,145.36329489445444
2026-08-03,995.0074597825709,76.02200439756572,149.78098162423584
2026-08-10,977.3292953659019,70.32368789294138,136.55154797937854
