date,estat_gas_household_cpr_wtax,estat_gas_household_cpr_ntax,estat_gas_household_vat,estat_gas_household_exc,estat_electricity_household_cpr_wtax,estat_electricity_household_cpr_ntax,estat_electricity_household_vat,estat_electricity_household_exc
2003-07-01,0.057743999999995375,0.04723199999999622,15.478761699064059,0.0027719999999997816,0.1419,0.107,15.085158150851562,0.01630000000000001
2004-01-01,0.05853599999999532,0.046799999999996254,15.237420269312562,0.00399599999999968,0.1437,0.108,15.052041633306645,0.0169
2004-07-01,0.05853599999999532,0.04676399999999626,15.319148936170212,0.00399599999999968,0.1441,0.1082,15.095846645367406,0.017
2005-01-01,0.06227999999999502,0.04960799999999603,15.410273515677119,0.004355999999999652,0.147,0.1103,15.2037617554859,0.017299999999999996
2005-07-01,0.06465599999999483,0.05201999999999583,15.350032113037893,0.004031999999999682,0.1475,0.1114,15.05460218408734,0.01680000000000001
2006-01-01,0.07091999999999432,0.05680799999999545,15.339578454332559,0.004679999999999622,0.151,0.1137,15.091463414634143,0.017500000000000016
2006-07-01,0.07343999999999412,0.0588239999999953,15.384615384615397,0.004823999999999606,0.1527,0.1152,15.071590052750562,0.017500000000000016
2007-01-01,0.0676,0.0427,19.646017699115028,0.0138,0.1987,0.1238,18.91083183722322,0.043300000000000005
2007-07-01,0.0593,0.0435,18.8376753507014,0.006400000000000003,0.1569,0.1121,17.352281226626776,0.021600000000000008
2008-01-01,0.0608,0.0452,18.75,0.006000000000000005,0.1635,0.1124,16.37010676156583,0.028100000000000014
2008-07-01,0.0698,0.0523,18.90971039182283,0.006400000000000003,0.1709,0.1172,16.17946974847042,0.02990000000000001
2009-01-01,0.0664,0.0492,18.783542039355993,0.006699999999999998,0.1727,0.1204,16.374663072776265,0.02800000000000001
2009-07-01,0.0576,0.0424,18.518518518518512,0.006199999999999997,0.1722,0.1197,16.35135135135135,0.028299999999999992
2010-01-01,0.0577,0.0412,17.75510204081632,0.007800000000000001,0.1761,0.1206,16.468253968253975,0.030600000000000002
2010-07-01,0.0639,0.0457,18.333333333333336,0.008300000000000002,0.1813,0.125,16.817010309278334,0.030200000000000005
2011-01-01,0.0624,0.0447,17.73584905660377,0.008300000000000002,0.1893,0.1289,16.85185185185185,0.03310000000000002
2011-07-01,0.0718,0.0518,18.677685950413235,0.0087,0.1938,0.1313,16.887816646562115,0.0345
2012-01-01,0.0686,0.0501,18.07228915662651,0.008,0.1972,0.1329,17.24137931034482,0.0353
2012-07-01,0.0774,0.0566,18.894009216589858,0.008500000000000008,0.2056,0.137,17.620137299771166,0.0378
2013-01-01,0.0724,0.0528,18.300653594771266,0.008399999999999998,0.2112,0.1362,17.85714285714286,0.04300000000000001
2013-07-01,0.0787,0.057,19.423368740515933,0.008899999999999998,0.2147,0.1384,17.772901810202967,0.043899999999999995
2014-01-01,0.0725,0.0527,18.270799347471446,0.008600000000000003,0.2161,0.1355,17.5095160413268,0.0484
2014-07-01,0.079,0.0571,19.155354449472096,0.0092,0.2203,0.1397,17.43070362473349,0.0479
2015-01-01,0.0708,0.0509,18.394648829431446,0.008899999999999998,0.2199,0.1371,17.217484008528807,0.05049999999999999
2015-07-01,0.0769,0.0547,19.224806201550383,0.009800000000000003,0.2206,0.1372,17.527970165157146,0.05050000000000002
2016-01-01,0.068,0.0475,18.466898954703836,0.009899999999999999,0.2162,0.1307,17.755991285403038,0.0529
2016-07-01,0.0715,0.0496,19.166666666666664,0.0104,0.2179,0.1324,17.720151269584015,0.0527
2017-01-01,0.0654,0.0452,18.264014466546108,0.010100000000000005,0.221,0.1329,17.74107618540224,0.054800000000000015
2017-07-01,0.0726,0.0502,19.407894736842103,0.010599999999999998,0.2201,0.1321,17.6376269374666,0.05499999999999999
2018-01-01,0.0666,0.0457,18.50533807829182,0.010500000000000002,0.2224,0.1349,17.859035506094312,0.053800000000000014
2018-07-01,0.0767,0.0531,19.470404984423695,0.011099999999999992,0.2274,0.1393,17.76281719316417,0.05379999999999999
2019-01-01,0.0713,0.0481,18.43853820598007,0.0121,0.2296,0.1335,17.622950819672113,0.061700000000000005
2019-07-01,0.0778,0.0532,19.142419601837666,0.0121,0.2294,0.1332,17.40020470829069,0.06219999999999998
2020-01-01,0.069,0.0454,18.150684931506866,0.012999999999999998,0.2264,0.1332,17.30569948186527,0.05979999999999999
2020-07-01,0.0758,0.0512,18.62284820031299,0.012699999999999996,0.2274,0.1356,16.55561250640696,0.0595
2021-01-01,0.0687,0.0433,18.448275862068964,0.014700000000000005,0.2324,0.1403,17.255297679112005,0.05789999999999998
2021-07-01,0.0843,0.0581,16.597510373443967,0.014200000000000004,0.252,0.1592,15.86206896551725,0.05829999999999999
2022-01-01,0.0906,0.0647,14.828897338403046,0.014200000000000004,0.2607,0.2024,14.74471830985915,0.024800000000000016
2022-07-01,0.1194,0.103,9.240622140896626,0.0063,0.288,0.2479,13.118617439120172,0.006699999999999984
2023-01-01,0.1252,0.1009,11.387900355871894,0.011499999999999996,0.3062,0.2599,14.381770638774771,0.007799999999999974
2023-07-01,0.1223,0.0976,8.42198581560285,0.015199999999999991,0.3036,0.2465,14.436486995853759,0.018799999999999983
2024-01-01,0.1171,0.0845,13.359148112294283,0.018799999999999997,0.3053,0.2363,15.95138625142425,0.02699999999999997
2024-07-01,0.1328,0.0923,18.571428571428573,0.01970000000000001,0.3027,0.2313,15.49027088897368,0.030799999999999994
2025-01-01,0.1217,0.0831,17.69825918762089,0.020300000000000012,0.3016,0.2211,16.537867078825343,0.037699999999999984
2025-07-01,0.1312,0.0897,18.840579710144944,0.020699999999999996,0.2999,0.2164,16.87451286048325,0.040199999999999986
