date,hicp_solid_fuels
1995-01-01,42.77
1995-02-01,42.8
1995-03-01,42.87
1995-04-01,43.04
1995-05-01,43.03
1995-06-01,43.2
1995-07-01,42.88
1995-08-01,42.86
1995-09-01,43.05
1995-10-01,43.31
1995-11-01,43.43
1995-12-01,43.44
1996-01-01,43.35
1996-02-01,43.35
1996-03-01,43.39
1996-04-01,43.43
1996-05-01,43.6
1996-06-01,43.68
1996-07-01,43.72
1996-08-01,43.81
1996-09-01,43.87
1996-10-01,43.75
1996-11-01,43.78
1996-12-01,43.93
1997-01-01,44.01
1997-02-01,44.1
1997-03-01,44.1
1997-04-01,44.02
1997-05-01,43.94
1997-06-01,43.98
1997-07-01,44.02
1997-08-01,44.0
1997-09-01,44.02
1997-10-01,44.13
1997-11-01,44.14
1997-12-01,44.11
1998-01-01,44.2
1998-02-01,44.23
1998-03-01,44.24
1998-04-01,44.4
1998-05-01,44.34
1998-06-01,44.34
1998-07-01,44.36
1998-08-01,44.38
1998-09-01,44.54
1998-10-01,44.26
1998-11-01,44.42
1998-12-01,44.46
1999-01-01,44.52
1999-02-01,44.61
1999-03-01,44.74
1999-04-01,44.8
1999-05-01,44.82
1999-06-01,44.88
1999-07-01,45.04
1999-08-01,45.09
1999-09-01,45.13
1999-10-01,45.13
1999-11-01,45.3
1999-12-01,45.47
2000-01-01,45.66
2000-02-01,45.81
2000-03-01,46.02
2000-04-01,46.04
2000-05-01,46.43
2000-06-01,46.41
2000-07-01,46.56
2000-08-01,46.67
2000-09-01,47.03
2000-10-01,47.37
2000-11-01,47.51
2000-12-01,47.62
2001-01-01,47.54
2001-02-01,47.62
2001-03-01,47.64
2001-04-01,47.87
2001-05-01,47.91
2001-06-01,47.95
2001-07-01,47.86
2001-08-01,47.9
2001-09-01,48.0
2001-10-01,48.11
2001-11-01,48.12
2001-12-01,48.08
2002-01-01,48.31
2002-02-01,48.42
2002-03-01,48.46
2002-04-01,48.54
2002-05-01,48.62
2002-06-01,48.76
2002-07-01,48.8
2002-08-01,48.86
2002-09-01,48.88
2002-10-01,48.72
2002-11-01,48.99
2002-12-01,49.12
2003-01-01,49.27
2003-02-01,49.34
2003-03-01,49.44
2003-04-01,49.52
2003-05-01,49.71
2003-06-01,49.82
2003-07-01,49.96
2003-08-01,50.03
2003-09-01,50.2
2003-10-01,49.98
2003-11-01,50.01
2003-12-01,50.06
2004-01-01,50.2
2004-02-01,50.33
2004-03-01,50.53
2004-04-01,50.66
2004-05-01,50.85
2004-06-01,50.96
2004-07-01,51.13
2004-08-01,51.2
2004-09-01,51.29
2004-10-01,51.36
2004-11-01,51.47
2004-12-01,51.59
2005-01-01,51.65
2005-02-01,51.74
2005-03-01,51.83
2005-04-01,52.09
2005-05-01,52.16
2005-06-01,52.29
2005-07-01,52.4
2005-08-01,52.44
2005-09-01,52.69
2005-10-01,53.15
2005-11-01,53.41
2005-12-01,53.5
2006-01-01,53.66
2006-02-01,53.85
2006-03-01,54.0
2006-04-01,54.0
2006-05-01,54.14
2006-06-01,54.33
2006-07-01,54.55
2006-08-01,54.78
2006-09-01,55.09
2006-10-01,55.48
2006-11-01,55.77
2006-12-01,56.0
2007-01-01,56.28
2007-02-01,56.53
2007-03-01,56.72
2007-04-01,56.91
2007-05-01,57.07
2007-06-01,57.11
2007-07-01,57.21
2007-08-01,57.31
2007-09-01,57.4
2007-10-01,57.38
2007-11-01,57.51
2007-12-01,57.57
2008-01-01,57.7
2008-02-01,57.74
2008-03-01,57.9
2008-04-01,58.02
2008-05-01,58.22
2008-06-01,58.35
2008-07-01,58.85
2008-08-01,59.27
2008-09-01,59.26
2008-10-01,59.64
2008-11-01,59.59
2008-12-01,59.72
2009-01-01,59.92
2009-02-01,60.07
2009-03-01,60.17
2009-04-01,60.47
2009-05-01,60.5
2009-06-01,60.61
2009-07-01,60.62
2009-08-01,60.64
2009-09-01,60.95
2009-10-01,60.86
2009-11-01,61.04
2009-12-01,61.22
2010-01-01,61.15
2010-02-01,61.27
2010-03-01,61.42
2010-04-01,61.38
2010-05-01,61.53
2010-06-01,61.78
2010-07-01,61.75
2010-08-01,61.8
2010-09-01,61.88
2010-10-01,61.99
2010-11-01,62.16
2010-12-01,62.31
2011-01-01,62.84
2011-02-01,63.28
2011-03-01,63.45
2011-04-01,63.52
2011-05-01,63.62
2011-06-01,63.69
2011-07-01,63.76
2011-08-01,63.99
2011-09-01,63.85
2011-10-01,64.11
2011-11-01,64.28
2011-12-01,64.23
2012-01-01,64.32
2012-02-01,63.72
2012-03-01,64.45
2012-04-01,64.78
2012-05-01,64.88
2012-06-01,64.97
2012-07-01,65.1
2012-08-01,65.2
2012-09-01,65.41
2012-10-01,65.49
2012-11-01,65.46
2012-12-01,65.68
2013-01-01,65.76
2013-02-01,65.49
2013-03-01,65.98
2013-04-01,66.19
2013-05-01,66.68
2013-06-01,66.61
2013-07-01,66.78
2013-08-01,66.89
2013-09-01,66.95
2013-10-01,67.05
2013-11-01,67.24
2013-12-01,67.25
2014-01-01,67.17
2014-02-01,67.27
2014-03-01,67.1
2014-04-01,66.89
2014-05-01,66.93
2014-06-01,67.24
2014-07-01,67.11
2014-08-01,67.23
2014-09-01,67.45
2014-10-01,67.23
2014-11-01,67.3
2014-12-01,67.26
2015-01-01,67.37
2015-02-01,67.46
2015-03-01,67.62
2015-04-01,67.68
2015-05-01,67.62
2015-06-01,67.72
2015-07-01,67.65
2015-08-01,67.45
2015-09-01,67.43
2015-10-01,67.39
2015-11-01,67.26
2015-12-01,67.33
2016-01-01,67.32
2016-02-01,67.05
2016-03-01,67.02
2016-04-01,67.07
2016-05-01,67.16
2016-06-01,67.03
2016-07-01,67.01
2016-08-01,67.1
2016-09-01,67.25
2016-10-01,67.24
2016-11-01,67.28
2016-12-01,67.28
2017-01-01,67.25
2017-02-01,67.44
2017-03-01,67.6
2017-04-01,67.62
2017-05-01,67.66
2017-06-01,67.73
2017-07-01,67.76
2017-08-01,67.92
2017-09-01,67.87
2017-10-01,67.97
2017-11-01,68.03
2017-12-01,68.18
2018-01-01,68.62
2018-02-01,68.84
2018-03-01,69.07
2018-04-01,69.13
2018-05-01,69.41
2018-06-01,69.7
2018-07-01,69.92
2018-08-01,70.14
2018-09-01,70.25
2018-10-01,70.61
2018-11-01,70.96
2018-12-01,71.07
2019-01-01,71.02
2019-02-01,71.22
2019-03-01,71.62
2019-04-01,71.23
2019-05-01,71.4
2019-06-01,71.62
2019-07-01,71.22
2019-08-01,71.0
2019-09-01,70.75
2019-10-01,70.72
2019-11-01,70.74
2019-12-01,70.99
2020-01-01,70.89
2020-02-01,70.73
2020-03-01,71.03
2020-04-01,71.46
2020-05-01,71.41
2020-06-01,71.21
2020-07-01,70.59
2020-08-01,70.19
2020-09-01,69.85
2020-10-01,69.55
2020-11-01,69.64
2020-12-01,69.65
2021-01-01,70.05
2021-02-01,70.48
2021-03-01,70.97
2021-04-01,71.08
2021-05-01,71.29
2021-06-01,71.3
2021-07-01,71.44
2021-08-01,71.16
2021-09-01,71.03
2021-10-01,71.24
2021-11-01,72.03
2021-12-01,74.16
2022-01-01,77.59
2022-02-01,79.42
2022-03-01,81.43
2022-04-01,84.49
2022-05-01,87.77
2022-06-01,89.75
2022-07-01,95.9
2022-08-01,105.4
2022-09-01,113.58
2022-10-01,121.58
2022-11-01,122.72
2022-12-01,120.01
2023-01-01,119.21
2023-02-01,117.79
2023-03-01,116.39
2023-04-01,114.28
2023-05-01,114.82
2023-06-01,113.83
2023-07-01,112.31
2023-08-01,110.64
2023-09-01,108.71
2023-10-01,107.24
2023-11-01,106.26
2023-12-01,105.57
2024-01-01,105.1
2024-02-01,104.13
2024-03-01,104.24
2024-04-01,103.74
2024-05-01,103.78
2024-06-01,103.0
2024-07-01,102.23
2024-08-01,101.09
2024-09-01,99.55
2024-10-01,98.44
2024-11-01,98.02
2024-12-01,98.47
2025-01-01,99.14
2025-02-01,99.77
2025-03-01,100.11
2025-04-01,99.91
2025-05-01,99.86
2025-06-01,99.51
2025-07-01,99.22
2025-08-01,98.99
2025-09-01,99.41
2025-10-01,100.4
2025-11-01,101.86
2025-12-01,102.41
2026-01-01,103.36
2026-02-01,105.06
2026-03-01,105.92
2026-04-01,106.44
2026-05-01,106.38
2026-06-01,106.43
2026-07-01,
2026-08-01,
