date,hicp_heat_energy
1996-01-01,29.72
1996-02-01,29.83
1996-03-01,29.93
1996-04-01,30.01
1996-05-01,30.11
1996-06-01,30.22
1996-07-01,30.25
1996-08-01,30.33
1996-09-01,30.44
1996-10-01,30.56
1996-11-01,30.69
1996-12-01,30.81
1997-01-01,30.95
1997-02-01,31.07
1997-03-01,31.18
1997-04-01,31.25
1997-05-01,31.27
1997-06-01,31.32
1997-07-01,31.39
1997-08-01,31.42
1997-09-01,31.47
1997-10-01,31.46
1997-11-01,31.41
1997-12-01,31.4
1998-01-01,31.7
1998-02-01,31.59
1998-03-01,31.56
1998-04-01,31.55
1998-05-01,31.56
1998-06-01,31.52
1998-07-01,31.47
1998-08-01,31.42
1998-09-01,31.29
1998-10-01,31.2
1998-11-01,31.04
1998-12-01,30.92
1999-01-01,30.74
1999-02-01,30.64
1999-03-01,30.6
1999-04-01,30.59
1999-05-01,30.63
1999-06-01,30.66
1999-07-01,30.71
1999-08-01,30.81
1999-09-01,30.93
1999-10-01,31.07
1999-11-01,31.25
1999-12-01,31.46
2000-01-01,31.74
2000-02-01,31.95
2000-03-01,32.21
2000-04-01,32.46
2000-05-01,32.69
2000-06-01,32.97
2000-07-01,33.18
2000-08-01,33.39
2000-09-01,33.64
2000-10-01,34.02
2000-11-01,34.39
2000-12-01,34.71
2001-01-01,35.01
2001-02-01,35.29
2001-03-01,35.52
2001-04-01,35.75
2001-05-01,35.98
2001-06-01,36.22
2001-07-01,36.32
2001-08-01,37.21
2001-09-01,37.3
2001-10-01,37.27
2001-11-01,37.25
2001-12-01,37.22
2002-01-01,37.12
2002-02-01,37.05
2002-03-01,37.0
2002-04-01,36.94
2002-05-01,36.86
2002-06-01,36.78
2002-07-01,36.62
2002-08-01,36.54
2002-09-01,36.43
2002-10-01,36.29
2002-11-01,36.28
2002-12-01,36.26
2003-01-01,36.31
2003-02-01,36.39
2003-03-01,36.41
2003-04-01,36.46
2003-05-01,36.53
2003-06-01,36.63
2003-07-01,36.73
2003-08-01,36.79
2003-09-01,36.8
2003-10-01,36.64
2003-11-01,36.65
2003-12-01,36.67
2004-01-01,36.46
2004-02-01,36.4
2004-03-01,36.45
2004-04-01,36.38
2004-05-01,36.68
2004-06-01,36.85
2004-07-01,37.03
2004-08-01,37.14
2004-09-01,37.36
2004-10-01,37.06
2004-11-01,37.09
2004-12-01,37.13
2005-01-01,37.22
2005-02-01,37.24
2005-03-01,37.32
2005-04-01,37.48
2005-05-01,38.27
2005-06-01,38.58
2005-07-01,39.06
2005-08-01,39.26
2005-09-01,39.61
2005-10-01,38.79
2005-11-01,38.92
2005-12-01,39.06
2006-01-01,39.46
2006-02-01,39.68
2006-03-01,39.88
2006-04-01,42.06
2006-05-01,41.6
2006-06-01,41.95
2006-07-01,41.92
2006-08-01,42.18
2006-09-01,42.47
2006-10-01,43.98
2006-11-01,44.27
2006-12-01,44.37
2007-01-01,44.5
2007-02-01,44.68
2007-03-01,44.87
2007-04-01,44.57
2007-05-01,44.14
2007-06-01,44.36
2007-07-01,44.54
2007-08-01,44.57
2007-09-01,44.7
2007-10-01,45.24
2007-11-01,45.18
2007-12-01,45.23
2008-01-01,45.21
2008-02-01,45.25
2008-03-01,45.35
2008-04-01,45.79
2008-05-01,45.64
2008-06-01,45.88
2008-07-01,46.85
2008-08-01,46.82
2008-09-01,47.25
2008-10-01,52.47
2008-11-01,52.81
2008-12-01,53.97
2009-01-01,53.08
2009-02-01,53.28
2009-03-01,53.37
2009-04-01,52.92
2009-05-01,52.72
2009-06-01,52.73
2009-07-01,52.34
2009-08-01,52.18
2009-09-01,52.11
2009-10-01,51.78
2009-11-01,51.71
2009-12-01,51.66
2010-01-01,50.92
2010-02-01,50.84
2010-03-01,51.03
2010-04-01,51.19
2010-05-01,50.84
2010-06-01,50.91
2010-07-01,51.12
2010-08-01,51.11
2010-09-01,51.0
2010-10-01,51.48
2010-11-01,51.58
2010-12-01,51.67
2011-01-01,52.53
2011-02-01,52.78
2011-03-01,52.98
2011-04-01,53.4
2011-05-01,54.1
2011-06-01,54.61
2011-07-01,55.09
2011-08-01,55.3
2011-09-01,55.92
2011-10-01,56.34
2011-11-01,56.51
2011-12-01,56.6
2012-01-01,57.88
2012-02-01,58.54
2012-03-01,58.8
2012-04-01,59.19
2012-05-01,59.81
2012-06-01,60.07
2012-07-01,60.26
2012-08-01,60.5
2012-09-01,60.57
2012-10-01,60.24
2012-11-01,60.74
2012-12-01,60.84
2013-01-01,61.01
2013-02-01,61.2
2013-03-01,61.84
2013-04-01,62.02
2013-05-01,61.49
2013-06-01,61.54
2013-07-01,61.47
2013-08-01,61.6
2013-09-01,61.56
2013-10-01,61.8
2013-11-01,61.79
2013-12-01,61.84
2014-01-01,61.97
2014-02-01,62.08
2014-03-01,62.07
2014-04-01,62.07
2014-05-01,61.34
2014-06-01,61.45
2014-07-01,61.86
2014-08-01,61.84
2014-09-01,62.17
2014-10-01,62.84
2014-11-01,63.01
2014-12-01,62.99
2015-01-01,62.9
2015-02-01,62.89
2015-03-01,62.97
2015-04-01,62.62
2015-05-01,61.88
2015-06-01,61.59
2015-07-01,61.35
2015-08-01,61.17
2015-09-01,61.15
2015-10-01,61.35
2015-11-01,61.57
2015-12-01,61.68
2016-01-01,61.54
2016-02-01,61.56
2016-03-01,61.3
2016-04-01,60.69
2016-05-01,62.36
2016-06-01,62.03
2016-07-01,61.77
2016-08-01,61.78
2016-09-01,62.12
2016-10-01,59.64
2016-11-01,60.19
2016-12-01,60.26
2017-01-01,59.67
2017-02-01,60.13
2017-03-01,60.64
2017-04-01,60.76
2017-05-01,61.31
2017-06-01,61.38
2017-07-01,61.5
2017-08-01,61.34
2017-09-01,61.49
2017-10-01,60.12
2017-11-01,60.85
2017-12-01,60.83
2018-01-01,61.08
2018-02-01,61.34
2018-03-01,61.4
2018-04-01,61.4
2018-05-01,61.72
2018-06-01,61.71
2018-07-01,62.03
2018-08-01,62.19
2018-09-01,62.78
2018-10-01,62.78
2018-11-01,63.05
2018-12-01,63.52
2019-01-01,64.25
2019-02-01,64.38
2019-03-01,64.42
2019-04-01,64.59
2019-05-01,64.74
2019-06-01,64.7
2019-07-01,64.85
2019-08-01,65.01
2019-09-01,64.84
2019-10-01,64.68
2019-11-01,64.78
2019-12-01,64.6
2020-01-01,64.02
2020-02-01,64.02
2020-03-01,63.9
2020-04-01,63.47
2020-05-01,63.28
2020-06-01,63.21
2020-07-01,62.49
2020-08-01,62.42
2020-09-01,62.3
2020-10-01,62.13
2020-11-01,62.31
2020-12-01,62.3
2021-01-01,61.85
2021-02-01,62.19
2021-03-01,62.74
2021-04-01,62.92
2021-05-01,62.83
2021-06-01,63.39
2021-07-01,64.48
2021-08-01,65.17
2021-09-01,65.65
2021-10-01,67.76
2021-11-01,69.78
2021-12-01,72.16
2022-01-01,75.05
2022-02-01,76.8
2022-03-01,77.81
2022-04-01,79.88
2022-05-01,82.48
2022-06-01,84.14
2022-07-01,86.02
2022-08-01,87.61
2022-09-01,91.58
2022-10-01,94.6
2022-11-01,95.74
2022-12-01,77.58
2023-01-01,91.72
2023-02-01,90.33
2023-03-01,91.42
2023-04-01,91.3
2023-05-01,91.9
2023-06-01,91.99
2023-07-01,90.77
2023-08-01,90.93
2023-09-01,91.01
2023-10-01,90.46
2023-11-01,91.06
2023-12-01,91.18
2024-01-01,94.39
2024-02-01,94.96
2024-03-01,95.25
2024-04-01,97.62
2024-05-01,97.66
2024-06-01,98.1
2024-07-01,99.66
2024-08-01,100.04
2024-09-01,100.14
2024-10-01,100.69
2024-11-01,100.64
2024-12-01,101.15
2025-01-01,99.36
2025-02-01,99.85
2025-03-01,99.92
2025-04-01,99.19
2025-05-01,98.95
2025-06-01,98.97
2025-07-01,99.61
2025-08-01,99.98
2025-09-01,100.03
2025-10-01,101.02
2025-11-01,101.52
2025-12-01,101.52
2026-01-01,101.97
2026-02-01,102.14
2026-03-01,102.65
2026-04-01,102.12
2026-05-01,103.05
2026-06-01,104.17
2026-07-01,
2026-08-01,
